INFO:     Started server process [25711]
INFO:     Waiting for application startup.
INFO:     Application startup complete.
INFO:     Uvicorn running on http://0.0.0.0:8001 (Press CTRL+C to quit)
2026-05-12 14:15:12,738 INFO sqlalchemy.engine.Engine SELECT DATABASE()
INFO:sqlalchemy.engine.Engine:SELECT DATABASE()
2026-05-12 14:15:12,740 INFO sqlalchemy.engine.Engine [raw sql] {}
INFO:sqlalchemy.engine.Engine:[raw sql] {}
2026-05-12 14:15:12,744 INFO sqlalchemy.engine.Engine SELECT @@sql_mode
INFO:sqlalchemy.engine.Engine:SELECT @@sql_mode
2026-05-12 14:15:12,745 INFO sqlalchemy.engine.Engine [raw sql] {}
INFO:sqlalchemy.engine.Engine:[raw sql] {}
2026-05-12 14:15:12,745 INFO sqlalchemy.engine.Engine SELECT @@lower_case_table_names
INFO:sqlalchemy.engine.Engine:SELECT @@lower_case_table_names
2026-05-12 14:15:12,746 INFO sqlalchemy.engine.Engine [raw sql] {}
INFO:sqlalchemy.engine.Engine:[raw sql] {}
2026-05-12 14:15:12,748 INFO sqlalchemy.engine.Engine BEGIN (implicit)
INFO:sqlalchemy.engine.Engine:BEGIN (implicit)
2026-05-12 14:15:12,748 INFO sqlalchemy.engine.Engine SELECT * FROM students ORDER BY name
INFO:sqlalchemy.engine.Engine:SELECT * FROM students ORDER BY name
2026-05-12 14:15:12,749 INFO sqlalchemy.engine.Engine [generated in 0.00044s] {}
INFO:sqlalchemy.engine.Engine:[generated in 0.00044s] {}
2026-05-12 14:15:12,783 INFO sqlalchemy.engine.Engine ROLLBACK
INFO:sqlalchemy.engine.Engine:ROLLBACK
INFO:     127.0.0.1:40604 - "GET /api/students HTTP/1.1" 200 OK
INFO:     127.0.0.1:40604 - "OPTIONS /api/login HTTP/1.1" 200 OK
2026-05-12 14:15:15,840 INFO sqlalchemy.engine.Engine BEGIN (implicit)
INFO:sqlalchemy.engine.Engine:BEGIN (implicit)
2026-05-12 14:15:15,840 INFO sqlalchemy.engine.Engine 
                SELECT user_id, username, password_hash, email, role, is_active, last_login
                FROM users WHERE username = %(username)s
                
INFO:sqlalchemy.engine.Engine:
                SELECT user_id, username, password_hash, email, role, is_active, last_login
                FROM users WHERE username = %(username)s
                
2026-05-12 14:15:15,841 INFO sqlalchemy.engine.Engine [generated in 0.00038s] {'username': '123'}
INFO:sqlalchemy.engine.Engine:[generated in 0.00038s] {'username': '123'}
2026-05-12 14:15:15,847 INFO sqlalchemy.engine.Engine UPDATE users SET last_login = CURRENT_TIMESTAMP WHERE user_id = %(user_id)s
INFO:sqlalchemy.engine.Engine:UPDATE users SET last_login = CURRENT_TIMESTAMP WHERE user_id = %(user_id)s
2026-05-12 14:15:15,848 INFO sqlalchemy.engine.Engine [generated in 0.00022s] {'user_id': 2}
INFO:sqlalchemy.engine.Engine:[generated in 0.00022s] {'user_id': 2}
2026-05-12 14:15:15,853 INFO sqlalchemy.engine.Engine COMMIT
INFO:sqlalchemy.engine.Engine:COMMIT
INFO:     127.0.0.1:40604 - "POST /api/login HTTP/1.1" 200 OK
2026-05-12 14:15:15,926 INFO sqlalchemy.engine.Engine BEGIN (implicit)
INFO:sqlalchemy.engine.Engine:BEGIN (implicit)
2026-05-12 14:15:15,927 INFO sqlalchemy.engine.Engine SELECT * FROM exams ORDER BY created_at DESC
INFO:sqlalchemy.engine.Engine:SELECT * FROM exams ORDER BY created_at DESC
2026-05-12 14:15:15,928 INFO sqlalchemy.engine.Engine [generated in 0.00205s] {}
INFO:sqlalchemy.engine.Engine:[generated in 0.00205s] {}
2026-05-12 14:15:15,936 INFO sqlalchemy.engine.Engine SELECT COUNT(*) FROM exam_students WHERE exam_id = %(exam_id)s
INFO:sqlalchemy.engine.Engine:SELECT COUNT(*) FROM exam_students WHERE exam_id = %(exam_id)s
2026-05-12 14:15:15,936 INFO sqlalchemy.engine.Engine [generated in 0.00035s] {'exam_id': 66}
INFO:sqlalchemy.engine.Engine:[generated in 0.00035s] {'exam_id': 66}
2026-05-12 14:15:15,945 INFO sqlalchemy.engine.Engine SELECT COUNT(*) FROM exam_students WHERE exam_id = %(exam_id)s
INFO:sqlalchemy.engine.Engine:SELECT COUNT(*) FROM exam_students WHERE exam_id = %(exam_id)s
2026-05-12 14:15:15,945 INFO sqlalchemy.engine.Engine [cached since 0.008928s ago] {'exam_id': 60}
INFO:sqlalchemy.engine.Engine:[cached since 0.008928s ago] {'exam_id': 60}
2026-05-12 14:15:15,946 INFO sqlalchemy.engine.Engine SELECT COUNT(*) FROM exam_students WHERE exam_id = %(exam_id)s
INFO:sqlalchemy.engine.Engine:SELECT COUNT(*) FROM exam_students WHERE exam_id = %(exam_id)s
2026-05-12 14:15:15,946 INFO sqlalchemy.engine.Engine [cached since 0.01028s ago] {'exam_id': 17}
INFO:sqlalchemy.engine.Engine:[cached since 0.01028s ago] {'exam_id': 17}
2026-05-12 14:15:15,947 INFO sqlalchemy.engine.Engine SELECT COUNT(*) FROM exam_students WHERE exam_id = %(exam_id)s
INFO:sqlalchemy.engine.Engine:SELECT COUNT(*) FROM exam_students WHERE exam_id = %(exam_id)s
2026-05-12 14:15:15,948 INFO sqlalchemy.engine.Engine [cached since 0.01156s ago] {'exam_id': 16}
INFO:sqlalchemy.engine.Engine:[cached since 0.01156s ago] {'exam_id': 16}
2026-05-12 14:15:15,948 INFO sqlalchemy.engine.Engine SELECT COUNT(*) FROM exam_students WHERE exam_id = %(exam_id)s
INFO:sqlalchemy.engine.Engine:SELECT COUNT(*) FROM exam_students WHERE exam_id = %(exam_id)s
2026-05-12 14:15:15,949 INFO sqlalchemy.engine.Engine [cached since 0.01257s ago] {'exam_id': 5}
INFO:sqlalchemy.engine.Engine:[cached since 0.01257s ago] {'exam_id': 5}
2026-05-12 14:15:15,949 INFO sqlalchemy.engine.Engine SELECT COUNT(*) FROM exam_students WHERE exam_id = %(exam_id)s
INFO:sqlalchemy.engine.Engine:SELECT COUNT(*) FROM exam_students WHERE exam_id = %(exam_id)s
2026-05-12 14:15:15,950 INFO sqlalchemy.engine.Engine [cached since 0.01356s ago] {'exam_id': 2}
INFO:sqlalchemy.engine.Engine:[cached since 0.01356s ago] {'exam_id': 2}
2026-05-12 14:15:15,950 INFO sqlalchemy.engine.Engine ROLLBACK
INFO:sqlalchemy.engine.Engine:ROLLBACK
INFO:     127.0.0.1:40604 - "GET /api/exams HTTP/1.1" 200 OK
2026-05-12 14:15:16,947 INFO sqlalchemy.engine.Engine BEGIN (implicit)
INFO:sqlalchemy.engine.Engine:BEGIN (implicit)
2026-05-12 14:15:16,947 INFO sqlalchemy.engine.Engine SELECT * FROM exams ORDER BY created_at DESC
INFO:sqlalchemy.engine.Engine:SELECT * FROM exams ORDER BY created_at DESC
2026-05-12 14:15:16,947 INFO sqlalchemy.engine.Engine [cached since 1.022s ago] {}
INFO:sqlalchemy.engine.Engine:[cached since 1.022s ago] {}
2026-05-12 14:15:16,950 INFO sqlalchemy.engine.Engine SELECT COUNT(*) FROM exam_students WHERE exam_id = %(exam_id)s
INFO:sqlalchemy.engine.Engine:SELECT COUNT(*) FROM exam_students WHERE exam_id = %(exam_id)s
2026-05-12 14:15:16,950 INFO sqlalchemy.engine.Engine [cached since 1.015s ago] {'exam_id': 66}
INFO:sqlalchemy.engine.Engine:[cached since 1.015s ago] {'exam_id': 66}
2026-05-12 14:15:16,952 INFO sqlalchemy.engine.Engine SELECT COUNT(*) FROM exam_students WHERE exam_id = %(exam_id)s
INFO:sqlalchemy.engine.Engine:SELECT COUNT(*) FROM exam_students WHERE exam_id = %(exam_id)s
2026-05-12 14:15:16,952 INFO sqlalchemy.engine.Engine [cached since 1.016s ago] {'exam_id': 60}
INFO:sqlalchemy.engine.Engine:[cached since 1.016s ago] {'exam_id': 60}
2026-05-12 14:15:16,957 INFO sqlalchemy.engine.Engine SELECT COUNT(*) FROM exam_students WHERE exam_id = %(exam_id)s
INFO:sqlalchemy.engine.Engine:SELECT COUNT(*) FROM exam_students WHERE exam_id = %(exam_id)s
2026-05-12 14:15:16,957 INFO sqlalchemy.engine.Engine [cached since 1.021s ago] {'exam_id': 17}
INFO:sqlalchemy.engine.Engine:[cached since 1.021s ago] {'exam_id': 17}
2026-05-12 14:15:16,959 INFO sqlalchemy.engine.Engine SELECT COUNT(*) FROM exam_students WHERE exam_id = %(exam_id)s
INFO:sqlalchemy.engine.Engine:SELECT COUNT(*) FROM exam_students WHERE exam_id = %(exam_id)s
2026-05-12 14:15:16,959 INFO sqlalchemy.engine.Engine [cached since 1.023s ago] {'exam_id': 16}
INFO:sqlalchemy.engine.Engine:[cached since 1.023s ago] {'exam_id': 16}
2026-05-12 14:15:16,961 INFO sqlalchemy.engine.Engine SELECT COUNT(*) FROM exam_students WHERE exam_id = %(exam_id)s
INFO:sqlalchemy.engine.Engine:SELECT COUNT(*) FROM exam_students WHERE exam_id = %(exam_id)s
2026-05-12 14:15:16,962 INFO sqlalchemy.engine.Engine [cached since 1.026s ago] {'exam_id': 5}
INFO:sqlalchemy.engine.Engine:[cached since 1.026s ago] {'exam_id': 5}
2026-05-12 14:15:16,963 INFO sqlalchemy.engine.Engine SELECT COUNT(*) FROM exam_students WHERE exam_id = %(exam_id)s
INFO:sqlalchemy.engine.Engine:SELECT COUNT(*) FROM exam_students WHERE exam_id = %(exam_id)s
2026-05-12 14:15:16,964 INFO sqlalchemy.engine.Engine [cached since 1.028s ago] {'exam_id': 2}
INFO:sqlalchemy.engine.Engine:[cached since 1.028s ago] {'exam_id': 2}
2026-05-12 14:15:16,965 INFO sqlalchemy.engine.Engine BEGIN (implicit)
INFO:sqlalchemy.engine.Engine:BEGIN (implicit)
2026-05-12 14:15:16,968 INFO sqlalchemy.engine.Engine ROLLBACK
INFO:sqlalchemy.engine.Engine:ROLLBACK
2026-05-12 14:15:16,968 INFO sqlalchemy.engine.Engine SELECT exam_id, exam_name, total_score, total_questions FROM exams WHERE exam_id = %(exam_id)s
INFO:sqlalchemy.engine.Engine:SELECT exam_id, exam_name, total_score, total_questions FROM exams WHERE exam_id = %(exam_id)s
2026-05-12 14:15:16,969 INFO sqlalchemy.engine.Engine [generated in 0.00417s] {'exam_id': 60}
INFO:sqlalchemy.engine.Engine:[generated in 0.00417s] {'exam_id': 60}
INFO:     127.0.0.1:40604 - "GET /api/exams HTTP/1.1" 200 OK
2026-05-12 14:15:16,972 INFO sqlalchemy.engine.Engine 
                        SELECT COALESCE(SUM(q.score), 0) 
                        FROM questions q 
                        INNER JOIN exam_questions eq ON q.id = eq.question_id 
                        WHERE eq.exam_id = %(exam_id)s
                    
INFO:sqlalchemy.engine.Engine:
                        SELECT COALESCE(SUM(q.score), 0) 
                        FROM questions q 
                        INNER JOIN exam_questions eq ON q.id = eq.question_id 
                        WHERE eq.exam_id = %(exam_id)s
                    
2026-05-12 14:15:16,973 INFO sqlalchemy.engine.Engine [generated in 0.00030s] {'exam_id': 60}
INFO:sqlalchemy.engine.Engine:[generated in 0.00030s] {'exam_id': 60}
2026-05-12 14:15:16,975 INFO sqlalchemy.engine.Engine BEGIN (implicit)
INFO:sqlalchemy.engine.Engine:BEGIN (implicit)
2026-05-12 14:15:16,975 INFO sqlalchemy.engine.Engine SELECT COUNT(*) FROM exam_students WHERE exam_id = %(exam_id)s
INFO:sqlalchemy.engine.Engine:SELECT COUNT(*) FROM exam_students WHERE exam_id = %(exam_id)s
2026-05-12 14:15:16,976 INFO sqlalchemy.engine.Engine [cached since 1.04s ago] {'exam_id': 60}
INFO:sqlalchemy.engine.Engine:[cached since 1.04s ago] {'exam_id': 60}
2026-05-12 14:15:16,978 INFO sqlalchemy.engine.Engine SELECT COUNT(DISTINCT student_id) FROM student_scores WHERE exam_id = %(exam_id)s
INFO:sqlalchemy.engine.Engine:SELECT COUNT(DISTINCT student_id) FROM student_scores WHERE exam_id = %(exam_id)s
2026-05-12 14:15:16,978 INFO sqlalchemy.engine.Engine [generated in 0.00060s] {'exam_id': 60}
INFO:sqlalchemy.engine.Engine:[generated in 0.00060s] {'exam_id': 60}
2026-05-12 14:15:16,986 INFO sqlalchemy.engine.Engine ROLLBACK
INFO:sqlalchemy.engine.Engine:ROLLBACK
2026-05-12 14:15:16,988 INFO sqlalchemy.engine.Engine 
                SELECT s.student_id, s.name, s.student_number, s.class
                FROM students s
                INNER JOIN exam_students es ON s.student_id = es.student_id
                WHERE es.exam_id = %(exam_id)s
                ORDER BY es.sort_order ASC, s.student_number ASC
                
INFO:sqlalchemy.engine.Engine:
                SELECT s.student_id, s.name, s.student_number, s.class
                FROM students s
                INNER JOIN exam_students es ON s.student_id = es.student_id
                WHERE es.exam_id = %(exam_id)s
                ORDER BY es.sort_order ASC, s.student_number ASC
                
2026-05-12 14:15:16,988 INFO sqlalchemy.engine.Engine [generated in 0.00065s] {'exam_id': 60}
INFO:sqlalchemy.engine.Engine:[generated in 0.00065s] {'exam_id': 60}
INFO:     127.0.0.1:40624 - "GET /api/exams/60/grading-progress HTTP/1.1" 200 OK
2026-05-12 14:15:16,992 INFO sqlalchemy.engine.Engine 
                SELECT q.id, q.content, q.score as max_score, eq.question_order
                FROM questions q
                INNER JOIN exam_questions eq ON q.id = eq.question_id
                WHERE eq.exam_id = %(exam_id)s
                ORDER BY eq.question_order
                
INFO:sqlalchemy.engine.Engine:
                SELECT q.id, q.content, q.score as max_score, eq.question_order
                FROM questions q
                INNER JOIN exam_questions eq ON q.id = eq.question_id
                WHERE eq.exam_id = %(exam_id)s
                ORDER BY eq.question_order
                
2026-05-12 14:15:16,992 INFO sqlalchemy.engine.Engine [generated in 0.00058s] {'exam_id': 60}
INFO:sqlalchemy.engine.Engine:[generated in 0.00058s] {'exam_id': 60}
2026-05-12 14:15:16,994 INFO sqlalchemy.engine.Engine 
                SELECT DISTINCT student_id, question_id, score, student_answer, updated_at
                FROM student_scores
                WHERE exam_id = %(exam_id)s
                
INFO:sqlalchemy.engine.Engine:
                SELECT DISTINCT student_id, question_id, score, student_answer, updated_at
                FROM student_scores
                WHERE exam_id = %(exam_id)s
                
2026-05-12 14:15:16,994 INFO sqlalchemy.engine.Engine [generated in 0.00026s] {'exam_id': 60}
INFO:sqlalchemy.engine.Engine:[generated in 0.00026s] {'exam_id': 60}
2026-05-12 14:15:17,015 INFO sqlalchemy.engine.Engine ROLLBACK
INFO:sqlalchemy.engine.Engine:ROLLBACK
INFO:     127.0.0.1:40620 - "GET /api/exams/60/scores HTTP/1.1" 200 OK
2026-05-12 14:15:17,080 INFO sqlalchemy.engine.Engine BEGIN (implicit)
INFO:sqlalchemy.engine.Engine:BEGIN (implicit)
2026-05-12 14:15:17,082 INFO sqlalchemy.engine.Engine BEGIN (implicit)
INFO:sqlalchemy.engine.Engine:BEGIN (implicit)
2026-05-12 14:15:17,082 INFO sqlalchemy.engine.Engine SELECT exam_id FROM exams WHERE exam_id = %(exam_id)s
2026-05-12 14:15:17,082 INFO sqlalchemy.engine.Engine 
                SELECT q.*, eq.question_order 
                FROM questions q
                JOIN exam_questions eq ON q.id = eq.question_id
                WHERE eq.exam_id = %(exam_id)s 
                ORDER BY eq.question_order
                
INFO:sqlalchemy.engine.Engine:SELECT exam_id FROM exams WHERE exam_id = %(exam_id)s
INFO:sqlalchemy.engine.Engine:
                SELECT q.*, eq.question_order 
                FROM questions q
                JOIN exam_questions eq ON q.id = eq.question_id
                WHERE eq.exam_id = %(exam_id)s 
                ORDER BY eq.question_order
                
2026-05-12 14:15:17,082 INFO sqlalchemy.engine.Engine [generated in 0.00260s] {'exam_id': 60}
2026-05-12 14:15:17,083 INFO sqlalchemy.engine.Engine [generated in 0.00136s] {'exam_id': 60}
INFO:sqlalchemy.engine.Engine:[generated in 0.00260s] {'exam_id': 60}
INFO:sqlalchemy.engine.Engine:[generated in 0.00136s] {'exam_id': 60}
2026-05-12 14:15:17,084 INFO sqlalchemy.engine.Engine 
                SELECT s.student_id, s.name, s.student_number, s.class as class_name, s.contact_info, s.created_at, s.updated_at, es.sort_order
                FROM students s
                INNER JOIN exam_students es ON s.student_id = es.student_id
                WHERE es.exam_id = %(exam_id)s
                ORDER BY es.sort_order ASC, s.student_number ASC
                
INFO:sqlalchemy.engine.Engine:
                SELECT s.student_id, s.name, s.student_number, s.class as class_name, s.contact_info, s.created_at, s.updated_at, es.sort_order
                FROM students s
                INNER JOIN exam_students es ON s.student_id = es.student_id
                WHERE es.exam_id = %(exam_id)s
                ORDER BY es.sort_order ASC, s.student_number ASC
                
2026-05-12 14:15:17,087 INFO sqlalchemy.engine.Engine [generated in 0.00281s] {'exam_id': 60}
INFO:sqlalchemy.engine.Engine:[generated in 0.00281s] {'exam_id': 60}
2026-05-12 14:15:17,093 INFO sqlalchemy.engine.Engine ROLLBACK
INFO:sqlalchemy.engine.Engine:ROLLBACK
INFO:     127.0.0.1:40604 - "GET /api/exams/60/questions HTTP/1.1" 200 OK
2026-05-12 14:15:17,102 INFO sqlalchemy.engine.Engine BEGIN (implicit)
INFO:sqlalchemy.engine.Engine:BEGIN (implicit)
2026-05-12 14:15:17,102 INFO sqlalchemy.engine.Engine SELECT exam_id FROM exams WHERE exam_id = %(exam_id)s
INFO:sqlalchemy.engine.Engine:SELECT exam_id FROM exams WHERE exam_id = %(exam_id)s
2026-05-12 14:15:17,103 INFO sqlalchemy.engine.Engine [cached since 0.02282s ago] {'exam_id': 60}
INFO:sqlalchemy.engine.Engine:[cached since 0.02282s ago] {'exam_id': 60}
2026-05-12 14:15:17,103 INFO sqlalchemy.engine.Engine BEGIN (implicit)
2026-05-12 14:15:17,105 INFO sqlalchemy.engine.Engine ROLLBACK
INFO:sqlalchemy.engine.Engine:BEGIN (implicit)
2026-05-12 14:15:17,105 INFO sqlalchemy.engine.Engine SELECT exam_id, exam_name, total_score, total_questions FROM exams WHERE exam_id = %(exam_id)s
INFO:sqlalchemy.engine.Engine:ROLLBACK
INFO:sqlalchemy.engine.Engine:SELECT exam_id, exam_name, total_score, total_questions FROM exams WHERE exam_id = %(exam_id)s
2026-05-12 14:15:17,106 INFO sqlalchemy.engine.Engine [cached since 0.1411s ago] {'exam_id': 60}
INFO:sqlalchemy.engine.Engine:[cached since 0.1411s ago] {'exam_id': 60}
2026-05-12 14:15:17,107 INFO sqlalchemy.engine.Engine 
                SELECT s.student_id, s.name, s.student_number, s.class as class_name, s.contact_info, s.created_at, s.updated_at, es.sort_order
                FROM students s
                INNER JOIN exam_students es ON s.student_id = es.student_id
                WHERE es.exam_id = %(exam_id)s
                ORDER BY es.sort_order ASC, s.student_number ASC
                
INFO:sqlalchemy.engine.Engine:
                SELECT s.student_id, s.name, s.student_number, s.class as class_name, s.contact_info, s.created_at, s.updated_at, es.sort_order
                FROM students s
                INNER JOIN exam_students es ON s.student_id = es.student_id
                WHERE es.exam_id = %(exam_id)s
                ORDER BY es.sort_order ASC, s.student_number ASC
                
2026-05-12 14:15:17,107 INFO sqlalchemy.engine.Engine [cached since 0.02307s ago] {'exam_id': 60}
INFO:sqlalchemy.engine.Engine:[cached since 0.02307s ago] {'exam_id': 60}
INFO:     127.0.0.1:40620 - "GET /api/exams/60/students HTTP/1.1" 200 OK
2026-05-12 14:15:17,110 INFO sqlalchemy.engine.Engine 
                        SELECT COALESCE(SUM(q.score), 0) 
                        FROM questions q 
                        INNER JOIN exam_questions eq ON q.id = eq.question_id 
                        WHERE eq.exam_id = %(exam_id)s
                    
INFO:sqlalchemy.engine.Engine:
                        SELECT COALESCE(SUM(q.score), 0) 
                        FROM questions q 
                        INNER JOIN exam_questions eq ON q.id = eq.question_id 
                        WHERE eq.exam_id = %(exam_id)s
                    
2026-05-12 14:15:17,110 INFO sqlalchemy.engine.Engine [cached since 0.138s ago] {'exam_id': 60}
INFO:sqlalchemy.engine.Engine:[cached since 0.138s ago] {'exam_id': 60}
2026-05-12 14:15:17,112 INFO sqlalchemy.engine.Engine 
                SELECT s.student_id, s.name, s.student_number, s.class
                FROM students s
                INNER JOIN exam_students es ON s.student_id = es.student_id
                WHERE es.exam_id = %(exam_id)s
                ORDER BY es.sort_order ASC, s.student_number ASC
                
INFO:sqlalchemy.engine.Engine:
                SELECT s.student_id, s.name, s.student_number, s.class
                FROM students s
                INNER JOIN exam_students es ON s.student_id = es.student_id
                WHERE es.exam_id = %(exam_id)s
                ORDER BY es.sort_order ASC, s.student_number ASC
                
2026-05-12 14:15:17,114 INFO sqlalchemy.engine.Engine BEGIN (implicit)
INFO:sqlalchemy.engine.Engine:BEGIN (implicit)
2026-05-12 14:15:17,114 INFO sqlalchemy.engine.Engine [cached since 0.1269s ago] {'exam_id': 60}
INFO:sqlalchemy.engine.Engine:[cached since 0.1269s ago] {'exam_id': 60}
2026-05-12 14:15:17,116 INFO sqlalchemy.engine.Engine SELECT exam_id FROM exams WHERE exam_id = %(exam_id)s
INFO:sqlalchemy.engine.Engine:SELECT exam_id FROM exams WHERE exam_id = %(exam_id)s
2026-05-12 14:15:17,118 INFO sqlalchemy.engine.Engine [cached since 0.03841s ago] {'exam_id': 60}
INFO:sqlalchemy.engine.Engine:[cached since 0.03841s ago] {'exam_id': 60}
2026-05-12 14:15:17,120 INFO sqlalchemy.engine.Engine 
                SELECT s.student_id, s.name, s.student_number, s.class as class_name, s.contact_info, s.created_at, s.updated_at, es.sort_order
                FROM students s
                INNER JOIN exam_students es ON s.student_id = es.student_id
                WHERE es.exam_id = %(exam_id)s
                ORDER BY es.sort_order ASC, s.student_number ASC
                
INFO:sqlalchemy.engine.Engine:
                SELECT s.student_id, s.name, s.student_number, s.class as class_name, s.contact_info, s.created_at, s.updated_at, es.sort_order
                FROM students s
                INNER JOIN exam_students es ON s.student_id = es.student_id
                WHERE es.exam_id = %(exam_id)s
                ORDER BY es.sort_order ASC, s.student_number ASC
                
2026-05-12 14:15:17,120 INFO sqlalchemy.engine.Engine [cached since 0.03618s ago] {'exam_id': 60}
INFO:sqlalchemy.engine.Engine:[cached since 0.03618s ago] {'exam_id': 60}
2026-05-12 14:15:17,123 INFO sqlalchemy.engine.Engine ROLLBACK
INFO:sqlalchemy.engine.Engine:ROLLBACK
INFO:     127.0.0.1:40632 - "GET /api/exams/60/students HTTP/1.1" 200 OK
2026-05-12 14:15:17,134 INFO sqlalchemy.engine.Engine ROLLBACK
INFO:sqlalchemy.engine.Engine:ROLLBACK
2026-05-12 14:15:17,135 INFO sqlalchemy.engine.Engine 
                SELECT q.id, q.content, q.score as max_score, eq.question_order
                FROM questions q
                INNER JOIN exam_questions eq ON q.id = eq.question_id
                WHERE eq.exam_id = %(exam_id)s
                ORDER BY eq.question_order
                
INFO:sqlalchemy.engine.Engine:
                SELECT q.id, q.content, q.score as max_score, eq.question_order
                FROM questions q
                INNER JOIN exam_questions eq ON q.id = eq.question_id
                WHERE eq.exam_id = %(exam_id)s
                ORDER BY eq.question_order
                
2026-05-12 14:15:17,136 INFO sqlalchemy.engine.Engine [cached since 0.1438s ago] {'exam_id': 60}
INFO:sqlalchemy.engine.Engine:[cached since 0.1438s ago] {'exam_id': 60}
INFO:     127.0.0.1:40604 - "GET /api/exams/60/students HTTP/1.1" 200 OK
2026-05-12 14:15:17,139 INFO sqlalchemy.engine.Engine 
                SELECT DISTINCT student_id, question_id, score, student_answer, updated_at
                FROM student_scores
                WHERE exam_id = %(exam_id)s
                
INFO:sqlalchemy.engine.Engine:
                SELECT DISTINCT student_id, question_id, score, student_answer, updated_at
                FROM student_scores
                WHERE exam_id = %(exam_id)s
                
2026-05-12 14:15:17,139 INFO sqlalchemy.engine.Engine [cached since 0.1449s ago] {'exam_id': 60}
INFO:sqlalchemy.engine.Engine:[cached since 0.1449s ago] {'exam_id': 60}
2026-05-12 14:15:17,153 INFO sqlalchemy.engine.Engine ROLLBACK
INFO:sqlalchemy.engine.Engine:ROLLBACK
INFO:     127.0.0.1:40636 - "GET /api/exams/60/scores HTTP/1.1" 200 OK
2026-05-12 14:15:17,182 INFO sqlalchemy.engine.Engine BEGIN (implicit)
INFO:sqlalchemy.engine.Engine:BEGIN (implicit)
2026-05-12 14:15:17,182 INFO sqlalchemy.engine.Engine SELECT exam_id, exam_name, total_score, total_questions FROM exams WHERE exam_id = %(exam_id)s
INFO:sqlalchemy.engine.Engine:SELECT exam_id, exam_name, total_score, total_questions FROM exams WHERE exam_id = %(exam_id)s
2026-05-12 14:15:17,182 INFO sqlalchemy.engine.Engine [cached since 0.2174s ago] {'exam_id': 60}
INFO:sqlalchemy.engine.Engine:[cached since 0.2174s ago] {'exam_id': 60}
2026-05-12 14:15:17,183 INFO sqlalchemy.engine.Engine 
                        SELECT COALESCE(SUM(q.score), 0) 
                        FROM questions q 
                        INNER JOIN exam_questions eq ON q.id = eq.question_id 
                        WHERE eq.exam_id = %(exam_id)s
                    
INFO:sqlalchemy.engine.Engine:
                        SELECT COALESCE(SUM(q.score), 0) 
                        FROM questions q 
                        INNER JOIN exam_questions eq ON q.id = eq.question_id 
                        WHERE eq.exam_id = %(exam_id)s
                    
2026-05-12 14:15:17,183 INFO sqlalchemy.engine.Engine [cached since 0.211s ago] {'exam_id': 60}
INFO:sqlalchemy.engine.Engine:[cached since 0.211s ago] {'exam_id': 60}
2026-05-12 14:15:17,184 INFO sqlalchemy.engine.Engine 
                SELECT s.student_id, s.name, s.student_number, s.class
                FROM students s
                INNER JOIN exam_students es ON s.student_id = es.student_id
                WHERE es.exam_id = %(exam_id)s
                ORDER BY es.sort_order ASC, s.student_number ASC
                
INFO:sqlalchemy.engine.Engine:
                SELECT s.student_id, s.name, s.student_number, s.class
                FROM students s
                INNER JOIN exam_students es ON s.student_id = es.student_id
                WHERE es.exam_id = %(exam_id)s
                ORDER BY es.sort_order ASC, s.student_number ASC
                
2026-05-12 14:15:17,185 INFO sqlalchemy.engine.Engine [cached since 0.1971s ago] {'exam_id': 60}
INFO:sqlalchemy.engine.Engine:[cached since 0.1971s ago] {'exam_id': 60}
2026-05-12 14:15:17,186 INFO sqlalchemy.engine.Engine 
                SELECT q.id, q.content, q.score as max_score, eq.question_order
                FROM questions q
                INNER JOIN exam_questions eq ON q.id = eq.question_id
                WHERE eq.exam_id = %(exam_id)s
                ORDER BY eq.question_order
                
INFO:sqlalchemy.engine.Engine:
                SELECT q.id, q.content, q.score as max_score, eq.question_order
                FROM questions q
                INNER JOIN exam_questions eq ON q.id = eq.question_id
                WHERE eq.exam_id = %(exam_id)s
                ORDER BY eq.question_order
                
2026-05-12 14:15:17,187 INFO sqlalchemy.engine.Engine [cached since 0.1948s ago] {'exam_id': 60}
INFO:sqlalchemy.engine.Engine:[cached since 0.1948s ago] {'exam_id': 60}
2026-05-12 14:15:17,188 INFO sqlalchemy.engine.Engine 
                SELECT DISTINCT student_id, question_id, score, student_answer, updated_at
                FROM student_scores
                WHERE exam_id = %(exam_id)s
                
INFO:sqlalchemy.engine.Engine:
                SELECT DISTINCT student_id, question_id, score, student_answer, updated_at
                FROM student_scores
                WHERE exam_id = %(exam_id)s
                
2026-05-12 14:15:17,188 INFO sqlalchemy.engine.Engine [cached since 0.1937s ago] {'exam_id': 60}
INFO:sqlalchemy.engine.Engine:[cached since 0.1937s ago] {'exam_id': 60}
2026-05-12 14:15:17,201 INFO sqlalchemy.engine.Engine ROLLBACK
INFO:sqlalchemy.engine.Engine:ROLLBACK
INFO:     127.0.0.1:40648 - "GET /api/exams/60/scores HTTP/1.1" 200 OK
2026-05-12 14:15:17,343 INFO sqlalchemy.engine.Engine BEGIN (implicit)
INFO:sqlalchemy.engine.Engine:BEGIN (implicit)
2026-05-12 14:15:17,344 INFO sqlalchemy.engine.Engine SELECT * FROM students ORDER BY name
INFO:sqlalchemy.engine.Engine:SELECT * FROM students ORDER BY name
2026-05-12 14:15:17,344 INFO sqlalchemy.engine.Engine [cached since 4.595s ago] {}
INFO:sqlalchemy.engine.Engine:[cached since 4.595s ago] {}
2026-05-12 14:15:17,347 INFO sqlalchemy.engine.Engine ROLLBACK
INFO:sqlalchemy.engine.Engine:ROLLBACK
INFO:     127.0.0.1:40604 - "GET /api/students HTTP/1.1" 200 OK
2026-05-12 14:15:17,391 INFO sqlalchemy.engine.Engine BEGIN (implicit)
INFO:sqlalchemy.engine.Engine:BEGIN (implicit)
2026-05-12 14:15:17,392 INFO sqlalchemy.engine.Engine SELECT exam_id FROM exams WHERE exam_id = %(exam_id)s
INFO:sqlalchemy.engine.Engine:SELECT exam_id FROM exams WHERE exam_id = %(exam_id)s
2026-05-12 14:15:17,392 INFO sqlalchemy.engine.Engine [cached since 0.3121s ago] {'exam_id': 60}
INFO:sqlalchemy.engine.Engine:[cached since 0.3121s ago] {'exam_id': 60}
2026-05-12 14:15:17,393 INFO sqlalchemy.engine.Engine 
                SELECT 
                    a.id, a.filename, a.file_path, a.processed_file_path,
                    a.uploaded_at, a.page_order,
                    s.student_id, s.name as student_name, s.student_number, s.class as student_class
                FROM answer_sheets a
                JOIN students s ON a.student_id = s.student_id
                WHERE a.exam_id = %(exam_id)s
                ORDER BY s.student_id, a.page_order
                
INFO:sqlalchemy.engine.Engine:
                SELECT 
                    a.id, a.filename, a.file_path, a.processed_file_path,
                    a.uploaded_at, a.page_order,
                    s.student_id, s.name as student_name, s.student_number, s.class as student_class
                FROM answer_sheets a
                JOIN students s ON a.student_id = s.student_id
                WHERE a.exam_id = %(exam_id)s
                ORDER BY s.student_id, a.page_order
                
2026-05-12 14:15:17,393 INFO sqlalchemy.engine.Engine [generated in 0.00025s] {'exam_id': 60}
INFO:sqlalchemy.engine.Engine:[generated in 0.00025s] {'exam_id': 60}
2026-05-12 14:15:17,402 INFO sqlalchemy.engine.Engine ROLLBACK
INFO:sqlalchemy.engine.Engine:ROLLBACK
INFO:     127.0.0.1:40604 - "GET /api/exams/60/images HTTP/1.1" 200 OK
2026-05-12 14:15:17,430 INFO sqlalchemy.engine.Engine BEGIN (implicit)
INFO:sqlalchemy.engine.Engine:BEGIN (implicit)
2026-05-12 14:15:17,430 INFO sqlalchemy.engine.Engine 
                SELECT q.*, eq.question_order 
                FROM questions q
                JOIN exam_questions eq ON q.id = eq.question_id
                WHERE eq.exam_id = %(exam_id)s 
                ORDER BY eq.question_order
                
INFO:sqlalchemy.engine.Engine:
                SELECT q.*, eq.question_order 
                FROM questions q
                JOIN exam_questions eq ON q.id = eq.question_id
                WHERE eq.exam_id = %(exam_id)s 
                ORDER BY eq.question_order
                
2026-05-12 14:15:17,430 INFO sqlalchemy.engine.Engine [cached since 0.3486s ago] {'exam_id': 60}
INFO:sqlalchemy.engine.Engine:[cached since 0.3486s ago] {'exam_id': 60}
2026-05-12 14:15:17,432 INFO sqlalchemy.engine.Engine ROLLBACK
INFO:sqlalchemy.engine.Engine:ROLLBACK
INFO:     127.0.0.1:40660 - "GET /api/exams/60/questions HTTP/1.1" 200 OK
INFO:     127.0.0.1:40672 - "GET /answer_sheets/60/1778142128_python%E7%AD%94%E9%A2%98%E5%8D%A1_60_processed.png HTTP/1.1" 200 OK
INFO:     127.0.0.1:40676 - "GET /answer_sheets/60/1778142128_python%E7%AD%94%E9%A2%98%E5%8D%A1_61_processed.png HTTP/1.1" 200 OK
INFO:     127.0.0.1:40684 - "GET /answer_sheets/60/1778142129_python%E7%AD%94%E9%A2%98%E5%8D%A1_70_processed.png HTTP/1.1" 200 OK
INFO:     127.0.0.1:40694 - "GET /answer_sheets/60/1778142129_python%E7%AD%94%E9%A2%98%E5%8D%A1_71_processed.png HTTP/1.1" 200 OK
INFO:     127.0.0.1:40696 - "GET /answer_sheets/60/1778142129_python%E7%AD%94%E9%A2%98%E5%8D%A1_80_processed.png HTTP/1.1" 200 OK
INFO:     127.0.0.1:40712 - "GET /answer_sheets/60/1778142129_python%E7%AD%94%E9%A2%98%E5%8D%A1_81_processed.png HTTP/1.1" 200 OK
INFO:     127.0.0.1:40712 - "GET /answer_sheets/60/1778142130_python%E7%AD%94%E9%A2%98%E5%8D%A1_90_processed.png HTTP/1.1" 200 OK
INFO:     127.0.0.1:40672 - "GET /answer_sheets/60/1778142131_python%E7%AD%94%E9%A2%98%E5%8D%A1_111_processed.png HTTP/1.1" 200 OK
INFO:     127.0.0.1:40694 - "GET /answer_sheets/60/1778142131_python%E7%AD%94%E9%A2%98%E5%8D%A1_100_processed.png HTTP/1.1" 200 OK
INFO:     127.0.0.1:40676 - "GET /answer_sheets/60/1778142131_python%E7%AD%94%E9%A2%98%E5%8D%A1_110_processed.png HTTP/1.1" 200 OK
INFO:     127.0.0.1:40696 - "GET /answer_sheets/60/1778142130_python%E7%AD%94%E9%A2%98%E5%8D%A1_91_processed.png HTTP/1.1" 200 OK
INFO:     127.0.0.1:40684 - "GET /answer_sheets/60/1778142131_python%E7%AD%94%E9%A2%98%E5%8D%A1_101_processed.png HTTP/1.1" 200 OK
INFO:     127.0.0.1:40696 - "GET /answer_sheets/60/1778142132_python%E7%AD%94%E9%A2%98%E5%8D%A1_120_processed.png HTTP/1.1" 200 OK
INFO:     127.0.0.1:40672 - "GET /answer_sheets/60/1778142132_python%E7%AD%94%E9%A2%98%E5%8D%A1_121_processed.png HTTP/1.1" 200 OK
INFO:     127.0.0.1:40712 - "GET /answer_sheets/60/1778142132_python%E7%AD%94%E9%A2%98%E5%8D%A1_130_processed.png HTTP/1.1" 200 OK
INFO:     127.0.0.1:40684 - "GET /answer_sheets/60/1778142133_python%E7%AD%94%E9%A2%98%E5%8D%A1_131_processed.png HTTP/1.1" 200 OK
INFO:     127.0.0.1:40676 - "GET /answer_sheets/60/1778142133_python%E7%AD%94%E9%A2%98%E5%8D%A1_140_processed.png HTTP/1.1" 200 OK
INFO:     127.0.0.1:40694 - "GET /answer_sheets/60/1778142133_python%E7%AD%94%E9%A2%98%E5%8D%A1_141_processed.png HTTP/1.1" 200 OK
INFO:     127.0.0.1:40696 - "GET /answer_sheets/60/1778142134_python%E7%AD%94%E9%A2%98%E5%8D%A1_151_processed.png HTTP/1.1" 200 OK
INFO:     127.0.0.1:40672 - "GET /answer_sheets/60/1778142134_python%E7%AD%94%E9%A2%98%E5%8D%A1_150_processed.png HTTP/1.1" 200 OK
INFO:     127.0.0.1:40684 - "GET /answer_sheets/60/1778142134_python%E7%AD%94%E9%A2%98%E5%8D%A1_160_processed.png HTTP/1.1" 200 OK
INFO:     127.0.0.1:40712 - "GET /answer_sheets/60/1778142134_python%E7%AD%94%E9%A2%98%E5%8D%A1_161_processed.png HTTP/1.1" 200 OK
INFO:     127.0.0.1:40694 - "GET /answer_sheets/60/1778142135_python%E7%AD%94%E9%A2%98%E5%8D%A1_170_processed.png HTTP/1.1" 200 OK
INFO:     127.0.0.1:40676 - "GET /answer_sheets/60/1778142135_python%E7%AD%94%E9%A2%98%E5%8D%A1_171_processed.png HTTP/1.1" 200 OK
INFO:     127.0.0.1:40696 - "GET /answer_sheets/60/1778142135_python%E7%AD%94%E9%A2%98%E5%8D%A1_180_processed.png HTTP/1.1" 200 OK
INFO:     127.0.0.1:40672 - "GET /answer_sheets/60/1778142135_python%E7%AD%94%E9%A2%98%E5%8D%A1_181_processed.png HTTP/1.1" 200 OK
INFO:     127.0.0.1:40696 - "GET /answer_sheets/60/1778142136_python%E7%AD%94%E9%A2%98%E5%8D%A1_190_processed.png HTTP/1.1" 200 OK
INFO:     127.0.0.1:40676 - "GET /answer_sheets/60/1778142136_python%E7%AD%94%E9%A2%98%E5%8D%A1_191_processed.png HTTP/1.1" 200 OK
INFO:     127.0.0.1:40684 - "GET /answer_sheets/60/1778142137_python%E7%AD%94%E9%A2%98%E5%8D%A1_210_processed.png HTTP/1.1" 200 OK
INFO:     127.0.0.1:40694 - "GET /answer_sheets/60/1778142136_python%E7%AD%94%E9%A2%98%E5%8D%A1_200_processed.png HTTP/1.1" 200 OK
INFO:     127.0.0.1:40712 - "GET /answer_sheets/60/1778142136_python%E7%AD%94%E9%A2%98%E5%8D%A1_201_processed.png HTTP/1.1" 200 OK
INFO:     127.0.0.1:40676 - "GET /answer_sheets/60/1778142137_python%E7%AD%94%E9%A2%98%E5%8D%A1_211_processed.png HTTP/1.1" 200 OK
INFO:     127.0.0.1:40696 - "GET /answer_sheets/60/1778142138_python%E7%AD%94%E9%A2%98%E5%8D%A1_220_processed.png HTTP/1.1" 200 OK
INFO:     127.0.0.1:40672 - "GET /answer_sheets/60/1778142138_python%E7%AD%94%E9%A2%98%E5%8D%A1_221_processed.png HTTP/1.1" 200 OK
INFO:     127.0.0.1:40694 - "GET /answer_sheets/60/1778142139_python%E7%AD%94%E9%A2%98%E5%8D%A1_230_processed.png HTTP/1.1" 200 OK
INFO:     127.0.0.1:40712 - "GET /answer_sheets/60/1778142139_python%E7%AD%94%E9%A2%98%E5%8D%A1_231_processed.png HTTP/1.1" 200 OK
INFO:     127.0.0.1:40684 - "GET /answer_sheets/60/1778142141_python%E7%AD%94%E9%A2%98%E5%8D%A1_240_processed.png HTTP/1.1" 200 OK
INFO:     127.0.0.1:40676 - "GET /answer_sheets/60/1778142141_python%E7%AD%94%E9%A2%98%E5%8D%A1_241_processed.png HTTP/1.1" 200 OK
INFO:     127.0.0.1:40696 - "GET /answer_sheets/60/1778142141_python%E7%AD%94%E9%A2%98%E5%8D%A1_250_processed.png HTTP/1.1" 200 OK
INFO:     127.0.0.1:40672 - "GET /answer_sheets/60/1778142142_python%E7%AD%94%E9%A2%98%E5%8D%A1_251_processed.png HTTP/1.1" 200 OK
INFO:     127.0.0.1:40712 - "GET /answer_sheets/60/1778142142_python%E7%AD%94%E9%A2%98%E5%8D%A1_260_processed.png HTTP/1.1" 200 OK
INFO:     127.0.0.1:40676 - "GET /answer_sheets/60/1778142143_python%E7%AD%94%E9%A2%98%E5%8D%A1_261_processed.png HTTP/1.1" 200 OK
INFO:     127.0.0.1:40694 - "GET /answer_sheets/60/1778142144_python%E7%AD%94%E9%A2%98%E5%8D%A1_271_processed.png HTTP/1.1" 200 OK
INFO:     127.0.0.1:40684 - "GET /answer_sheets/60/1778142143_python%E7%AD%94%E9%A2%98%E5%8D%A1_270_processed.png HTTP/1.1" 200 OK
INFO:     127.0.0.1:40672 - "GET /answer_sheets/60/1778142148_python%E7%AD%94%E9%A2%98%E5%8D%A1_280_processed.png HTTP/1.1" 200 OK
INFO:     127.0.0.1:40696 - "GET /answer_sheets/60/1778142149_python%E7%AD%94%E9%A2%98%E5%8D%A1_281_processed.png HTTP/1.1" 200 OK
INFO:     127.0.0.1:40712 - "GET /answer_sheets/60/1778142149_python%E7%AD%94%E9%A2%98%E5%8D%A1_290_processed.png HTTP/1.1" 200 OK
INFO:     127.0.0.1:40694 - "GET /answer_sheets/60/1778142149_python%E7%AD%94%E9%A2%98%E5%8D%A1_291_processed.png HTTP/1.1" 200 OK
INFO:     127.0.0.1:40676 - "GET /answer_sheets/60/1778142150_python%E7%AD%94%E9%A2%98%E5%8D%A1_300_processed.png HTTP/1.1" 200 OK
INFO:     127.0.0.1:40684 - "GET /answer_sheets/60/1778142150_python%E7%AD%94%E9%A2%98%E5%8D%A1_301_processed.png HTTP/1.1" 200 OK
INFO:     127.0.0.1:40672 - "GET /answer_sheets/60/1778142150_python%E7%AD%94%E9%A2%98%E5%8D%A1_310_processed.png HTTP/1.1" 200 OK
INFO:     127.0.0.1:40696 - "GET /answer_sheets/60/1778142150_python%E7%AD%94%E9%A2%98%E5%8D%A1_311_processed.png HTTP/1.1" 200 OK
INFO:     127.0.0.1:40712 - "GET /answer_sheets/60/1778142151_python%E7%AD%94%E9%A2%98%E5%8D%A1_320_processed.png HTTP/1.1" 200 OK
INFO:     127.0.0.1:40694 - "GET /answer_sheets/60/1778142151_python%E7%AD%94%E9%A2%98%E5%8D%A1_321_processed.png HTTP/1.1" 200 OK
INFO:     127.0.0.1:40676 - "GET /answer_sheets/60/1778142151_python%E7%AD%94%E9%A2%98%E5%8D%A1_330_processed.png HTTP/1.1" 200 OK
INFO:     127.0.0.1:40696 - "GET /answer_sheets/60/1778142151_python%E7%AD%94%E9%A2%98%E5%8D%A1_331_processed.png HTTP/1.1" 200 OK
INFO:     127.0.0.1:40684 - "GET /answer_sheets/60/1778142151_python%E7%AD%94%E9%A2%98%E5%8D%A1_340_processed.png HTTP/1.1" 200 OK
INFO:     127.0.0.1:40672 - "GET /answer_sheets/60/1778142152_python%E7%AD%94%E9%A2%98%E5%8D%A1_341_processed.png HTTP/1.1" 200 OK
INFO:     127.0.0.1:40676 - "GET /answer_sheets/60/1778142152_python%E7%AD%94%E9%A2%98%E5%8D%A1_350_processed.png HTTP/1.1" 200 OK
INFO:     127.0.0.1:40694 - "GET /answer_sheets/60/1778142152_python%E7%AD%94%E9%A2%98%E5%8D%A1_351_processed.png HTTP/1.1" 200 OK
INFO:     127.0.0.1:40712 - "GET /answer_sheets/60/1778142153_python%E7%AD%94%E9%A2%98%E5%8D%A1_360_processed.png HTTP/1.1" 200 OK
INFO:     127.0.0.1:40696 - "GET /answer_sheets/60/1778142154_python%E7%AD%94%E9%A2%98%E5%8D%A1_361_processed.png HTTP/1.1" 200 OK
INFO:     127.0.0.1:40684 - "GET /answer_sheets/60/1778142155_python%E7%AD%94%E9%A2%98%E5%8D%A1_371_processed.png HTTP/1.1" 200 OK
INFO:     127.0.0.1:40672 - "GET /answer_sheets/60/1778142154_python%E7%AD%94%E9%A2%98%E5%8D%A1_370_processed.png HTTP/1.1" 200 OK
INFO:     127.0.0.1:40694 - "GET /answer_sheets/60/1778142155_python%E7%AD%94%E9%A2%98%E5%8D%A1_380_processed.png HTTP/1.1" 200 OK
INFO:     127.0.0.1:40676 - "GET /answer_sheets/60/1778142156_python%E7%AD%94%E9%A2%98%E5%8D%A1_381_processed.png HTTP/1.1" 200 OK
INFO:     127.0.0.1:40712 - "GET /answer_sheets/60/1778142156_python%E7%AD%94%E9%A2%98%E5%8D%A1_390_processed.png HTTP/1.1" 200 OK
INFO:     127.0.0.1:40696 - "GET /answer_sheets/60/1778142156_python%E7%AD%94%E9%A2%98%E5%8D%A1_391_processed.png HTTP/1.1" 200 OK
INFO:     127.0.0.1:40672 - "GET /answer_sheets/60/1778142157_python%E7%AD%94%E9%A2%98%E5%8D%A1_401_processed.png HTTP/1.1" 200 OK
INFO:     127.0.0.1:40684 - "GET /answer_sheets/60/1778142157_python%E7%AD%94%E9%A2%98%E5%8D%A1_400_processed.png HTTP/1.1" 200 OK
INFO:     127.0.0.1:40694 - "GET /answer_sheets/60/1778142157_python%E7%AD%94%E9%A2%98%E5%8D%A1_410_processed.png HTTP/1.1" 200 OK
INFO:     127.0.0.1:40676 - "GET /answer_sheets/60/1778142158_python%E7%AD%94%E9%A2%98%E5%8D%A1_411_processed.png HTTP/1.1" 200 OK
INFO:     127.0.0.1:40712 - "GET /answer_sheets/60/1778142158_python%E7%AD%94%E9%A2%98%E5%8D%A1_420_processed.png HTTP/1.1" 200 OK
INFO:     127.0.0.1:40696 - "GET /answer_sheets/60/1778142158_python%E7%AD%94%E9%A2%98%E5%8D%A1_421_processed.png HTTP/1.1" 200 OK
INFO:     127.0.0.1:40672 - "GET /answer_sheets/60/1778142159_python%E7%AD%94%E9%A2%98%E5%8D%A1_430_processed.png HTTP/1.1" 200 OK
INFO:     127.0.0.1:40684 - "GET /answer_sheets/60/1778142159_python%E7%AD%94%E9%A2%98%E5%8D%A1_431_processed.png HTTP/1.1" 200 OK
INFO:     127.0.0.1:40694 - "GET /answer_sheets/60/1778142159_python%E7%AD%94%E9%A2%98%E5%8D%A1_440_processed.png HTTP/1.1" 200 OK
INFO:     127.0.0.1:40676 - "GET /answer_sheets/60/1778142160_python%E7%AD%94%E9%A2%98%E5%8D%A1_441_processed.png HTTP/1.1" 200 OK
INFO:     127.0.0.1:40712 - "GET /answer_sheets/60/1778142160_python%E7%AD%94%E9%A2%98%E5%8D%A1_450_processed.png HTTP/1.1" 200 OK
INFO:     127.0.0.1:40672 - "GET /answer_sheets/60/1778142160_python%E7%AD%94%E9%A2%98%E5%8D%A1_451_processed.png HTTP/1.1" 200 OK
INFO:     127.0.0.1:40696 - "GET /answer_sheets/60/1778142161_python%E7%AD%94%E9%A2%98%E5%8D%A1_460_processed.png HTTP/1.1" 200 OK
INFO:     127.0.0.1:40684 - "GET /answer_sheets/60/1778142162_python%E7%AD%94%E9%A2%98%E5%8D%A1_461_processed.png HTTP/1.1" 200 OK
INFO:     127.0.0.1:40694 - "GET /answer_sheets/60/1778142162_python%E7%AD%94%E9%A2%98%E5%8D%A1_470_processed.png HTTP/1.1" 200 OK
INFO:     127.0.0.1:40676 - "GET /answer_sheets/60/1778142162_python%E7%AD%94%E9%A2%98%E5%8D%A1_471_processed.png HTTP/1.1" 200 OK
INFO:     127.0.0.1:40672 - "GET /answer_sheets/60/1778142162_python%E7%AD%94%E9%A2%98%E5%8D%A1_480_processed.png HTTP/1.1" 200 OK
INFO:     127.0.0.1:40712 - "GET /answer_sheets/60/1778142163_python%E7%AD%94%E9%A2%98%E5%8D%A1_481_processed.png HTTP/1.1" 200 OK
INFO:     127.0.0.1:40684 - "GET /answer_sheets/60/1778142163_python%E7%AD%94%E9%A2%98%E5%8D%A1_491_processed.png HTTP/1.1" 200 OK
INFO:     127.0.0.1:40696 - "GET /answer_sheets/60/1778142163_python%E7%AD%94%E9%A2%98%E5%8D%A1_490_processed.png HTTP/1.1" 200 OK
INFO:     127.0.0.1:40676 - "GET /answer_sheets/60/1778142163_python%E7%AD%94%E9%A2%98%E5%8D%A1_500_processed.png HTTP/1.1" 200 OK
INFO:     127.0.0.1:40694 - "GET /answer_sheets/60/1778142164_python%E7%AD%94%E9%A2%98%E5%8D%A1_501_processed.png HTTP/1.1" 200 OK
INFO:     127.0.0.1:40672 - "GET /answer_sheets/60/1778142164_python%E7%AD%94%E9%A2%98%E5%8D%A1_510_processed.png HTTP/1.1" 200 OK
INFO:     127.0.0.1:40712 - "GET /answer_sheets/60/1778142164_python%E7%AD%94%E9%A2%98%E5%8D%A1_511_processed.png HTTP/1.1" 200 OK
INFO:     127.0.0.1:40684 - "GET /answer_sheets/60/1778142164_python%E7%AD%94%E9%A2%98%E5%8D%A1_520_processed.png HTTP/1.1" 200 OK
INFO:     127.0.0.1:40696 - "GET /answer_sheets/60/1778142165_python%E7%AD%94%E9%A2%98%E5%8D%A1_521_processed.png HTTP/1.1" 200 OK
INFO:     127.0.0.1:40676 - "GET /answer_sheets/60/1778142165_python%E7%AD%94%E9%A2%98%E5%8D%A1_530_processed.png HTTP/1.1" 200 OK
INFO:     127.0.0.1:40694 - "GET /answer_sheets/60/1778142166_python%E7%AD%94%E9%A2%98%E5%8D%A1_531_processed.png HTTP/1.1" 200 OK
INFO:     127.0.0.1:40672 - "GET /answer_sheets/60/1778142166_python%E7%AD%94%E9%A2%98%E5%8D%A1_540_processed.png HTTP/1.1" 200 OK
INFO:     127.0.0.1:40696 - "GET /answer_sheets/60/1778142166_python%E7%AD%94%E9%A2%98%E5%8D%A1_541_processed.png HTTP/1.1" 200 OK
INFO:     127.0.0.1:40712 - "GET /answer_sheets/60/1778142166_python%E7%AD%94%E9%A2%98%E5%8D%A1_550_processed.png HTTP/1.1" 200 OK
INFO:     127.0.0.1:40694 - "GET /answer_sheets/60/1778142167_python%E7%AD%94%E9%A2%98%E5%8D%A1_551_processed.png HTTP/1.1" 200 OK
INFO:     127.0.0.1:40684 - "GET /answer_sheets/60/1778142167_python%E7%AD%94%E9%A2%98%E5%8D%A1_560_processed.png HTTP/1.1" 200 OK
INFO:     127.0.0.1:40676 - "GET /answer_sheets/60/1778142167_python%E7%AD%94%E9%A2%98%E5%8D%A1_561_processed.png HTTP/1.1" 200 OK
INFO:     127.0.0.1:40696 - "GET /answer_sheets/60/1778142167_python%E7%AD%94%E9%A2%98%E5%8D%A1_570_processed.png HTTP/1.1" 200 OK
INFO:     127.0.0.1:40672 - "GET /answer_sheets/60/1778142168_python%E7%AD%94%E9%A2%98%E5%8D%A1_571_processed.png HTTP/1.1" 200 OK
INFO:     127.0.0.1:40712 - "GET /answer_sheets/60/1778142168_python%E7%AD%94%E9%A2%98%E5%8D%A1_580_processed.png HTTP/1.1" 200 OK
INFO:     127.0.0.1:40676 - "GET /answer_sheets/60/1778142169_python%E7%AD%94%E9%A2%98%E5%8D%A1_581_processed.png HTTP/1.1" 200 OK
INFO:     127.0.0.1:40694 - "GET /answer_sheets/60/1778142169_python%E7%AD%94%E9%A2%98%E5%8D%A1_590_processed.png HTTP/1.1" 200 OK
INFO:     127.0.0.1:40684 - "GET /answer_sheets/60/1778142170_python%E7%AD%94%E9%A2%98%E5%8D%A1_591_processed.png HTTP/1.1" 200 OK
INFO:     127.0.0.1:40684 - "GET /answer_sheets/60/1778142125_python%E7%AD%94%E9%A2%98%E5%8D%A1_10.jpg HTTP/1.1" 200 OK
INFO:     127.0.0.1:39356 - "OPTIONS /api/exams/60/images/1482/mask HTTP/1.1" 200 OK
2026-05-12 14:15:34,682 INFO sqlalchemy.engine.Engine BEGIN (implicit)
INFO:sqlalchemy.engine.Engine:BEGIN (implicit)
2026-05-12 14:15:34,682 INFO sqlalchemy.engine.Engine SELECT file_path, processed_file_path FROM answer_sheets WHERE id = %(image_id)s AND exam_id = %(exam_id)s
INFO:sqlalchemy.engine.Engine:SELECT file_path, processed_file_path FROM answer_sheets WHERE id = %(image_id)s AND exam_id = %(exam_id)s
2026-05-12 14:15:34,682 INFO sqlalchemy.engine.Engine [generated in 0.00026s] {'image_id': 1482, 'exam_id': 60}
INFO:sqlalchemy.engine.Engine:[generated in 0.00026s] {'image_id': 1482, 'exam_id': 60}
2026-05-12 14:15:34,682 INFO sqlalchemy.engine.Engine ROLLBACK
INFO:sqlalchemy.engine.Engine:ROLLBACK
2026-05-12 14:15:34,825 INFO sqlalchemy.engine.Engine BEGIN (implicit)
INFO:sqlalchemy.engine.Engine:BEGIN (implicit)
2026-05-12 14:15:34,825 INFO sqlalchemy.engine.Engine UPDATE answer_sheets SET processed_file_path = %(path)s WHERE id = %(image_id)s
INFO:sqlalchemy.engine.Engine:UPDATE answer_sheets SET processed_file_path = %(path)s WHERE id = %(image_id)s
2026-05-12 14:15:34,825 INFO sqlalchemy.engine.Engine [generated in 0.00051s] {'path': './uploads/answer_sheets/60/1778142125_python答题卡_10_processed.png', 'image_id': 1482}
INFO:sqlalchemy.engine.Engine:[generated in 0.00051s] {'path': './uploads/answer_sheets/60/1778142125_python答题卡_10_processed.png', 'image_id': 1482}
2026-05-12 14:15:34,826 INFO sqlalchemy.engine.Engine COMMIT
INFO:sqlalchemy.engine.Engine:COMMIT
INFO:     127.0.0.1:39356 - "POST /api/exams/60/images/1482/mask HTTP/1.1" 200 OK
2026-05-12 14:15:34,836 INFO sqlalchemy.engine.Engine BEGIN (implicit)
INFO:sqlalchemy.engine.Engine:BEGIN (implicit)
2026-05-12 14:15:34,836 INFO sqlalchemy.engine.Engine SELECT exam_id FROM exams WHERE exam_id = %(exam_id)s
INFO:sqlalchemy.engine.Engine:SELECT exam_id FROM exams WHERE exam_id = %(exam_id)s
2026-05-12 14:15:34,836 INFO sqlalchemy.engine.Engine [cached since 17.76s ago] {'exam_id': 60}
INFO:sqlalchemy.engine.Engine:[cached since 17.76s ago] {'exam_id': 60}
2026-05-12 14:15:34,837 INFO sqlalchemy.engine.Engine 
                SELECT s.student_id, s.name, s.student_number, s.class as class_name, s.contact_info, s.created_at, s.updated_at, es.sort_order
                FROM students s
                INNER JOIN exam_students es ON s.student_id = es.student_id
                WHERE es.exam_id = %(exam_id)s
                ORDER BY es.sort_order ASC, s.student_number ASC
                
INFO:sqlalchemy.engine.Engine:
                SELECT s.student_id, s.name, s.student_number, s.class as class_name, s.contact_info, s.created_at, s.updated_at, es.sort_order
                FROM students s
                INNER JOIN exam_students es ON s.student_id = es.student_id
                WHERE es.exam_id = %(exam_id)s
                ORDER BY es.sort_order ASC, s.student_number ASC
                
2026-05-12 14:15:34,838 INFO sqlalchemy.engine.Engine [cached since 17.75s ago] {'exam_id': 60}
INFO:sqlalchemy.engine.Engine:[cached since 17.75s ago] {'exam_id': 60}
2026-05-12 14:15:34,840 INFO sqlalchemy.engine.Engine ROLLBACK
INFO:sqlalchemy.engine.Engine:ROLLBACK
INFO:     127.0.0.1:39356 - "GET /api/exams/60/students HTTP/1.1" 200 OK
2026-05-12 14:15:34,854 INFO sqlalchemy.engine.Engine BEGIN (implicit)
INFO:sqlalchemy.engine.Engine:BEGIN (implicit)
2026-05-12 14:15:34,855 INFO sqlalchemy.engine.Engine SELECT exam_id FROM exams WHERE exam_id = %(exam_id)s
INFO:sqlalchemy.engine.Engine:SELECT exam_id FROM exams WHERE exam_id = %(exam_id)s
2026-05-12 14:15:34,855 INFO sqlalchemy.engine.Engine [cached since 17.78s ago] {'exam_id': 60}
INFO:sqlalchemy.engine.Engine:[cached since 17.78s ago] {'exam_id': 60}
2026-05-12 14:15:34,856 INFO sqlalchemy.engine.Engine 
                SELECT 
                    a.id, a.filename, a.file_path, a.processed_file_path,
                    a.uploaded_at, a.page_order,
                    s.student_id, s.name as student_name, s.student_number, s.class as student_class
                FROM answer_sheets a
                JOIN students s ON a.student_id = s.student_id
                WHERE a.exam_id = %(exam_id)s
                ORDER BY s.student_id, a.page_order
                
INFO:sqlalchemy.engine.Engine:
                SELECT 
                    a.id, a.filename, a.file_path, a.processed_file_path,
                    a.uploaded_at, a.page_order,
                    s.student_id, s.name as student_name, s.student_number, s.class as student_class
                FROM answer_sheets a
                JOIN students s ON a.student_id = s.student_id
                WHERE a.exam_id = %(exam_id)s
                ORDER BY s.student_id, a.page_order
                
2026-05-12 14:15:34,856 INFO sqlalchemy.engine.Engine [cached since 17.46s ago] {'exam_id': 60}
INFO:sqlalchemy.engine.Engine:[cached since 17.46s ago] {'exam_id': 60}
2026-05-12 14:15:34,860 INFO sqlalchemy.engine.Engine ROLLBACK
INFO:sqlalchemy.engine.Engine:ROLLBACK
INFO:     127.0.0.1:39356 - "GET /api/exams/60/images HTTP/1.1" 200 OK
INFO:     127.0.0.1:42240 - "GET /answer_sheets/60/1778142127_python%E7%AD%94%E9%A2%98%E5%8D%A1_40.jpg HTTP/1.1" 200 OK
INFO:     127.0.0.1:39358 - "OPTIONS /api/exams/60/images/1488/mask HTTP/1.1" 200 OK
2026-05-12 14:16:07,057 INFO sqlalchemy.engine.Engine BEGIN (implicit)
INFO:sqlalchemy.engine.Engine:BEGIN (implicit)
2026-05-12 14:16:07,057 INFO sqlalchemy.engine.Engine SELECT file_path, processed_file_path FROM answer_sheets WHERE id = %(image_id)s AND exam_id = %(exam_id)s
INFO:sqlalchemy.engine.Engine:SELECT file_path, processed_file_path FROM answer_sheets WHERE id = %(image_id)s AND exam_id = %(exam_id)s
2026-05-12 14:16:07,057 INFO sqlalchemy.engine.Engine [cached since 32.38s ago] {'image_id': 1488, 'exam_id': 60}
INFO:sqlalchemy.engine.Engine:[cached since 32.38s ago] {'image_id': 1488, 'exam_id': 60}
2026-05-12 14:16:07,058 INFO sqlalchemy.engine.Engine ROLLBACK
INFO:sqlalchemy.engine.Engine:ROLLBACK
2026-05-12 14:16:07,185 INFO sqlalchemy.engine.Engine BEGIN (implicit)
INFO:sqlalchemy.engine.Engine:BEGIN (implicit)
2026-05-12 14:16:07,185 INFO sqlalchemy.engine.Engine UPDATE answer_sheets SET processed_file_path = %(path)s WHERE id = %(image_id)s
INFO:sqlalchemy.engine.Engine:UPDATE answer_sheets SET processed_file_path = %(path)s WHERE id = %(image_id)s
2026-05-12 14:16:07,186 INFO sqlalchemy.engine.Engine [cached since 32.36s ago] {'path': './uploads/answer_sheets/60/1778142127_python答题卡_40_processed.png', 'image_id': 1488}
INFO:sqlalchemy.engine.Engine:[cached since 32.36s ago] {'path': './uploads/answer_sheets/60/1778142127_python答题卡_40_processed.png', 'image_id': 1488}
2026-05-12 14:16:07,186 INFO sqlalchemy.engine.Engine COMMIT
INFO:sqlalchemy.engine.Engine:COMMIT
INFO:     127.0.0.1:39358 - "POST /api/exams/60/images/1488/mask HTTP/1.1" 200 OK
2026-05-12 14:16:07,197 INFO sqlalchemy.engine.Engine BEGIN (implicit)
INFO:sqlalchemy.engine.Engine:BEGIN (implicit)
2026-05-12 14:16:07,197 INFO sqlalchemy.engine.Engine SELECT exam_id FROM exams WHERE exam_id = %(exam_id)s
INFO:sqlalchemy.engine.Engine:SELECT exam_id FROM exams WHERE exam_id = %(exam_id)s
2026-05-12 14:16:07,197 INFO sqlalchemy.engine.Engine [cached since 50.12s ago] {'exam_id': 60}
INFO:sqlalchemy.engine.Engine:[cached since 50.12s ago] {'exam_id': 60}
2026-05-12 14:16:07,198 INFO sqlalchemy.engine.Engine 
                SELECT s.student_id, s.name, s.student_number, s.class as class_name, s.contact_info, s.created_at, s.updated_at, es.sort_order
                FROM students s
                INNER JOIN exam_students es ON s.student_id = es.student_id
                WHERE es.exam_id = %(exam_id)s
                ORDER BY es.sort_order ASC, s.student_number ASC
                
INFO:sqlalchemy.engine.Engine:
                SELECT s.student_id, s.name, s.student_number, s.class as class_name, s.contact_info, s.created_at, s.updated_at, es.sort_order
                FROM students s
                INNER JOIN exam_students es ON s.student_id = es.student_id
                WHERE es.exam_id = %(exam_id)s
                ORDER BY es.sort_order ASC, s.student_number ASC
                
2026-05-12 14:16:07,198 INFO sqlalchemy.engine.Engine [cached since 50.11s ago] {'exam_id': 60}
INFO:sqlalchemy.engine.Engine:[cached since 50.11s ago] {'exam_id': 60}
2026-05-12 14:16:07,200 INFO sqlalchemy.engine.Engine ROLLBACK
INFO:sqlalchemy.engine.Engine:ROLLBACK
INFO:     127.0.0.1:39358 - "GET /api/exams/60/students HTTP/1.1" 200 OK
2026-05-12 14:16:07,214 INFO sqlalchemy.engine.Engine BEGIN (implicit)
INFO:sqlalchemy.engine.Engine:BEGIN (implicit)
2026-05-12 14:16:07,215 INFO sqlalchemy.engine.Engine SELECT exam_id FROM exams WHERE exam_id = %(exam_id)s
INFO:sqlalchemy.engine.Engine:SELECT exam_id FROM exams WHERE exam_id = %(exam_id)s
2026-05-12 14:16:07,215 INFO sqlalchemy.engine.Engine [cached since 50.14s ago] {'exam_id': 60}
INFO:sqlalchemy.engine.Engine:[cached since 50.14s ago] {'exam_id': 60}
2026-05-12 14:16:07,217 INFO sqlalchemy.engine.Engine 
                SELECT 
                    a.id, a.filename, a.file_path, a.processed_file_path,
                    a.uploaded_at, a.page_order,
                    s.student_id, s.name as student_name, s.student_number, s.class as student_class
                FROM answer_sheets a
                JOIN students s ON a.student_id = s.student_id
                WHERE a.exam_id = %(exam_id)s
                ORDER BY s.student_id, a.page_order
                
INFO:sqlalchemy.engine.Engine:
                SELECT 
                    a.id, a.filename, a.file_path, a.processed_file_path,
                    a.uploaded_at, a.page_order,
                    s.student_id, s.name as student_name, s.student_number, s.class as student_class
                FROM answer_sheets a
                JOIN students s ON a.student_id = s.student_id
                WHERE a.exam_id = %(exam_id)s
                ORDER BY s.student_id, a.page_order
                
2026-05-12 14:16:07,217 INFO sqlalchemy.engine.Engine [cached since 49.82s ago] {'exam_id': 60}
INFO:sqlalchemy.engine.Engine:[cached since 49.82s ago] {'exam_id': 60}
2026-05-12 14:16:07,220 INFO sqlalchemy.engine.Engine ROLLBACK
INFO:sqlalchemy.engine.Engine:ROLLBACK
INFO:     127.0.0.1:39358 - "GET /api/exams/60/images HTTP/1.1" 200 OK
2026-05-12 14:18:58,073 INFO sqlalchemy.engine.Engine BEGIN (implicit)
INFO:sqlalchemy.engine.Engine:BEGIN (implicit)
2026-05-12 14:18:58,075 INFO sqlalchemy.engine.Engine SELECT exam_id FROM exams WHERE exam_id = %(exam_id)s
INFO:sqlalchemy.engine.Engine:SELECT exam_id FROM exams WHERE exam_id = %(exam_id)s
2026-05-12 14:18:58,076 INFO sqlalchemy.engine.Engine [cached since 221s ago] {'exam_id': 60}
INFO:sqlalchemy.engine.Engine:[cached since 221s ago] {'exam_id': 60}
2026-05-12 14:18:58,080 INFO sqlalchemy.engine.Engine 
                SELECT s.student_id, s.name, s.student_number, s.class as class_name, s.contact_info, s.created_at, s.updated_at, es.sort_order
                FROM students s
                INNER JOIN exam_students es ON s.student_id = es.student_id
                WHERE es.exam_id = %(exam_id)s
                ORDER BY es.sort_order ASC, s.student_number ASC
                
INFO:sqlalchemy.engine.Engine:
                SELECT s.student_id, s.name, s.student_number, s.class as class_name, s.contact_info, s.created_at, s.updated_at, es.sort_order
                FROM students s
                INNER JOIN exam_students es ON s.student_id = es.student_id
                WHERE es.exam_id = %(exam_id)s
                ORDER BY es.sort_order ASC, s.student_number ASC
                
2026-05-12 14:18:58,080 INFO sqlalchemy.engine.Engine [cached since 221s ago] {'exam_id': 60}
INFO:sqlalchemy.engine.Engine:[cached since 221s ago] {'exam_id': 60}
2026-05-12 14:18:58,085 INFO sqlalchemy.engine.Engine ROLLBACK
INFO:sqlalchemy.engine.Engine:ROLLBACK
INFO:     127.0.0.1:49148 - "GET /api/exams/60/students HTTP/1.1" 200 OK
2026-05-12 14:18:58,375 INFO sqlalchemy.engine.Engine BEGIN (implicit)
INFO:sqlalchemy.engine.Engine:BEGIN (implicit)
2026-05-12 14:18:58,375 INFO sqlalchemy.engine.Engine SELECT exam_id FROM exams WHERE exam_id = %(exam_id)s
INFO:sqlalchemy.engine.Engine:SELECT exam_id FROM exams WHERE exam_id = %(exam_id)s
2026-05-12 14:18:58,375 INFO sqlalchemy.engine.Engine [cached since 221.3s ago] {'exam_id': 60}
INFO:sqlalchemy.engine.Engine:[cached since 221.3s ago] {'exam_id': 60}
2026-05-12 14:18:58,376 INFO sqlalchemy.engine.Engine 
                SELECT s.student_id, s.name, s.student_number, s.class as class_name, s.contact_info, s.created_at, s.updated_at, es.sort_order
                FROM students s
                INNER JOIN exam_students es ON s.student_id = es.student_id
                WHERE es.exam_id = %(exam_id)s
                ORDER BY es.sort_order ASC, s.student_number ASC
                
INFO:sqlalchemy.engine.Engine:
                SELECT s.student_id, s.name, s.student_number, s.class as class_name, s.contact_info, s.created_at, s.updated_at, es.sort_order
                FROM students s
                INNER JOIN exam_students es ON s.student_id = es.student_id
                WHERE es.exam_id = %(exam_id)s
                ORDER BY es.sort_order ASC, s.student_number ASC
                
2026-05-12 14:18:58,376 INFO sqlalchemy.engine.Engine [cached since 221.3s ago] {'exam_id': 60}
INFO:sqlalchemy.engine.Engine:[cached since 221.3s ago] {'exam_id': 60}
2026-05-12 14:18:58,380 INFO sqlalchemy.engine.Engine ROLLBACK
INFO:sqlalchemy.engine.Engine:ROLLBACK
INFO:     127.0.0.1:49156 - "GET /api/exams/60/students HTTP/1.1" 200 OK
2026-05-12 14:18:58,399 INFO sqlalchemy.engine.Engine BEGIN (implicit)
INFO:sqlalchemy.engine.Engine:BEGIN (implicit)
2026-05-12 14:18:58,399 INFO sqlalchemy.engine.Engine SELECT exam_id FROM exams WHERE exam_id = %(exam_id)s
INFO:sqlalchemy.engine.Engine:SELECT exam_id FROM exams WHERE exam_id = %(exam_id)s
2026-05-12 14:18:58,399 INFO sqlalchemy.engine.Engine [cached since 221.3s ago] {'exam_id': 60}
INFO:sqlalchemy.engine.Engine:[cached since 221.3s ago] {'exam_id': 60}
2026-05-12 14:18:58,401 INFO sqlalchemy.engine.Engine 
                SELECT 
                    a.id, a.filename, a.file_path, a.processed_file_path,
                    a.uploaded_at, a.page_order,
                    s.student_id, s.name as student_name, s.student_number, s.class as student_class
                FROM answer_sheets a
                JOIN students s ON a.student_id = s.student_id
                WHERE a.exam_id = %(exam_id)s
                ORDER BY s.student_id, a.page_order
                
INFO:sqlalchemy.engine.Engine:
                SELECT 
                    a.id, a.filename, a.file_path, a.processed_file_path,
                    a.uploaded_at, a.page_order,
                    s.student_id, s.name as student_name, s.student_number, s.class as student_class
                FROM answer_sheets a
                JOIN students s ON a.student_id = s.student_id
                WHERE a.exam_id = %(exam_id)s
                ORDER BY s.student_id, a.page_order
                
2026-05-12 14:18:58,401 INFO sqlalchemy.engine.Engine [cached since 221s ago] {'exam_id': 60}
INFO:sqlalchemy.engine.Engine:[cached since 221s ago] {'exam_id': 60}
2026-05-12 14:18:58,407 INFO sqlalchemy.engine.Engine ROLLBACK
INFO:sqlalchemy.engine.Engine:ROLLBACK
INFO:     127.0.0.1:49156 - "GET /api/exams/60/images HTTP/1.1" 200 OK
2026-05-12 14:19:15,714 INFO sqlalchemy.engine.Engine BEGIN (implicit)
INFO:sqlalchemy.engine.Engine:BEGIN (implicit)
2026-05-12 14:19:15,714 INFO sqlalchemy.engine.Engine SELECT * FROM students ORDER BY name
INFO:sqlalchemy.engine.Engine:SELECT * FROM students ORDER BY name
2026-05-12 14:19:15,715 INFO sqlalchemy.engine.Engine [cached since 243s ago] {}
INFO:sqlalchemy.engine.Engine:[cached since 243s ago] {}
2026-05-12 14:19:15,723 INFO sqlalchemy.engine.Engine ROLLBACK
INFO:sqlalchemy.engine.Engine:ROLLBACK
INFO:     127.0.0.1:49168 - "GET /api/students HTTP/1.1" 200 OK
2026-05-12 14:19:15,821 INFO sqlalchemy.engine.Engine BEGIN (implicit)
INFO:sqlalchemy.engine.Engine:BEGIN (implicit)
2026-05-12 14:19:15,822 INFO sqlalchemy.engine.Engine SELECT * FROM exams ORDER BY created_at DESC
INFO:sqlalchemy.engine.Engine:SELECT * FROM exams ORDER BY created_at DESC
2026-05-12 14:19:15,822 INFO sqlalchemy.engine.Engine [cached since 239.9s ago] {}
INFO:sqlalchemy.engine.Engine:[cached since 239.9s ago] {}
2026-05-12 14:19:15,825 INFO sqlalchemy.engine.Engine SELECT COUNT(*) FROM exam_students WHERE exam_id = %(exam_id)s
INFO:sqlalchemy.engine.Engine:SELECT COUNT(*) FROM exam_students WHERE exam_id = %(exam_id)s
2026-05-12 14:19:15,825 INFO sqlalchemy.engine.Engine [cached since 239.9s ago] {'exam_id': 66}
INFO:sqlalchemy.engine.Engine:[cached since 239.9s ago] {'exam_id': 66}
2026-05-12 14:19:15,827 INFO sqlalchemy.engine.Engine SELECT COUNT(*) FROM exam_students WHERE exam_id = %(exam_id)s
INFO:sqlalchemy.engine.Engine:SELECT COUNT(*) FROM exam_students WHERE exam_id = %(exam_id)s
2026-05-12 14:19:15,827 INFO sqlalchemy.engine.Engine [cached since 239.9s ago] {'exam_id': 60}
INFO:sqlalchemy.engine.Engine:[cached since 239.9s ago] {'exam_id': 60}
2026-05-12 14:19:15,829 INFO sqlalchemy.engine.Engine SELECT COUNT(*) FROM exam_students WHERE exam_id = %(exam_id)s
INFO:sqlalchemy.engine.Engine:SELECT COUNT(*) FROM exam_students WHERE exam_id = %(exam_id)s
2026-05-12 14:19:15,830 INFO sqlalchemy.engine.Engine [cached since 239.9s ago] {'exam_id': 17}
INFO:sqlalchemy.engine.Engine:[cached since 239.9s ago] {'exam_id': 17}
2026-05-12 14:19:15,836 INFO sqlalchemy.engine.Engine SELECT COUNT(*) FROM exam_students WHERE exam_id = %(exam_id)s
INFO:sqlalchemy.engine.Engine:SELECT COUNT(*) FROM exam_students WHERE exam_id = %(exam_id)s
2026-05-12 14:19:15,836 INFO sqlalchemy.engine.Engine [cached since 239.9s ago] {'exam_id': 16}
INFO:sqlalchemy.engine.Engine:[cached since 239.9s ago] {'exam_id': 16}
2026-05-12 14:19:15,839 INFO sqlalchemy.engine.Engine SELECT COUNT(*) FROM exam_students WHERE exam_id = %(exam_id)s
INFO:sqlalchemy.engine.Engine:SELECT COUNT(*) FROM exam_students WHERE exam_id = %(exam_id)s
2026-05-12 14:19:15,839 INFO sqlalchemy.engine.Engine [cached since 239.9s ago] {'exam_id': 5}
INFO:sqlalchemy.engine.Engine:[cached since 239.9s ago] {'exam_id': 5}
2026-05-12 14:19:15,841 INFO sqlalchemy.engine.Engine SELECT COUNT(*) FROM exam_students WHERE exam_id = %(exam_id)s
INFO:sqlalchemy.engine.Engine:SELECT COUNT(*) FROM exam_students WHERE exam_id = %(exam_id)s
2026-05-12 14:19:15,841 INFO sqlalchemy.engine.Engine [cached since 239.9s ago] {'exam_id': 2}
INFO:sqlalchemy.engine.Engine:[cached since 239.9s ago] {'exam_id': 2}
2026-05-12 14:19:15,843 INFO sqlalchemy.engine.Engine ROLLBACK
INFO:sqlalchemy.engine.Engine:ROLLBACK
INFO:     127.0.0.1:49168 - "GET /api/exams HTTP/1.1" 200 OK
2026-05-12 14:19:15,870 INFO sqlalchemy.engine.Engine BEGIN (implicit)
INFO:sqlalchemy.engine.Engine:BEGIN (implicit)
2026-05-12 14:19:15,871 INFO sqlalchemy.engine.Engine SELECT exam_id, exam_name, total_score, total_questions FROM exams WHERE exam_id = %(exam_id)s
INFO:sqlalchemy.engine.Engine:SELECT exam_id, exam_name, total_score, total_questions FROM exams WHERE exam_id = %(exam_id)s
2026-05-12 14:19:15,871 INFO sqlalchemy.engine.Engine [cached since 238.9s ago] {'exam_id': 60}
INFO:sqlalchemy.engine.Engine:[cached since 238.9s ago] {'exam_id': 60}
2026-05-12 14:19:15,874 INFO sqlalchemy.engine.Engine 
                        SELECT COALESCE(SUM(q.score), 0) 
                        FROM questions q 
                        INNER JOIN exam_questions eq ON q.id = eq.question_id 
                        WHERE eq.exam_id = %(exam_id)s
                    
INFO:sqlalchemy.engine.Engine:
                        SELECT COALESCE(SUM(q.score), 0) 
                        FROM questions q 
                        INNER JOIN exam_questions eq ON q.id = eq.question_id 
                        WHERE eq.exam_id = %(exam_id)s
                    
2026-05-12 14:19:15,875 INFO sqlalchemy.engine.Engine [cached since 238.9s ago] {'exam_id': 60}
INFO:sqlalchemy.engine.Engine:[cached since 238.9s ago] {'exam_id': 60}
2026-05-12 14:19:15,879 INFO sqlalchemy.engine.Engine 
                SELECT s.student_id, s.name, s.student_number, s.class
                FROM students s
                INNER JOIN exam_students es ON s.student_id = es.student_id
                WHERE es.exam_id = %(exam_id)s
                ORDER BY es.sort_order ASC, s.student_number ASC
                
INFO:sqlalchemy.engine.Engine:
                SELECT s.student_id, s.name, s.student_number, s.class
                FROM students s
                INNER JOIN exam_students es ON s.student_id = es.student_id
                WHERE es.exam_id = %(exam_id)s
                ORDER BY es.sort_order ASC, s.student_number ASC
                
2026-05-12 14:19:15,880 INFO sqlalchemy.engine.Engine [cached since 238.9s ago] {'exam_id': 60}
INFO:sqlalchemy.engine.Engine:[cached since 238.9s ago] {'exam_id': 60}
2026-05-12 14:19:15,893 INFO sqlalchemy.engine.Engine 
                SELECT q.id, q.content, q.score as max_score, eq.question_order
                FROM questions q
                INNER JOIN exam_questions eq ON q.id = eq.question_id
                WHERE eq.exam_id = %(exam_id)s
                ORDER BY eq.question_order
                
INFO:sqlalchemy.engine.Engine:
                SELECT q.id, q.content, q.score as max_score, eq.question_order
                FROM questions q
                INNER JOIN exam_questions eq ON q.id = eq.question_id
                WHERE eq.exam_id = %(exam_id)s
                ORDER BY eq.question_order
                
2026-05-12 14:19:15,894 INFO sqlalchemy.engine.Engine [cached since 238.9s ago] {'exam_id': 60}
INFO:sqlalchemy.engine.Engine:[cached since 238.9s ago] {'exam_id': 60}
2026-05-12 14:19:15,898 INFO sqlalchemy.engine.Engine 
                SELECT DISTINCT student_id, question_id, score, student_answer, updated_at
                FROM student_scores
                WHERE exam_id = %(exam_id)s
                
INFO:sqlalchemy.engine.Engine:
                SELECT DISTINCT student_id, question_id, score, student_answer, updated_at
                FROM student_scores
                WHERE exam_id = %(exam_id)s
                
2026-05-12 14:19:15,899 INFO sqlalchemy.engine.Engine [cached since 238.9s ago] {'exam_id': 60}
INFO:sqlalchemy.engine.Engine:[cached since 238.9s ago] {'exam_id': 60}
2026-05-12 14:19:15,964 INFO sqlalchemy.engine.Engine BEGIN (implicit)
INFO:sqlalchemy.engine.Engine:BEGIN (implicit)
2026-05-12 14:19:15,964 INFO sqlalchemy.engine.Engine SELECT COUNT(*) FROM exam_students WHERE exam_id = %(exam_id)s
INFO:sqlalchemy.engine.Engine:SELECT COUNT(*) FROM exam_students WHERE exam_id = %(exam_id)s
2026-05-12 14:19:15,968 INFO sqlalchemy.engine.Engine [cached since 240s ago] {'exam_id': 60}
INFO:sqlalchemy.engine.Engine:[cached since 240s ago] {'exam_id': 60}
2026-05-12 14:19:15,974 INFO sqlalchemy.engine.Engine SELECT COUNT(DISTINCT student_id) FROM student_scores WHERE exam_id = %(exam_id)s
INFO:sqlalchemy.engine.Engine:SELECT COUNT(DISTINCT student_id) FROM student_scores WHERE exam_id = %(exam_id)s
2026-05-12 14:19:15,977 INFO sqlalchemy.engine.Engine [cached since 239s ago] {'exam_id': 60}
INFO:sqlalchemy.engine.Engine:[cached since 239s ago] {'exam_id': 60}
2026-05-12 14:19:15,982 INFO sqlalchemy.engine.Engine ROLLBACK
INFO:sqlalchemy.engine.Engine:ROLLBACK
INFO:     127.0.0.1:59720 - "GET /api/exams/60/grading-progress HTTP/1.1" 200 OK
2026-05-12 14:19:16,002 INFO sqlalchemy.engine.Engine ROLLBACK
INFO:sqlalchemy.engine.Engine:ROLLBACK
INFO:     127.0.0.1:49168 - "GET /api/exams/60/scores HTTP/1.1" 200 OK
2026-05-12 14:19:16,169 INFO sqlalchemy.engine.Engine BEGIN (implicit)
INFO:sqlalchemy.engine.Engine:BEGIN (implicit)
2026-05-12 14:19:16,170 INFO sqlalchemy.engine.Engine BEGIN (implicit)
2026-05-12 14:19:16,170 INFO sqlalchemy.engine.Engine SELECT exam_id FROM exams WHERE exam_id = %(exam_id)s
INFO:sqlalchemy.engine.Engine:BEGIN (implicit)
2026-05-12 14:19:16,171 INFO sqlalchemy.engine.Engine 
                SELECT q.*, eq.question_order 
                FROM questions q
                JOIN exam_questions eq ON q.id = eq.question_id
                WHERE eq.exam_id = %(exam_id)s 
                ORDER BY eq.question_order
                
INFO:sqlalchemy.engine.Engine:SELECT exam_id FROM exams WHERE exam_id = %(exam_id)s
2026-05-12 14:19:16,172 INFO sqlalchemy.engine.Engine [cached since 239.1s ago] {'exam_id': 60}
INFO:sqlalchemy.engine.Engine:
                SELECT q.*, eq.question_order 
                FROM questions q
                JOIN exam_questions eq ON q.id = eq.question_id
                WHERE eq.exam_id = %(exam_id)s 
                ORDER BY eq.question_order
                
2026-05-12 14:19:16,172 INFO sqlalchemy.engine.Engine [cached since 239.1s ago] {'exam_id': 60}
INFO:sqlalchemy.engine.Engine:[cached since 239.1s ago] {'exam_id': 60}
2026-05-12 14:19:16,177 INFO sqlalchemy.engine.Engine BEGIN (implicit)
INFO:sqlalchemy.engine.Engine:[cached since 239.1s ago] {'exam_id': 60}
2026-05-12 14:19:16,179 INFO sqlalchemy.engine.Engine BEGIN (implicit)
2026-05-12 14:19:16,180 INFO sqlalchemy.engine.Engine 
                SELECT s.student_id, s.name, s.student_number, s.class as class_name, s.contact_info, s.created_at, s.updated_at, es.sort_order
                FROM students s
                INNER JOIN exam_students es ON s.student_id = es.student_id
                WHERE es.exam_id = %(exam_id)s
                ORDER BY es.sort_order ASC, s.student_number ASC
                
INFO:sqlalchemy.engine.Engine:BEGIN (implicit)
2026-05-12 14:19:16,181 INFO sqlalchemy.engine.Engine SELECT exam_id FROM exams WHERE exam_id = %(exam_id)s
INFO:sqlalchemy.engine.Engine:BEGIN (implicit)
2026-05-12 14:19:16,182 INFO sqlalchemy.engine.Engine SELECT exam_id, exam_name, total_score, total_questions FROM exams WHERE exam_id = %(exam_id)s
INFO:sqlalchemy.engine.Engine:
                SELECT s.student_id, s.name, s.student_number, s.class as class_name, s.contact_info, s.created_at, s.updated_at, es.sort_order
                FROM students s
                INNER JOIN exam_students es ON s.student_id = es.student_id
                WHERE es.exam_id = %(exam_id)s
                ORDER BY es.sort_order ASC, s.student_number ASC
                
2026-05-12 14:19:16,183 INFO sqlalchemy.engine.Engine [cached since 239.1s ago] {'exam_id': 60}
INFO:sqlalchemy.engine.Engine:SELECT exam_id FROM exams WHERE exam_id = %(exam_id)s
2026-05-12 14:19:16,184 INFO sqlalchemy.engine.Engine [cached since 239.1s ago] {'exam_id': 60}
INFO:sqlalchemy.engine.Engine:SELECT exam_id, exam_name, total_score, total_questions FROM exams WHERE exam_id = %(exam_id)s
2026-05-12 14:19:16,186 INFO sqlalchemy.engine.Engine ROLLBACK
INFO:sqlalchemy.engine.Engine:[cached since 239.1s ago] {'exam_id': 60}
2026-05-12 14:19:16,187 INFO sqlalchemy.engine.Engine [cached since 239.2s ago] {'exam_id': 60}
INFO:sqlalchemy.engine.Engine:[cached since 239.1s ago] {'exam_id': 60}
INFO:sqlalchemy.engine.Engine:ROLLBACK
INFO:sqlalchemy.engine.Engine:[cached since 239.2s ago] {'exam_id': 60}
2026-05-12 14:19:16,190 INFO sqlalchemy.engine.Engine 
                SELECT s.student_id, s.name, s.student_number, s.class as class_name, s.contact_info, s.created_at, s.updated_at, es.sort_order
                FROM students s
                INNER JOIN exam_students es ON s.student_id = es.student_id
                WHERE es.exam_id = %(exam_id)s
                ORDER BY es.sort_order ASC, s.student_number ASC
                
INFO:sqlalchemy.engine.Engine:
                SELECT s.student_id, s.name, s.student_number, s.class as class_name, s.contact_info, s.created_at, s.updated_at, es.sort_order
                FROM students s
                INNER JOIN exam_students es ON s.student_id = es.student_id
                WHERE es.exam_id = %(exam_id)s
                ORDER BY es.sort_order ASC, s.student_number ASC
                
2026-05-12 14:19:16,191 INFO sqlalchemy.engine.Engine [cached since 239.1s ago] {'exam_id': 60}
INFO:sqlalchemy.engine.Engine:[cached since 239.1s ago] {'exam_id': 60}
2026-05-12 14:19:16,195 INFO sqlalchemy.engine.Engine 
                        SELECT COALESCE(SUM(q.score), 0) 
                        FROM questions q 
                        INNER JOIN exam_questions eq ON q.id = eq.question_id 
                        WHERE eq.exam_id = %(exam_id)s
                    
INFO:sqlalchemy.engine.Engine:
                        SELECT COALESCE(SUM(q.score), 0) 
                        FROM questions q 
                        INNER JOIN exam_questions eq ON q.id = eq.question_id 
                        WHERE eq.exam_id = %(exam_id)s
                    
INFO:     127.0.0.1:59726 - "GET /api/exams/60/questions HTTP/1.1" 200 OK
2026-05-12 14:19:16,200 INFO sqlalchemy.engine.Engine [cached since 239.2s ago] {'exam_id': 60}
INFO:sqlalchemy.engine.Engine:[cached since 239.2s ago] {'exam_id': 60}
2026-05-12 14:19:16,217 INFO sqlalchemy.engine.Engine 
                SELECT s.student_id, s.name, s.student_number, s.class
                FROM students s
                INNER JOIN exam_students es ON s.student_id = es.student_id
                WHERE es.exam_id = %(exam_id)s
                ORDER BY es.sort_order ASC, s.student_number ASC
                
INFO:sqlalchemy.engine.Engine:
                SELECT s.student_id, s.name, s.student_number, s.class
                FROM students s
                INNER JOIN exam_students es ON s.student_id = es.student_id
                WHERE es.exam_id = %(exam_id)s
                ORDER BY es.sort_order ASC, s.student_number ASC
                
2026-05-12 14:19:16,218 INFO sqlalchemy.engine.Engine [cached since 239.2s ago] {'exam_id': 60}
INFO:sqlalchemy.engine.Engine:[cached since 239.2s ago] {'exam_id': 60}
2026-05-12 14:19:16,221 INFO sqlalchemy.engine.Engine ROLLBACK
INFO:sqlalchemy.engine.Engine:ROLLBACK
2026-05-12 14:19:16,227 INFO sqlalchemy.engine.Engine ROLLBACK
INFO:sqlalchemy.engine.Engine:ROLLBACK
INFO:     127.0.0.1:59734 - "GET /api/exams/60/students HTTP/1.1" 200 OK
INFO:     127.0.0.1:49168 - "GET /api/exams/60/students HTTP/1.1" 200 OK
2026-05-12 14:19:16,239 INFO sqlalchemy.engine.Engine 
                SELECT q.id, q.content, q.score as max_score, eq.question_order
                FROM questions q
                INNER JOIN exam_questions eq ON q.id = eq.question_id
                WHERE eq.exam_id = %(exam_id)s
                ORDER BY eq.question_order
                
INFO:sqlalchemy.engine.Engine:
                SELECT q.id, q.content, q.score as max_score, eq.question_order
                FROM questions q
                INNER JOIN exam_questions eq ON q.id = eq.question_id
                WHERE eq.exam_id = %(exam_id)s
                ORDER BY eq.question_order
                
2026-05-12 14:19:16,240 INFO sqlalchemy.engine.Engine BEGIN (implicit)
INFO:sqlalchemy.engine.Engine:BEGIN (implicit)
2026-05-12 14:19:16,241 INFO sqlalchemy.engine.Engine [cached since 239.2s ago] {'exam_id': 60}
2026-05-12 14:19:16,241 INFO sqlalchemy.engine.Engine SELECT exam_id FROM exams WHERE exam_id = %(exam_id)s
INFO:sqlalchemy.engine.Engine:[cached since 239.2s ago] {'exam_id': 60}
INFO:sqlalchemy.engine.Engine:SELECT exam_id FROM exams WHERE exam_id = %(exam_id)s
2026-05-12 14:19:16,242 INFO sqlalchemy.engine.Engine [cached since 239.2s ago] {'exam_id': 60}
INFO:sqlalchemy.engine.Engine:[cached since 239.2s ago] {'exam_id': 60}
2026-05-12 14:19:16,244 INFO sqlalchemy.engine.Engine 
                SELECT s.student_id, s.name, s.student_number, s.class as class_name, s.contact_info, s.created_at, s.updated_at, es.sort_order
                FROM students s
                INNER JOIN exam_students es ON s.student_id = es.student_id
                WHERE es.exam_id = %(exam_id)s
                ORDER BY es.sort_order ASC, s.student_number ASC
                
INFO:sqlalchemy.engine.Engine:
                SELECT s.student_id, s.name, s.student_number, s.class as class_name, s.contact_info, s.created_at, s.updated_at, es.sort_order
                FROM students s
                INNER JOIN exam_students es ON s.student_id = es.student_id
                WHERE es.exam_id = %(exam_id)s
                ORDER BY es.sort_order ASC, s.student_number ASC
                
2026-05-12 14:19:16,245 INFO sqlalchemy.engine.Engine [cached since 239.2s ago] {'exam_id': 60}
INFO:sqlalchemy.engine.Engine:[cached since 239.2s ago] {'exam_id': 60}
2026-05-12 14:19:16,245 INFO sqlalchemy.engine.Engine 
                SELECT DISTINCT student_id, question_id, score, student_answer, updated_at
                FROM student_scores
                WHERE exam_id = %(exam_id)s
                
INFO:sqlalchemy.engine.Engine:
                SELECT DISTINCT student_id, question_id, score, student_answer, updated_at
                FROM student_scores
                WHERE exam_id = %(exam_id)s
                
2026-05-12 14:19:16,246 INFO sqlalchemy.engine.Engine [cached since 239.3s ago] {'exam_id': 60}
INFO:sqlalchemy.engine.Engine:[cached since 239.3s ago] {'exam_id': 60}
2026-05-12 14:19:16,250 INFO sqlalchemy.engine.Engine ROLLBACK
INFO:sqlalchemy.engine.Engine:ROLLBACK
INFO:     127.0.0.1:59726 - "GET /api/exams/60/students HTTP/1.1" 200 OK
2026-05-12 14:19:16,270 INFO sqlalchemy.engine.Engine ROLLBACK
INFO:sqlalchemy.engine.Engine:ROLLBACK
INFO:     127.0.0.1:59742 - "GET /api/exams/60/scores HTTP/1.1" 200 OK
2026-05-12 14:19:16,297 INFO sqlalchemy.engine.Engine BEGIN (implicit)
INFO:sqlalchemy.engine.Engine:BEGIN (implicit)
2026-05-12 14:19:16,297 INFO sqlalchemy.engine.Engine SELECT exam_id, exam_name, total_score, total_questions FROM exams WHERE exam_id = %(exam_id)s
INFO:sqlalchemy.engine.Engine:SELECT exam_id, exam_name, total_score, total_questions FROM exams WHERE exam_id = %(exam_id)s
2026-05-12 14:19:16,298 INFO sqlalchemy.engine.Engine [cached since 239.3s ago] {'exam_id': 60}
INFO:sqlalchemy.engine.Engine:[cached since 239.3s ago] {'exam_id': 60}
2026-05-12 14:19:16,299 INFO sqlalchemy.engine.Engine 
                        SELECT COALESCE(SUM(q.score), 0) 
                        FROM questions q 
                        INNER JOIN exam_questions eq ON q.id = eq.question_id 
                        WHERE eq.exam_id = %(exam_id)s
                    
INFO:sqlalchemy.engine.Engine:
                        SELECT COALESCE(SUM(q.score), 0) 
                        FROM questions q 
                        INNER JOIN exam_questions eq ON q.id = eq.question_id 
                        WHERE eq.exam_id = %(exam_id)s
                    
2026-05-12 14:19:16,299 INFO sqlalchemy.engine.Engine [cached since 239.3s ago] {'exam_id': 60}
INFO:sqlalchemy.engine.Engine:[cached since 239.3s ago] {'exam_id': 60}
2026-05-12 14:19:16,301 INFO sqlalchemy.engine.Engine 
                SELECT s.student_id, s.name, s.student_number, s.class
                FROM students s
                INNER JOIN exam_students es ON s.student_id = es.student_id
                WHERE es.exam_id = %(exam_id)s
                ORDER BY es.sort_order ASC, s.student_number ASC
                
INFO:sqlalchemy.engine.Engine:
                SELECT s.student_id, s.name, s.student_number, s.class
                FROM students s
                INNER JOIN exam_students es ON s.student_id = es.student_id
                WHERE es.exam_id = %(exam_id)s
                ORDER BY es.sort_order ASC, s.student_number ASC
                
2026-05-12 14:19:16,301 INFO sqlalchemy.engine.Engine [cached since 239.3s ago] {'exam_id': 60}
INFO:sqlalchemy.engine.Engine:[cached since 239.3s ago] {'exam_id': 60}
2026-05-12 14:19:16,304 INFO sqlalchemy.engine.Engine 
                SELECT q.id, q.content, q.score as max_score, eq.question_order
                FROM questions q
                INNER JOIN exam_questions eq ON q.id = eq.question_id
                WHERE eq.exam_id = %(exam_id)s
                ORDER BY eq.question_order
                
INFO:sqlalchemy.engine.Engine:
                SELECT q.id, q.content, q.score as max_score, eq.question_order
                FROM questions q
                INNER JOIN exam_questions eq ON q.id = eq.question_id
                WHERE eq.exam_id = %(exam_id)s
                ORDER BY eq.question_order
                
2026-05-12 14:19:16,304 INFO sqlalchemy.engine.Engine [cached since 239.3s ago] {'exam_id': 60}
INFO:sqlalchemy.engine.Engine:[cached since 239.3s ago] {'exam_id': 60}
2026-05-12 14:19:16,306 INFO sqlalchemy.engine.Engine 
                SELECT DISTINCT student_id, question_id, score, student_answer, updated_at
                FROM student_scores
                WHERE exam_id = %(exam_id)s
                
INFO:sqlalchemy.engine.Engine:
                SELECT DISTINCT student_id, question_id, score, student_answer, updated_at
                FROM student_scores
                WHERE exam_id = %(exam_id)s
                
2026-05-12 14:19:16,306 INFO sqlalchemy.engine.Engine [cached since 239.3s ago] {'exam_id': 60}
INFO:sqlalchemy.engine.Engine:[cached since 239.3s ago] {'exam_id': 60}
2026-05-12 14:19:16,322 INFO sqlalchemy.engine.Engine ROLLBACK
INFO:sqlalchemy.engine.Engine:ROLLBACK
INFO:     127.0.0.1:59756 - "GET /api/exams/60/scores HTTP/1.1" 200 OK
2026-05-12 14:19:16,437 INFO sqlalchemy.engine.Engine BEGIN (implicit)
INFO:sqlalchemy.engine.Engine:BEGIN (implicit)
2026-05-12 14:19:16,437 INFO sqlalchemy.engine.Engine SELECT * FROM students ORDER BY name
INFO:sqlalchemy.engine.Engine:SELECT * FROM students ORDER BY name
2026-05-12 14:19:16,437 INFO sqlalchemy.engine.Engine [cached since 243.7s ago] {}
INFO:sqlalchemy.engine.Engine:[cached since 243.7s ago] {}
2026-05-12 14:19:16,442 INFO sqlalchemy.engine.Engine ROLLBACK
INFO:sqlalchemy.engine.Engine:ROLLBACK
INFO:     127.0.0.1:59726 - "GET /api/students HTTP/1.1" 200 OK
2026-05-12 14:19:16,528 INFO sqlalchemy.engine.Engine BEGIN (implicit)
INFO:sqlalchemy.engine.Engine:BEGIN (implicit)
2026-05-12 14:19:16,529 INFO sqlalchemy.engine.Engine SELECT exam_id FROM exams WHERE exam_id = %(exam_id)s
INFO:sqlalchemy.engine.Engine:SELECT exam_id FROM exams WHERE exam_id = %(exam_id)s
2026-05-12 14:19:16,530 INFO sqlalchemy.engine.Engine [cached since 239.5s ago] {'exam_id': 60}
INFO:sqlalchemy.engine.Engine:[cached since 239.5s ago] {'exam_id': 60}
2026-05-12 14:19:16,532 INFO sqlalchemy.engine.Engine 
                SELECT 
                    a.id, a.filename, a.file_path, a.processed_file_path,
                    a.uploaded_at, a.page_order,
                    s.student_id, s.name as student_name, s.student_number, s.class as student_class
                FROM answer_sheets a
                JOIN students s ON a.student_id = s.student_id
                WHERE a.exam_id = %(exam_id)s
                ORDER BY s.student_id, a.page_order
                
INFO:sqlalchemy.engine.Engine:
                SELECT 
                    a.id, a.filename, a.file_path, a.processed_file_path,
                    a.uploaded_at, a.page_order,
                    s.student_id, s.name as student_name, s.student_number, s.class as student_class
                FROM answer_sheets a
                JOIN students s ON a.student_id = s.student_id
                WHERE a.exam_id = %(exam_id)s
                ORDER BY s.student_id, a.page_order
                
2026-05-12 14:19:16,533 INFO sqlalchemy.engine.Engine [cached since 239.1s ago] {'exam_id': 60}
INFO:sqlalchemy.engine.Engine:[cached since 239.1s ago] {'exam_id': 60}
2026-05-12 14:19:16,542 INFO sqlalchemy.engine.Engine BEGIN (implicit)
INFO:sqlalchemy.engine.Engine:BEGIN (implicit)
2026-05-12 14:19:16,543 INFO sqlalchemy.engine.Engine 
                SELECT q.*, eq.question_order 
                FROM questions q
                JOIN exam_questions eq ON q.id = eq.question_id
                WHERE eq.exam_id = %(exam_id)s 
                ORDER BY eq.question_order
                
INFO:sqlalchemy.engine.Engine:
                SELECT q.*, eq.question_order 
                FROM questions q
                JOIN exam_questions eq ON q.id = eq.question_id
                WHERE eq.exam_id = %(exam_id)s 
                ORDER BY eq.question_order
                
2026-05-12 14:19:16,543 INFO sqlalchemy.engine.Engine [cached since 239.5s ago] {'exam_id': 60}
INFO:sqlalchemy.engine.Engine:[cached since 239.5s ago] {'exam_id': 60}
2026-05-12 14:19:16,546 INFO sqlalchemy.engine.Engine ROLLBACK
INFO:sqlalchemy.engine.Engine:ROLLBACK
INFO:     127.0.0.1:59726 - "GET /api/exams/60/images HTTP/1.1" 200 OK
2026-05-12 14:19:16,554 INFO sqlalchemy.engine.Engine ROLLBACK
INFO:sqlalchemy.engine.Engine:ROLLBACK
INFO:     127.0.0.1:59762 - "GET /api/exams/60/questions HTTP/1.1" 200 OK
INFO:     127.0.0.1:59776 - "GET /answer_sheets/60/1778142136_python%E7%AD%94%E9%A2%98%E5%8D%A1_190_processed.png HTTP/1.1" 200 OK
INFO:     127.0.0.1:59782 - "GET /answer_sheets/60/1778142136_python%E7%AD%94%E9%A2%98%E5%8D%A1_191_processed.png HTTP/1.1" 200 OK
INFO:     127.0.0.1:59784 - "GET /answer_sheets/60/1778142136_python%E7%AD%94%E9%A2%98%E5%8D%A1_200_processed.png HTTP/1.1" 200 OK
INFO:     127.0.0.1:59788 - "GET /answer_sheets/60/1778142136_python%E7%AD%94%E9%A2%98%E5%8D%A1_201_processed.png HTTP/1.1" 200 OK
INFO:     127.0.0.1:59796 - "GET /answer_sheets/60/1778142137_python%E7%AD%94%E9%A2%98%E5%8D%A1_210_processed.png HTTP/1.1" 200 OK
INFO:     127.0.0.1:59798 - "GET /answer_sheets/60/1778142137_python%E7%AD%94%E9%A2%98%E5%8D%A1_211_processed.png HTTP/1.1" 200 OK
INFO:     127.0.0.1:59776 - "GET /answer_sheets/60/1778142138_python%E7%AD%94%E9%A2%98%E5%8D%A1_220_processed.png HTTP/1.1" 200 OK
INFO:     127.0.0.1:59776 - "GET /answer_sheets/60/1778142138_python%E7%AD%94%E9%A2%98%E5%8D%A1_221_processed.png HTTP/1.1" 200 OK
INFO:     127.0.0.1:59782 - "GET /answer_sheets/60/1778142141_python%E7%AD%94%E9%A2%98%E5%8D%A1_250_processed.png HTTP/1.1" 200 OK
INFO:     127.0.0.1:59788 - "GET /answer_sheets/60/1778142141_python%E7%AD%94%E9%A2%98%E5%8D%A1_240_processed.png HTTP/1.1" 200 OK
INFO:     127.0.0.1:59784 - "GET /answer_sheets/60/1778142141_python%E7%AD%94%E9%A2%98%E5%8D%A1_241_processed.png HTTP/1.1" 200 OK
INFO:     127.0.0.1:59796 - "GET /answer_sheets/60/1778142139_python%E7%AD%94%E9%A2%98%E5%8D%A1_231_processed.png HTTP/1.1" 200 OK
INFO:     127.0.0.1:59798 - "GET /answer_sheets/60/1778142139_python%E7%AD%94%E9%A2%98%E5%8D%A1_230_processed.png HTTP/1.1" 200 OK
INFO:     127.0.0.1:59796 - "GET /answer_sheets/60/1778142142_python%E7%AD%94%E9%A2%98%E5%8D%A1_251_processed.png HTTP/1.1" 200 OK
INFO:     127.0.0.1:59782 - "GET /answer_sheets/60/1778142142_python%E7%AD%94%E9%A2%98%E5%8D%A1_260_processed.png HTTP/1.1" 200 OK
INFO:     127.0.0.1:59798 - "GET /answer_sheets/60/1778142143_python%E7%AD%94%E9%A2%98%E5%8D%A1_270_processed.png HTTP/1.1" 200 OK
INFO:     127.0.0.1:59788 - "GET /answer_sheets/60/1778142143_python%E7%AD%94%E9%A2%98%E5%8D%A1_261_processed.png HTTP/1.1" 200 OK
INFO:     127.0.0.1:59776 - "GET /answer_sheets/60/1778142148_python%E7%AD%94%E9%A2%98%E5%8D%A1_280_processed.png HTTP/1.1" 200 OK
INFO:     127.0.0.1:59784 - "GET /answer_sheets/60/1778142144_python%E7%AD%94%E9%A2%98%E5%8D%A1_271_processed.png HTTP/1.1" 200 OK
INFO:     127.0.0.1:59796 - "GET /answer_sheets/60/1778142149_python%E7%AD%94%E9%A2%98%E5%8D%A1_281_processed.png HTTP/1.1" 200 OK
INFO:     127.0.0.1:59784 - "GET /answer_sheets/60/1778142149_python%E7%AD%94%E9%A2%98%E5%8D%A1_290_processed.png HTTP/1.1" 200 OK
INFO:     127.0.0.1:59788 - "GET /answer_sheets/60/1778142149_python%E7%AD%94%E9%A2%98%E5%8D%A1_291_processed.png HTTP/1.1" 200 OK
INFO:     127.0.0.1:59798 - "GET /answer_sheets/60/1778142150_python%E7%AD%94%E9%A2%98%E5%8D%A1_300_processed.png HTTP/1.1" 200 OK
INFO:     127.0.0.1:59782 - "GET /answer_sheets/60/1778142150_python%E7%AD%94%E9%A2%98%E5%8D%A1_310_processed.png HTTP/1.1" 200 OK
INFO:     127.0.0.1:59776 - "GET /answer_sheets/60/1778142150_python%E7%AD%94%E9%A2%98%E5%8D%A1_301_processed.png HTTP/1.1" 200 OK
INFO:     127.0.0.1:59796 - "GET /answer_sheets/60/1778142150_python%E7%AD%94%E9%A2%98%E5%8D%A1_311_processed.png HTTP/1.1" 200 OK
INFO:     127.0.0.1:59784 - "GET /answer_sheets/60/1778142151_python%E7%AD%94%E9%A2%98%E5%8D%A1_320_processed.png HTTP/1.1" 200 OK
INFO:     127.0.0.1:59776 - "GET /answer_sheets/60/1778142151_python%E7%AD%94%E9%A2%98%E5%8D%A1_321_processed.png HTTP/1.1" 200 OK
INFO:     127.0.0.1:59788 - "GET /answer_sheets/60/1778142151_python%E7%AD%94%E9%A2%98%E5%8D%A1_330_processed.png HTTP/1.1" 200 OK
INFO:     127.0.0.1:59798 - "GET /answer_sheets/60/1778142151_python%E7%AD%94%E9%A2%98%E5%8D%A1_331_processed.png HTTP/1.1" 200 OK
INFO:     127.0.0.1:59796 - "GET /answer_sheets/60/1778142152_python%E7%AD%94%E9%A2%98%E5%8D%A1_341_processed.png HTTP/1.1" 200 OK
INFO:     127.0.0.1:59782 - "GET /answer_sheets/60/1778142151_python%E7%AD%94%E9%A2%98%E5%8D%A1_340_processed.png HTTP/1.1" 200 OK
INFO:     127.0.0.1:59784 - "GET /answer_sheets/60/1778142152_python%E7%AD%94%E9%A2%98%E5%8D%A1_350_processed.png HTTP/1.1" 200 OK
INFO:     127.0.0.1:59776 - "GET /answer_sheets/60/1778142152_python%E7%AD%94%E9%A2%98%E5%8D%A1_351_processed.png HTTP/1.1" 200 OK
INFO:     127.0.0.1:59788 - "GET /answer_sheets/60/1778142153_python%E7%AD%94%E9%A2%98%E5%8D%A1_360_processed.png HTTP/1.1" 200 OK
INFO:     127.0.0.1:59798 - "GET /answer_sheets/60/1778142154_python%E7%AD%94%E9%A2%98%E5%8D%A1_361_processed.png HTTP/1.1" 200 OK
INFO:     127.0.0.1:59796 - "GET /answer_sheets/60/1778142154_python%E7%AD%94%E9%A2%98%E5%8D%A1_370_processed.png HTTP/1.1" 200 OK
INFO:     127.0.0.1:59784 - "GET /answer_sheets/60/1778142155_python%E7%AD%94%E9%A2%98%E5%8D%A1_371_processed.png HTTP/1.1" 200 OK
INFO:     127.0.0.1:59776 - "GET /answer_sheets/60/1778142155_python%E7%AD%94%E9%A2%98%E5%8D%A1_380_processed.png HTTP/1.1" 200 OK
INFO:     127.0.0.1:59782 - "GET /answer_sheets/60/1778142156_python%E7%AD%94%E9%A2%98%E5%8D%A1_381_processed.png HTTP/1.1" 200 OK
INFO:     127.0.0.1:59788 - "GET /answer_sheets/60/1778142156_python%E7%AD%94%E9%A2%98%E5%8D%A1_390_processed.png HTTP/1.1" 200 OK
INFO:     127.0.0.1:59798 - "GET /answer_sheets/60/1778142156_python%E7%AD%94%E9%A2%98%E5%8D%A1_391_processed.png HTTP/1.1" 200 OK
INFO:     127.0.0.1:59796 - "GET /answer_sheets/60/1778142157_python%E7%AD%94%E9%A2%98%E5%8D%A1_400_processed.png HTTP/1.1" 200 OK
INFO:     127.0.0.1:59782 - "GET /answer_sheets/60/1778142157_python%E7%AD%94%E9%A2%98%E5%8D%A1_401_processed.png HTTP/1.1" 200 OK
INFO:     127.0.0.1:59784 - "GET /answer_sheets/60/1778142157_python%E7%AD%94%E9%A2%98%E5%8D%A1_410_processed.png HTTP/1.1" 200 OK
INFO:     127.0.0.1:59776 - "GET /answer_sheets/60/1778142158_python%E7%AD%94%E9%A2%98%E5%8D%A1_411_processed.png HTTP/1.1" 200 OK
INFO:     127.0.0.1:59788 - "GET /answer_sheets/60/1778142158_python%E7%AD%94%E9%A2%98%E5%8D%A1_420_processed.png HTTP/1.1" 200 OK
INFO:     127.0.0.1:59798 - "GET /answer_sheets/60/1778142158_python%E7%AD%94%E9%A2%98%E5%8D%A1_421_processed.png HTTP/1.1" 200 OK
INFO:     127.0.0.1:59782 - "GET /answer_sheets/60/1778142159_python%E7%AD%94%E9%A2%98%E5%8D%A1_430_processed.png HTTP/1.1" 200 OK
INFO:     127.0.0.1:59796 - "GET /answer_sheets/60/1778142159_python%E7%AD%94%E9%A2%98%E5%8D%A1_431_processed.png HTTP/1.1" 200 OK
INFO:     127.0.0.1:59784 - "GET /answer_sheets/60/1778142159_python%E7%AD%94%E9%A2%98%E5%8D%A1_440_processed.png HTTP/1.1" 200 OK
INFO:     127.0.0.1:59776 - "GET /answer_sheets/60/1778142160_python%E7%AD%94%E9%A2%98%E5%8D%A1_441_processed.png HTTP/1.1" 200 OK
INFO:     127.0.0.1:59798 - "GET /answer_sheets/60/1778142160_python%E7%AD%94%E9%A2%98%E5%8D%A1_450_processed.png HTTP/1.1" 200 OK
INFO:     127.0.0.1:59788 - "GET /answer_sheets/60/1778142160_python%E7%AD%94%E9%A2%98%E5%8D%A1_451_processed.png HTTP/1.1" 200 OK
INFO:     127.0.0.1:59782 - "GET /answer_sheets/60/1778142161_python%E7%AD%94%E9%A2%98%E5%8D%A1_460_processed.png HTTP/1.1" 200 OK
INFO:     127.0.0.1:59788 - "GET /answer_sheets/60/1778142162_python%E7%AD%94%E9%A2%98%E5%8D%A1_461_processed.png HTTP/1.1" 200 OK
INFO:     127.0.0.1:59784 - "GET /answer_sheets/60/1778142162_python%E7%AD%94%E9%A2%98%E5%8D%A1_471_processed.png HTTP/1.1" 200 OK
INFO:     127.0.0.1:59796 - "GET /answer_sheets/60/1778142162_python%E7%AD%94%E9%A2%98%E5%8D%A1_470_processed.png HTTP/1.1" 200 OK
INFO:     127.0.0.1:59776 - "GET /answer_sheets/60/1778142162_python%E7%AD%94%E9%A2%98%E5%8D%A1_480_processed.png HTTP/1.1" 200 OK
INFO:     127.0.0.1:59798 - "GET /answer_sheets/60/1778142163_python%E7%AD%94%E9%A2%98%E5%8D%A1_481_processed.png HTTP/1.1" 200 OK
INFO:     127.0.0.1:59784 - "GET /answer_sheets/60/1778142163_python%E7%AD%94%E9%A2%98%E5%8D%A1_490_processed.png HTTP/1.1" 200 OK
INFO:     127.0.0.1:59796 - "GET /answer_sheets/60/1778142163_python%E7%AD%94%E9%A2%98%E5%8D%A1_491_processed.png HTTP/1.1" 200 OK
INFO:     127.0.0.1:59782 - "GET /answer_sheets/60/1778142163_python%E7%AD%94%E9%A2%98%E5%8D%A1_500_processed.png HTTP/1.1" 200 OK
INFO:     127.0.0.1:59788 - "GET /answer_sheets/60/1778142164_python%E7%AD%94%E9%A2%98%E5%8D%A1_501_processed.png HTTP/1.1" 200 OK
INFO:     127.0.0.1:59776 - "GET /answer_sheets/60/1778142164_python%E7%AD%94%E9%A2%98%E5%8D%A1_510_processed.png HTTP/1.1" 200 OK
INFO:     127.0.0.1:59798 - "GET /answer_sheets/60/1778142164_python%E7%AD%94%E9%A2%98%E5%8D%A1_511_processed.png HTTP/1.1" 200 OK
INFO:     127.0.0.1:59784 - "GET /answer_sheets/60/1778142164_python%E7%AD%94%E9%A2%98%E5%8D%A1_520_processed.png HTTP/1.1" 200 OK
INFO:     127.0.0.1:59788 - "GET /answer_sheets/60/1778142165_python%E7%AD%94%E9%A2%98%E5%8D%A1_521_processed.png HTTP/1.1" 200 OK
INFO:     127.0.0.1:59796 - "GET /answer_sheets/60/1778142165_python%E7%AD%94%E9%A2%98%E5%8D%A1_530_processed.png HTTP/1.1" 200 OK
INFO:     127.0.0.1:59782 - "GET /answer_sheets/60/1778142166_python%E7%AD%94%E9%A2%98%E5%8D%A1_531_processed.png HTTP/1.1" 200 OK
INFO:     127.0.0.1:59776 - "GET /answer_sheets/60/1778142166_python%E7%AD%94%E9%A2%98%E5%8D%A1_540_processed.png HTTP/1.1" 200 OK
INFO:     127.0.0.1:59788 - "GET /answer_sheets/60/1778142166_python%E7%AD%94%E9%A2%98%E5%8D%A1_541_processed.png HTTP/1.1" 200 OK
INFO:     127.0.0.1:59798 - "GET /answer_sheets/60/1778142166_python%E7%AD%94%E9%A2%98%E5%8D%A1_550_processed.png HTTP/1.1" 200 OK
INFO:     127.0.0.1:59782 - "GET /answer_sheets/60/1778142167_python%E7%AD%94%E9%A2%98%E5%8D%A1_551_processed.png HTTP/1.1" 200 OK
INFO:     127.0.0.1:59784 - "GET /answer_sheets/60/1778142167_python%E7%AD%94%E9%A2%98%E5%8D%A1_560_processed.png HTTP/1.1" 200 OK
INFO:     127.0.0.1:59796 - "GET /answer_sheets/60/1778142167_python%E7%AD%94%E9%A2%98%E5%8D%A1_561_processed.png HTTP/1.1" 200 OK
INFO:     127.0.0.1:59776 - "GET /answer_sheets/60/1778142167_python%E7%AD%94%E9%A2%98%E5%8D%A1_570_processed.png HTTP/1.1" 200 OK
INFO:     127.0.0.1:59788 - "GET /answer_sheets/60/1778142168_python%E7%AD%94%E9%A2%98%E5%8D%A1_571_processed.png HTTP/1.1" 200 OK
INFO:     127.0.0.1:59798 - "GET /answer_sheets/60/1778142168_python%E7%AD%94%E9%A2%98%E5%8D%A1_580_processed.png HTTP/1.1" 200 OK
INFO:     127.0.0.1:59796 - "GET /answer_sheets/60/1778142169_python%E7%AD%94%E9%A2%98%E5%8D%A1_581_processed.png HTTP/1.1" 200 OK
INFO:     127.0.0.1:59784 - "GET /answer_sheets/60/1778142169_python%E7%AD%94%E9%A2%98%E5%8D%A1_590_processed.png HTTP/1.1" 200 OK
INFO:     127.0.0.1:59782 - "GET /answer_sheets/60/1778142170_python%E7%AD%94%E9%A2%98%E5%8D%A1_591_processed.png HTTP/1.1" 200 OK
INFO:     127.0.0.1:59730 - "OPTIONS /api/exams/60/images/1480/mask HTTP/1.1" 200 OK
2026-05-12 14:19:31,322 INFO sqlalchemy.engine.Engine BEGIN (implicit)
INFO:sqlalchemy.engine.Engine:BEGIN (implicit)
2026-05-12 14:19:31,322 INFO sqlalchemy.engine.Engine SELECT file_path, processed_file_path FROM answer_sheets WHERE id = %(image_id)s AND exam_id = %(exam_id)s
INFO:sqlalchemy.engine.Engine:SELECT file_path, processed_file_path FROM answer_sheets WHERE id = %(image_id)s AND exam_id = %(exam_id)s
2026-05-12 14:19:31,322 INFO sqlalchemy.engine.Engine [cached since 236.6s ago] {'image_id': 1480, 'exam_id': 60}
INFO:sqlalchemy.engine.Engine:[cached since 236.6s ago] {'image_id': 1480, 'exam_id': 60}
2026-05-12 14:19:31,323 INFO sqlalchemy.engine.Engine ROLLBACK
INFO:sqlalchemy.engine.Engine:ROLLBACK
2026-05-12 14:19:31,474 INFO sqlalchemy.engine.Engine BEGIN (implicit)
INFO:sqlalchemy.engine.Engine:BEGIN (implicit)
2026-05-12 14:19:31,474 INFO sqlalchemy.engine.Engine UPDATE answer_sheets SET processed_file_path = %(path)s WHERE id = %(image_id)s
INFO:sqlalchemy.engine.Engine:UPDATE answer_sheets SET processed_file_path = %(path)s WHERE id = %(image_id)s
2026-05-12 14:19:31,474 INFO sqlalchemy.engine.Engine [cached since 236.6s ago] {'path': './uploads/answer_sheets/60/1778142124_python答题卡_00_processed.png', 'image_id': 1480}
INFO:sqlalchemy.engine.Engine:[cached since 236.6s ago] {'path': './uploads/answer_sheets/60/1778142124_python答题卡_00_processed.png', 'image_id': 1480}
2026-05-12 14:19:31,476 INFO sqlalchemy.engine.Engine COMMIT
INFO:sqlalchemy.engine.Engine:COMMIT
INFO:     127.0.0.1:59730 - "POST /api/exams/60/images/1480/mask HTTP/1.1" 200 OK
2026-05-12 14:19:31,488 INFO sqlalchemy.engine.Engine BEGIN (implicit)
INFO:sqlalchemy.engine.Engine:BEGIN (implicit)
2026-05-12 14:19:31,489 INFO sqlalchemy.engine.Engine SELECT exam_id FROM exams WHERE exam_id = %(exam_id)s
INFO:sqlalchemy.engine.Engine:SELECT exam_id FROM exams WHERE exam_id = %(exam_id)s
2026-05-12 14:19:31,489 INFO sqlalchemy.engine.Engine [cached since 254.4s ago] {'exam_id': 60}
INFO:sqlalchemy.engine.Engine:[cached since 254.4s ago] {'exam_id': 60}
2026-05-12 14:19:31,490 INFO sqlalchemy.engine.Engine 
                SELECT s.student_id, s.name, s.student_number, s.class as class_name, s.contact_info, s.created_at, s.updated_at, es.sort_order
                FROM students s
                INNER JOIN exam_students es ON s.student_id = es.student_id
                WHERE es.exam_id = %(exam_id)s
                ORDER BY es.sort_order ASC, s.student_number ASC
                
INFO:sqlalchemy.engine.Engine:
                SELECT s.student_id, s.name, s.student_number, s.class as class_name, s.contact_info, s.created_at, s.updated_at, es.sort_order
                FROM students s
                INNER JOIN exam_students es ON s.student_id = es.student_id
                WHERE es.exam_id = %(exam_id)s
                ORDER BY es.sort_order ASC, s.student_number ASC
                
2026-05-12 14:19:31,490 INFO sqlalchemy.engine.Engine [cached since 254.4s ago] {'exam_id': 60}
INFO:sqlalchemy.engine.Engine:[cached since 254.4s ago] {'exam_id': 60}
2026-05-12 14:19:31,492 INFO sqlalchemy.engine.Engine ROLLBACK
INFO:sqlalchemy.engine.Engine:ROLLBACK
INFO:     127.0.0.1:59730 - "GET /api/exams/60/students HTTP/1.1" 200 OK
2026-05-12 14:19:31,508 INFO sqlalchemy.engine.Engine BEGIN (implicit)
INFO:sqlalchemy.engine.Engine:BEGIN (implicit)
2026-05-12 14:19:31,508 INFO sqlalchemy.engine.Engine SELECT exam_id FROM exams WHERE exam_id = %(exam_id)s
INFO:sqlalchemy.engine.Engine:SELECT exam_id FROM exams WHERE exam_id = %(exam_id)s
2026-05-12 14:19:31,508 INFO sqlalchemy.engine.Engine [cached since 254.4s ago] {'exam_id': 60}
INFO:sqlalchemy.engine.Engine:[cached since 254.4s ago] {'exam_id': 60}
2026-05-12 14:19:31,509 INFO sqlalchemy.engine.Engine 
                SELECT 
                    a.id, a.filename, a.file_path, a.processed_file_path,
                    a.uploaded_at, a.page_order,
                    s.student_id, s.name as student_name, s.student_number, s.class as student_class
                FROM answer_sheets a
                JOIN students s ON a.student_id = s.student_id
                WHERE a.exam_id = %(exam_id)s
                ORDER BY s.student_id, a.page_order
                
INFO:sqlalchemy.engine.Engine:
                SELECT 
                    a.id, a.filename, a.file_path, a.processed_file_path,
                    a.uploaded_at, a.page_order,
                    s.student_id, s.name as student_name, s.student_number, s.class as student_class
                FROM answer_sheets a
                JOIN students s ON a.student_id = s.student_id
                WHERE a.exam_id = %(exam_id)s
                ORDER BY s.student_id, a.page_order
                
2026-05-12 14:19:31,509 INFO sqlalchemy.engine.Engine [cached since 254.1s ago] {'exam_id': 60}
INFO:sqlalchemy.engine.Engine:[cached since 254.1s ago] {'exam_id': 60}
2026-05-12 14:19:31,514 INFO sqlalchemy.engine.Engine ROLLBACK
INFO:sqlalchemy.engine.Engine:ROLLBACK
INFO:     127.0.0.1:59730 - "GET /api/exams/60/images HTTP/1.1" 200 OK
INFO:     127.0.0.1:58136 - "OPTIONS /api/exams/60/images/1484/mask HTTP/1.1" 200 OK
2026-05-12 14:20:03,575 INFO sqlalchemy.engine.Engine BEGIN (implicit)
INFO:sqlalchemy.engine.Engine:BEGIN (implicit)
2026-05-12 14:20:03,575 INFO sqlalchemy.engine.Engine SELECT file_path, processed_file_path FROM answer_sheets WHERE id = %(image_id)s AND exam_id = %(exam_id)s
INFO:sqlalchemy.engine.Engine:SELECT file_path, processed_file_path FROM answer_sheets WHERE id = %(image_id)s AND exam_id = %(exam_id)s
2026-05-12 14:20:03,575 INFO sqlalchemy.engine.Engine [cached since 268.9s ago] {'image_id': 1484, 'exam_id': 60}
INFO:sqlalchemy.engine.Engine:[cached since 268.9s ago] {'image_id': 1484, 'exam_id': 60}
2026-05-12 14:20:03,576 INFO sqlalchemy.engine.Engine ROLLBACK
INFO:sqlalchemy.engine.Engine:ROLLBACK
2026-05-12 14:20:03,684 INFO sqlalchemy.engine.Engine BEGIN (implicit)
INFO:sqlalchemy.engine.Engine:BEGIN (implicit)
2026-05-12 14:20:03,684 INFO sqlalchemy.engine.Engine UPDATE answer_sheets SET processed_file_path = %(path)s WHERE id = %(image_id)s
INFO:sqlalchemy.engine.Engine:UPDATE answer_sheets SET processed_file_path = %(path)s WHERE id = %(image_id)s
2026-05-12 14:20:03,684 INFO sqlalchemy.engine.Engine [cached since 268.9s ago] {'path': './uploads/answer_sheets/60/1778142125_python答题卡_20_processed.png', 'image_id': 1484}
INFO:sqlalchemy.engine.Engine:[cached since 268.9s ago] {'path': './uploads/answer_sheets/60/1778142125_python答题卡_20_processed.png', 'image_id': 1484}
2026-05-12 14:20:03,685 INFO sqlalchemy.engine.Engine COMMIT
INFO:sqlalchemy.engine.Engine:COMMIT
INFO:     127.0.0.1:58136 - "POST /api/exams/60/images/1484/mask HTTP/1.1" 200 OK
2026-05-12 14:20:03,696 INFO sqlalchemy.engine.Engine BEGIN (implicit)
INFO:sqlalchemy.engine.Engine:BEGIN (implicit)
2026-05-12 14:20:03,696 INFO sqlalchemy.engine.Engine SELECT exam_id FROM exams WHERE exam_id = %(exam_id)s
INFO:sqlalchemy.engine.Engine:SELECT exam_id FROM exams WHERE exam_id = %(exam_id)s
2026-05-12 14:20:03,696 INFO sqlalchemy.engine.Engine [cached since 286.6s ago] {'exam_id': 60}
INFO:sqlalchemy.engine.Engine:[cached since 286.6s ago] {'exam_id': 60}
2026-05-12 14:20:03,697 INFO sqlalchemy.engine.Engine 
                SELECT s.student_id, s.name, s.student_number, s.class as class_name, s.contact_info, s.created_at, s.updated_at, es.sort_order
                FROM students s
                INNER JOIN exam_students es ON s.student_id = es.student_id
                WHERE es.exam_id = %(exam_id)s
                ORDER BY es.sort_order ASC, s.student_number ASC
                
INFO:sqlalchemy.engine.Engine:
                SELECT s.student_id, s.name, s.student_number, s.class as class_name, s.contact_info, s.created_at, s.updated_at, es.sort_order
                FROM students s
                INNER JOIN exam_students es ON s.student_id = es.student_id
                WHERE es.exam_id = %(exam_id)s
                ORDER BY es.sort_order ASC, s.student_number ASC
                
2026-05-12 14:20:03,698 INFO sqlalchemy.engine.Engine [cached since 286.6s ago] {'exam_id': 60}
INFO:sqlalchemy.engine.Engine:[cached since 286.6s ago] {'exam_id': 60}
2026-05-12 14:20:03,700 INFO sqlalchemy.engine.Engine ROLLBACK
INFO:sqlalchemy.engine.Engine:ROLLBACK
INFO:     127.0.0.1:58136 - "GET /api/exams/60/students HTTP/1.1" 200 OK
2026-05-12 14:20:03,714 INFO sqlalchemy.engine.Engine BEGIN (implicit)
INFO:sqlalchemy.engine.Engine:BEGIN (implicit)
2026-05-12 14:20:03,714 INFO sqlalchemy.engine.Engine SELECT exam_id FROM exams WHERE exam_id = %(exam_id)s
INFO:sqlalchemy.engine.Engine:SELECT exam_id FROM exams WHERE exam_id = %(exam_id)s
2026-05-12 14:20:03,714 INFO sqlalchemy.engine.Engine [cached since 286.6s ago] {'exam_id': 60}
INFO:sqlalchemy.engine.Engine:[cached since 286.6s ago] {'exam_id': 60}
2026-05-12 14:20:03,715 INFO sqlalchemy.engine.Engine 
                SELECT 
                    a.id, a.filename, a.file_path, a.processed_file_path,
                    a.uploaded_at, a.page_order,
                    s.student_id, s.name as student_name, s.student_number, s.class as student_class
                FROM answer_sheets a
                JOIN students s ON a.student_id = s.student_id
                WHERE a.exam_id = %(exam_id)s
                ORDER BY s.student_id, a.page_order
                
INFO:sqlalchemy.engine.Engine:
                SELECT 
                    a.id, a.filename, a.file_path, a.processed_file_path,
                    a.uploaded_at, a.page_order,
                    s.student_id, s.name as student_name, s.student_number, s.class as student_class
                FROM answer_sheets a
                JOIN students s ON a.student_id = s.student_id
                WHERE a.exam_id = %(exam_id)s
                ORDER BY s.student_id, a.page_order
                
2026-05-12 14:20:03,716 INFO sqlalchemy.engine.Engine [cached since 286.3s ago] {'exam_id': 60}
INFO:sqlalchemy.engine.Engine:[cached since 286.3s ago] {'exam_id': 60}
2026-05-12 14:20:03,719 INFO sqlalchemy.engine.Engine ROLLBACK
INFO:sqlalchemy.engine.Engine:ROLLBACK
INFO:     127.0.0.1:58136 - "GET /api/exams/60/images HTTP/1.1" 200 OK
2026-05-12 14:22:35,645 INFO sqlalchemy.engine.Engine BEGIN (implicit)
INFO:sqlalchemy.engine.Engine:BEGIN (implicit)
2026-05-12 14:22:35,645 INFO sqlalchemy.engine.Engine SELECT file_path, processed_file_path FROM answer_sheets WHERE id = %(image_id)s AND exam_id = %(exam_id)s
INFO:sqlalchemy.engine.Engine:SELECT file_path, processed_file_path FROM answer_sheets WHERE id = %(image_id)s AND exam_id = %(exam_id)s
2026-05-12 14:22:35,646 INFO sqlalchemy.engine.Engine [cached since 421s ago] {'image_id': 1484, 'exam_id': 60}
INFO:sqlalchemy.engine.Engine:[cached since 421s ago] {'image_id': 1484, 'exam_id': 60}
2026-05-12 14:22:35,647 INFO sqlalchemy.engine.Engine ROLLBACK
INFO:sqlalchemy.engine.Engine:ROLLBACK
2026-05-12 14:22:35,746 INFO sqlalchemy.engine.Engine BEGIN (implicit)
INFO:sqlalchemy.engine.Engine:BEGIN (implicit)
2026-05-12 14:22:35,747 INFO sqlalchemy.engine.Engine UPDATE answer_sheets SET processed_file_path = %(path)s WHERE id = %(image_id)s
INFO:sqlalchemy.engine.Engine:UPDATE answer_sheets SET processed_file_path = %(path)s WHERE id = %(image_id)s
2026-05-12 14:22:35,747 INFO sqlalchemy.engine.Engine [cached since 420.9s ago] {'path': './uploads/answer_sheets/60/1778142125_python答题卡_20_processed.png', 'image_id': 1484}
INFO:sqlalchemy.engine.Engine:[cached since 420.9s ago] {'path': './uploads/answer_sheets/60/1778142125_python答题卡_20_processed.png', 'image_id': 1484}
2026-05-12 14:22:35,747 INFO sqlalchemy.engine.Engine COMMIT
INFO:sqlalchemy.engine.Engine:COMMIT
INFO:     127.0.0.1:38978 - "POST /api/exams/60/images/1484/mask HTTP/1.1" 200 OK
2026-05-12 14:22:35,759 INFO sqlalchemy.engine.Engine BEGIN (implicit)
INFO:sqlalchemy.engine.Engine:BEGIN (implicit)
2026-05-12 14:22:35,760 INFO sqlalchemy.engine.Engine SELECT exam_id FROM exams WHERE exam_id = %(exam_id)s
INFO:sqlalchemy.engine.Engine:SELECT exam_id FROM exams WHERE exam_id = %(exam_id)s
2026-05-12 14:22:35,760 INFO sqlalchemy.engine.Engine [cached since 438.7s ago] {'exam_id': 60}
INFO:sqlalchemy.engine.Engine:[cached since 438.7s ago] {'exam_id': 60}
2026-05-12 14:22:35,761 INFO sqlalchemy.engine.Engine 
                SELECT s.student_id, s.name, s.student_number, s.class as class_name, s.contact_info, s.created_at, s.updated_at, es.sort_order
                FROM students s
                INNER JOIN exam_students es ON s.student_id = es.student_id
                WHERE es.exam_id = %(exam_id)s
                ORDER BY es.sort_order ASC, s.student_number ASC
                
INFO:sqlalchemy.engine.Engine:
                SELECT s.student_id, s.name, s.student_number, s.class as class_name, s.contact_info, s.created_at, s.updated_at, es.sort_order
                FROM students s
                INNER JOIN exam_students es ON s.student_id = es.student_id
                WHERE es.exam_id = %(exam_id)s
                ORDER BY es.sort_order ASC, s.student_number ASC
                
2026-05-12 14:22:35,761 INFO sqlalchemy.engine.Engine [cached since 438.7s ago] {'exam_id': 60}
INFO:sqlalchemy.engine.Engine:[cached since 438.7s ago] {'exam_id': 60}
2026-05-12 14:22:35,763 INFO sqlalchemy.engine.Engine ROLLBACK
INFO:sqlalchemy.engine.Engine:ROLLBACK
INFO:     127.0.0.1:38978 - "GET /api/exams/60/students HTTP/1.1" 200 OK
2026-05-12 14:22:35,777 INFO sqlalchemy.engine.Engine BEGIN (implicit)
INFO:sqlalchemy.engine.Engine:BEGIN (implicit)
2026-05-12 14:22:35,777 INFO sqlalchemy.engine.Engine SELECT exam_id FROM exams WHERE exam_id = %(exam_id)s
INFO:sqlalchemy.engine.Engine:SELECT exam_id FROM exams WHERE exam_id = %(exam_id)s
2026-05-12 14:22:35,777 INFO sqlalchemy.engine.Engine [cached since 438.7s ago] {'exam_id': 60}
INFO:sqlalchemy.engine.Engine:[cached since 438.7s ago] {'exam_id': 60}
2026-05-12 14:22:35,778 INFO sqlalchemy.engine.Engine 
                SELECT 
                    a.id, a.filename, a.file_path, a.processed_file_path,
                    a.uploaded_at, a.page_order,
                    s.student_id, s.name as student_name, s.student_number, s.class as student_class
                FROM answer_sheets a
                JOIN students s ON a.student_id = s.student_id
                WHERE a.exam_id = %(exam_id)s
                ORDER BY s.student_id, a.page_order
                
INFO:sqlalchemy.engine.Engine:
                SELECT 
                    a.id, a.filename, a.file_path, a.processed_file_path,
                    a.uploaded_at, a.page_order,
                    s.student_id, s.name as student_name, s.student_number, s.class as student_class
                FROM answer_sheets a
                JOIN students s ON a.student_id = s.student_id
                WHERE a.exam_id = %(exam_id)s
                ORDER BY s.student_id, a.page_order
                
2026-05-12 14:22:35,778 INFO sqlalchemy.engine.Engine [cached since 438.4s ago] {'exam_id': 60}
INFO:sqlalchemy.engine.Engine:[cached since 438.4s ago] {'exam_id': 60}
2026-05-12 14:22:35,781 INFO sqlalchemy.engine.Engine ROLLBACK
INFO:sqlalchemy.engine.Engine:ROLLBACK
INFO:     127.0.0.1:38978 - "GET /api/exams/60/images HTTP/1.1" 200 OK
INFO:     127.0.0.1:43668 - "GET /answer_sheets/60/1778142125_python%E7%AD%94%E9%A2%98%E5%8D%A1_20_processed.png HTTP/1.1" 200 OK
INFO:     127.0.0.1:43668 - "GET /favicon.ico HTTP/1.1" 404 Not Found
2026-05-12 14:30:15,636 INFO sqlalchemy.engine.Engine BEGIN (implicit)
INFO:sqlalchemy.engine.Engine:BEGIN (implicit)
2026-05-12 14:30:15,637 INFO sqlalchemy.engine.Engine SELECT exam_id FROM exams WHERE exam_id = %(exam_id)s
INFO:sqlalchemy.engine.Engine:SELECT exam_id FROM exams WHERE exam_id = %(exam_id)s
2026-05-12 14:30:15,637 INFO sqlalchemy.engine.Engine [cached since 898.6s ago] {'exam_id': 60}
INFO:sqlalchemy.engine.Engine:[cached since 898.6s ago] {'exam_id': 60}
2026-05-12 14:30:15,641 INFO sqlalchemy.engine.Engine 
                SELECT s.student_id, s.name, s.student_number, s.class as class_name, s.contact_info, s.created_at, s.updated_at, es.sort_order
                FROM students s
                INNER JOIN exam_students es ON s.student_id = es.student_id
                WHERE es.exam_id = %(exam_id)s
                ORDER BY es.sort_order ASC, s.student_number ASC
                
INFO:sqlalchemy.engine.Engine:
                SELECT s.student_id, s.name, s.student_number, s.class as class_name, s.contact_info, s.created_at, s.updated_at, es.sort_order
                FROM students s
                INNER JOIN exam_students es ON s.student_id = es.student_id
                WHERE es.exam_id = %(exam_id)s
                ORDER BY es.sort_order ASC, s.student_number ASC
                
2026-05-12 14:30:15,641 INFO sqlalchemy.engine.Engine [cached since 898.6s ago] {'exam_id': 60}
INFO:sqlalchemy.engine.Engine:[cached since 898.6s ago] {'exam_id': 60}
2026-05-12 14:30:15,645 INFO sqlalchemy.engine.Engine ROLLBACK
INFO:sqlalchemy.engine.Engine:ROLLBACK
INFO:     127.0.0.1:60930 - "GET /api/exams/60/students HTTP/1.1" 200 OK
2026-05-12 14:30:15,937 INFO sqlalchemy.engine.Engine BEGIN (implicit)
INFO:sqlalchemy.engine.Engine:BEGIN (implicit)
2026-05-12 14:30:15,937 INFO sqlalchemy.engine.Engine SELECT exam_id FROM exams WHERE exam_id = %(exam_id)s
INFO:sqlalchemy.engine.Engine:SELECT exam_id FROM exams WHERE exam_id = %(exam_id)s
2026-05-12 14:30:15,938 INFO sqlalchemy.engine.Engine [cached since 898.9s ago] {'exam_id': 60}
INFO:sqlalchemy.engine.Engine:[cached since 898.9s ago] {'exam_id': 60}
2026-05-12 14:30:15,940 INFO sqlalchemy.engine.Engine 
                SELECT s.student_id, s.name, s.student_number, s.class as class_name, s.contact_info, s.created_at, s.updated_at, es.sort_order
                FROM students s
                INNER JOIN exam_students es ON s.student_id = es.student_id
                WHERE es.exam_id = %(exam_id)s
                ORDER BY es.sort_order ASC, s.student_number ASC
                
INFO:sqlalchemy.engine.Engine:
                SELECT s.student_id, s.name, s.student_number, s.class as class_name, s.contact_info, s.created_at, s.updated_at, es.sort_order
                FROM students s
                INNER JOIN exam_students es ON s.student_id = es.student_id
                WHERE es.exam_id = %(exam_id)s
                ORDER BY es.sort_order ASC, s.student_number ASC
                
2026-05-12 14:30:15,940 INFO sqlalchemy.engine.Engine [cached since 898.9s ago] {'exam_id': 60}
INFO:sqlalchemy.engine.Engine:[cached since 898.9s ago] {'exam_id': 60}
2026-05-12 14:30:15,944 INFO sqlalchemy.engine.Engine ROLLBACK
INFO:sqlalchemy.engine.Engine:ROLLBACK
INFO:     127.0.0.1:60936 - "GET /api/exams/60/students HTTP/1.1" 200 OK
2026-05-12 14:30:16,145 INFO sqlalchemy.engine.Engine BEGIN (implicit)
INFO:sqlalchemy.engine.Engine:BEGIN (implicit)
2026-05-12 14:30:16,145 INFO sqlalchemy.engine.Engine SELECT exam_id FROM exams WHERE exam_id = %(exam_id)s
INFO:sqlalchemy.engine.Engine:SELECT exam_id FROM exams WHERE exam_id = %(exam_id)s
2026-05-12 14:30:16,145 INFO sqlalchemy.engine.Engine [cached since 899.1s ago] {'exam_id': 60}
INFO:sqlalchemy.engine.Engine:[cached since 899.1s ago] {'exam_id': 60}
2026-05-12 14:30:16,147 INFO sqlalchemy.engine.Engine 
                SELECT 
                    a.id, a.filename, a.file_path, a.processed_file_path,
                    a.uploaded_at, a.page_order,
                    s.student_id, s.name as student_name, s.student_number, s.class as student_class
                FROM answer_sheets a
                JOIN students s ON a.student_id = s.student_id
                WHERE a.exam_id = %(exam_id)s
                ORDER BY s.student_id, a.page_order
                
INFO:sqlalchemy.engine.Engine:
                SELECT 
                    a.id, a.filename, a.file_path, a.processed_file_path,
                    a.uploaded_at, a.page_order,
                    s.student_id, s.name as student_name, s.student_number, s.class as student_class
                FROM answer_sheets a
                JOIN students s ON a.student_id = s.student_id
                WHERE a.exam_id = %(exam_id)s
                ORDER BY s.student_id, a.page_order
                
2026-05-12 14:30:16,147 INFO sqlalchemy.engine.Engine [cached since 898.8s ago] {'exam_id': 60}
INFO:sqlalchemy.engine.Engine:[cached since 898.8s ago] {'exam_id': 60}
2026-05-12 14:30:16,152 INFO sqlalchemy.engine.Engine ROLLBACK
INFO:sqlalchemy.engine.Engine:ROLLBACK
INFO:     127.0.0.1:60936 - "GET /api/exams/60/images HTTP/1.1" 200 OK
INFO:     127.0.0.1:60960 - "GET /answer_sheets/60/1778142128_python%E7%AD%94%E9%A2%98%E5%8D%A1_51_processed.png?r=0.7896718350652222 HTTP/1.1" 200 OK
INFO:     127.0.0.1:60960 - "GET /answer_sheets/60/1778142128_python%E7%AD%94%E9%A2%98%E5%8D%A1_60_processed.png?r=0.9643583555419373 HTTP/1.1" 200 OK
INFO:     127.0.0.1:60970 - "GET /answer_sheets/60/1778142128_python%E7%AD%94%E9%A2%98%E5%8D%A1_61_processed.png?r=0.633297617358941 HTTP/1.1" 200 OK
INFO:     127.0.0.1:60978 - "GET /answer_sheets/60/1778142129_python%E7%AD%94%E9%A2%98%E5%8D%A1_71_processed.png?r=0.5962399534116025 HTTP/1.1" 200 OK
INFO:     127.0.0.1:60982 - "GET /answer_sheets/60/1778142129_python%E7%AD%94%E9%A2%98%E5%8D%A1_81_processed.png?r=0.3067956376188271 HTTP/1.1" 200 OK
INFO:     127.0.0.1:60992 - "GET /answer_sheets/60/1778142130_python%E7%AD%94%E9%A2%98%E5%8D%A1_90_processed.png?r=0.8938678989814499 HTTP/1.1" 200 OK
INFO:     127.0.0.1:32776 - "GET /answer_sheets/60/1778142128_python%E7%AD%94%E9%A2%98%E5%8D%A1_50_processed.png?r=0.6117896279342324 HTTP/1.1" 200 OK
INFO:     127.0.0.1:60960 - "GET /answer_sheets/60/1778142130_python%E7%AD%94%E9%A2%98%E5%8D%A1_91_processed.png?r=0.18548492759469104 HTTP/1.1" 200 OK
INFO:     127.0.0.1:60960 - "GET /answer_sheets/60/1778142131_python%E7%AD%94%E9%A2%98%E5%8D%A1_100_processed.png?r=0.18308949108298977 HTTP/1.1" 200 OK
INFO:     127.0.0.1:60970 - "GET /answer_sheets/60/1778142131_python%E7%AD%94%E9%A2%98%E5%8D%A1_101_processed.png?r=0.40871422971307103 HTTP/1.1" 200 OK
INFO:     127.0.0.1:60978 - "GET /answer_sheets/60/1778142129_python%E7%AD%94%E9%A2%98%E5%8D%A1_80_processed.png?r=0.7587470554818042 HTTP/1.1" 200 OK
INFO:     127.0.0.1:60982 - "GET /answer_sheets/60/1778142129_python%E7%AD%94%E9%A2%98%E5%8D%A1_70_processed.png?r=0.4648491052201791 HTTP/1.1" 200 OK
INFO:     127.0.0.1:32776 - "GET /answer_sheets/60/1778142124_python%E7%AD%94%E9%A2%98%E5%8D%A1_00_processed.png?r=0.9796668938408766 HTTP/1.1" 200 OK
INFO:     127.0.0.1:60992 - "GET /answer_sheets/60/1778142125_python%E7%AD%94%E9%A2%98%E5%8D%A1_01_processed.png?r=0.4210810757474627 HTTP/1.1" 200 OK
INFO:     127.0.0.1:60960 - "GET /answer_sheets/60/1778142125_python%E7%AD%94%E9%A2%98%E5%8D%A1_20_processed.png?r=0.6839212971159988 HTTP/1.1" 200 OK
INFO:     127.0.0.1:60970 - "GET /answer_sheets/60/1778142125_python%E7%AD%94%E9%A2%98%E5%8D%A1_10_processed.png?r=0.48115187163269313 HTTP/1.1" 200 OK
INFO:     127.0.0.1:60978 - "GET /answer_sheets/60/1778142125_python%E7%AD%94%E9%A2%98%E5%8D%A1_11_processed.png?r=0.8756194535639402 HTTP/1.1" 200 OK
INFO:     127.0.0.1:60982 - "GET /answer_sheets/60/1778142127_python%E7%AD%94%E9%A2%98%E5%8D%A1_40_processed.png?r=0.7998130134892234 HTTP/1.1" 200 OK
INFO:     127.0.0.1:32776 - "GET /answer_sheets/60/1778142127_python%E7%AD%94%E9%A2%98%E5%8D%A1_41_processed.png?r=0.34130616286758986 HTTP/1.1" 200 OK
INFO:     127.0.0.1:60992 - "GET /answer_sheets/60/1778142126_python%E7%AD%94%E9%A2%98%E5%8D%A1_21_processed.png?r=0.8175943279720684 HTTP/1.1" 200 OK
INFO:     127.0.0.1:60982 - "GET /answer_sheets/60/1778142126_python%E7%AD%94%E9%A2%98%E5%8D%A1_30_processed.png?r=0.14849115799859336 HTTP/1.1" 200 OK
INFO:     127.0.0.1:60960 - "GET /answer_sheets/60/1778142127_python%E7%AD%94%E9%A2%98%E5%8D%A1_31_processed.png?r=0.18221182844736572 HTTP/1.1" 200 OK
INFO:     127.0.0.1:60978 - "GET /answer_sheets/60/1778142131_python%E7%AD%94%E9%A2%98%E5%8D%A1_111_processed.png?r=0.014996410346481026 HTTP/1.1" 200 OK
INFO:     127.0.0.1:60970 - "GET /answer_sheets/60/1778142131_python%E7%AD%94%E9%A2%98%E5%8D%A1_110_processed.png?r=0.41590472335124895 HTTP/1.1" 200 OK
INFO:     127.0.0.1:32776 - "GET /answer_sheets/60/1778142132_python%E7%AD%94%E9%A2%98%E5%8D%A1_120_processed.png?r=0.42787279743655204 HTTP/1.1" 200 OK
INFO:     127.0.0.1:60992 - "GET /answer_sheets/60/1778142132_python%E7%AD%94%E9%A2%98%E5%8D%A1_121_processed.png?r=0.9584745947872482 HTTP/1.1" 200 OK
INFO:     127.0.0.1:60960 - "GET /answer_sheets/60/1778142132_python%E7%AD%94%E9%A2%98%E5%8D%A1_130_processed.png?r=0.6066231798725368 HTTP/1.1" 200 OK
INFO:     127.0.0.1:60982 - "GET /answer_sheets/60/1778142133_python%E7%AD%94%E9%A2%98%E5%8D%A1_131_processed.png?r=0.9583768169812499 HTTP/1.1" 200 OK
INFO:     127.0.0.1:60978 - "GET /answer_sheets/60/1778142133_python%E7%AD%94%E9%A2%98%E5%8D%A1_140_processed.png?r=0.798054284530843 HTTP/1.1" 200 OK
INFO:     127.0.0.1:60970 - "GET /answer_sheets/60/1778142134_python%E7%AD%94%E9%A2%98%E5%8D%A1_150_processed.png?r=0.5569196957942231 HTTP/1.1" 200 OK
INFO:     127.0.0.1:60992 - "GET /answer_sheets/60/1778142133_python%E7%AD%94%E9%A2%98%E5%8D%A1_141_processed.png?r=0.3702345600857895 HTTP/1.1" 200 OK
INFO:     127.0.0.1:32776 - "GET /answer_sheets/60/1778142134_python%E7%AD%94%E9%A2%98%E5%8D%A1_151_processed.png?r=0.7899233431865441 HTTP/1.1" 200 OK
INFO:     127.0.0.1:60960 - "GET /answer_sheets/60/1778142134_python%E7%AD%94%E9%A2%98%E5%8D%A1_160_processed.png?r=0.22675883835773636 HTTP/1.1" 200 OK
INFO:     127.0.0.1:60982 - "GET /answer_sheets/60/1778142134_python%E7%AD%94%E9%A2%98%E5%8D%A1_161_processed.png?r=0.3935916717487601 HTTP/1.1" 200 OK
INFO:     127.0.0.1:32776 - "GET /answer_sheets/60/1778142135_python%E7%AD%94%E9%A2%98%E5%8D%A1_170_processed.png?r=0.023352799595600993 HTTP/1.1" 200 OK
INFO:     127.0.0.1:60992 - "GET /answer_sheets/60/1778142135_python%E7%AD%94%E9%A2%98%E5%8D%A1_171_processed.png?r=0.18729846987573795 HTTP/1.1" 200 OK
INFO:     127.0.0.1:60970 - "GET /answer_sheets/60/1778142135_python%E7%AD%94%E9%A2%98%E5%8D%A1_180_processed.png?r=0.8775318755906154 HTTP/1.1" 200 OK
INFO:     127.0.0.1:60978 - "GET /answer_sheets/60/1778142135_python%E7%AD%94%E9%A2%98%E5%8D%A1_181_processed.png?r=0.5172330610041049 HTTP/1.1" 200 OK
INFO:     127.0.0.1:60982 - "GET /answer_sheets/60/1778142136_python%E7%AD%94%E9%A2%98%E5%8D%A1_190_processed.png?r=0.06696826842347825 HTTP/1.1" 200 OK
INFO:     127.0.0.1:60960 - "GET /answer_sheets/60/1778142136_python%E7%AD%94%E9%A2%98%E5%8D%A1_191_processed.png?r=0.19495024075324174 HTTP/1.1" 200 OK
INFO:     127.0.0.1:60992 - "GET /answer_sheets/60/1778142136_python%E7%AD%94%E9%A2%98%E5%8D%A1_200_processed.png?r=0.10116123905326835 HTTP/1.1" 200 OK
INFO:     127.0.0.1:60978 - "GET /answer_sheets/60/1778142137_python%E7%AD%94%E9%A2%98%E5%8D%A1_210_processed.png?r=0.049989143007173054 HTTP/1.1" 200 OK
INFO:     127.0.0.1:32776 - "GET /answer_sheets/60/1778142136_python%E7%AD%94%E9%A2%98%E5%8D%A1_201_processed.png?r=0.46779378517367975 HTTP/1.1" 200 OK
INFO:     127.0.0.1:60970 - "GET /answer_sheets/60/1778142137_python%E7%AD%94%E9%A2%98%E5%8D%A1_211_processed.png?r=0.6603534911225376 HTTP/1.1" 200 OK
INFO:     127.0.0.1:60982 - "GET /answer_sheets/60/1778142138_python%E7%AD%94%E9%A2%98%E5%8D%A1_221_processed.png?r=0.4891917932983658 HTTP/1.1" 200 OK
INFO:     127.0.0.1:60960 - "GET /answer_sheets/60/1778142138_python%E7%AD%94%E9%A2%98%E5%8D%A1_220_processed.png?r=0.09131913766143274 HTTP/1.1" 200 OK
INFO:     127.0.0.1:60970 - "GET /answer_sheets/60/1778142139_python%E7%AD%94%E9%A2%98%E5%8D%A1_230_processed.png?r=0.6706177879026214 HTTP/1.1" 200 OK
INFO:     127.0.0.1:60992 - "GET /answer_sheets/60/1778142139_python%E7%AD%94%E9%A2%98%E5%8D%A1_231_processed.png?r=0.07983699156798696 HTTP/1.1" 200 OK
INFO:     127.0.0.1:32776 - "GET /answer_sheets/60/1778142141_python%E7%AD%94%E9%A2%98%E5%8D%A1_240_processed.png?r=0.7350832762091912 HTTP/1.1" 200 OK
INFO:     127.0.0.1:60978 - "GET /answer_sheets/60/1778142141_python%E7%AD%94%E9%A2%98%E5%8D%A1_241_processed.png?r=0.9109580807669333 HTTP/1.1" 200 OK
INFO:     127.0.0.1:60992 - "GET /answer_sheets/60/1778142141_python%E7%AD%94%E9%A2%98%E5%8D%A1_250_processed.png?r=0.6987981078171606 HTTP/1.1" 200 OK
INFO:     127.0.0.1:60982 - "GET /answer_sheets/60/1778142142_python%E7%AD%94%E9%A2%98%E5%8D%A1_251_processed.png?r=0.4604963266999329 HTTP/1.1" 200 OK
INFO:     127.0.0.1:60960 - "GET /answer_sheets/60/1778142142_python%E7%AD%94%E9%A2%98%E5%8D%A1_260_processed.png?r=0.013999431930006412 HTTP/1.1" 200 OK
INFO:     127.0.0.1:60970 - "GET /answer_sheets/60/1778142143_python%E7%AD%94%E9%A2%98%E5%8D%A1_261_processed.png?r=0.4061469856006571 HTTP/1.1" 200 OK
INFO:     127.0.0.1:60978 - "GET /answer_sheets/60/1778142143_python%E7%AD%94%E9%A2%98%E5%8D%A1_270_processed.png?r=0.18843580228100154 HTTP/1.1" 200 OK
INFO:     127.0.0.1:32776 - "GET /answer_sheets/60/1778142144_python%E7%AD%94%E9%A2%98%E5%8D%A1_271_processed.png?r=0.03522744809698397 HTTP/1.1" 200 OK
INFO:     127.0.0.1:60992 - "GET /answer_sheets/60/1778142148_python%E7%AD%94%E9%A2%98%E5%8D%A1_280_processed.png?r=0.9037672204177006 HTTP/1.1" 200 OK
INFO:     127.0.0.1:60982 - "GET /answer_sheets/60/1778142149_python%E7%AD%94%E9%A2%98%E5%8D%A1_281_processed.png?r=0.560059762688544 HTTP/1.1" 200 OK
INFO:     127.0.0.1:60960 - "GET /answer_sheets/60/1778142149_python%E7%AD%94%E9%A2%98%E5%8D%A1_290_processed.png?r=0.007219407317190174 HTTP/1.1" 200 OK
INFO:     127.0.0.1:60970 - "GET /answer_sheets/60/1778142149_python%E7%AD%94%E9%A2%98%E5%8D%A1_291_processed.png?r=0.113449136461659 HTTP/1.1" 200 OK
INFO:     127.0.0.1:32776 - "GET /answer_sheets/60/1778142150_python%E7%AD%94%E9%A2%98%E5%8D%A1_300_processed.png?r=0.06869639056852161 HTTP/1.1" 200 OK
INFO:     127.0.0.1:60978 - "GET /answer_sheets/60/1778142150_python%E7%AD%94%E9%A2%98%E5%8D%A1_301_processed.png?r=0.5604513875760794 HTTP/1.1" 200 OK
INFO:     127.0.0.1:60982 - "GET /answer_sheets/60/1778142150_python%E7%AD%94%E9%A2%98%E5%8D%A1_310_processed.png?r=0.021684483198309956 HTTP/1.1" 200 OK
INFO:     127.0.0.1:60992 - "GET /answer_sheets/60/1778142150_python%E7%AD%94%E9%A2%98%E5%8D%A1_311_processed.png?r=0.057904077115698005 HTTP/1.1" 200 OK
INFO:     127.0.0.1:60960 - "GET /answer_sheets/60/1778142151_python%E7%AD%94%E9%A2%98%E5%8D%A1_320_processed.png?r=0.8160809688942827 HTTP/1.1" 200 OK
INFO:     127.0.0.1:60970 - "GET /answer_sheets/60/1778142151_python%E7%AD%94%E9%A2%98%E5%8D%A1_321_processed.png?r=0.3991457054359644 HTTP/1.1" 200 OK
INFO:     127.0.0.1:32776 - "GET /answer_sheets/60/1778142151_python%E7%AD%94%E9%A2%98%E5%8D%A1_330_processed.png?r=0.31263914552595085 HTTP/1.1" 200 OK
INFO:     127.0.0.1:60982 - "GET /answer_sheets/60/1778142151_python%E7%AD%94%E9%A2%98%E5%8D%A1_331_processed.png?r=0.7416804190688261 HTTP/1.1" 200 OK
INFO:     127.0.0.1:60978 - "GET /answer_sheets/60/1778142151_python%E7%AD%94%E9%A2%98%E5%8D%A1_340_processed.png?r=0.7244028116652464 HTTP/1.1" 200 OK
INFO:     127.0.0.1:60992 - "GET /answer_sheets/60/1778142152_python%E7%AD%94%E9%A2%98%E5%8D%A1_341_processed.png?r=0.5344873749424157 HTTP/1.1" 200 OK
INFO:     127.0.0.1:60960 - "GET /answer_sheets/60/1778142152_python%E7%AD%94%E9%A2%98%E5%8D%A1_350_processed.png?r=0.02112696785622048 HTTP/1.1" 200 OK
INFO:     127.0.0.1:60978 - "GET /answer_sheets/60/1778142152_python%E7%AD%94%E9%A2%98%E5%8D%A1_351_processed.png?r=0.5639754514922422 HTTP/1.1" 200 OK
INFO:     127.0.0.1:60992 - "GET /answer_sheets/60/1778142154_python%E7%AD%94%E9%A2%98%E5%8D%A1_361_processed.png?r=0.3922073717294057 HTTP/1.1" 200 OK
INFO:     127.0.0.1:32776 - "GET /answer_sheets/60/1778142154_python%E7%AD%94%E9%A2%98%E5%8D%A1_370_processed.png?r=0.6026991520757307 HTTP/1.1" 200 OK
INFO:     127.0.0.1:60970 - "GET /answer_sheets/60/1778142155_python%E7%AD%94%E9%A2%98%E5%8D%A1_371_processed.png?r=0.2692463318783598 HTTP/1.1" 200 OK
INFO:     127.0.0.1:60982 - "GET /answer_sheets/60/1778142153_python%E7%AD%94%E9%A2%98%E5%8D%A1_360_processed.png?r=0.8254173735227414 HTTP/1.1" 200 OK
INFO:     127.0.0.1:60960 - "GET /answer_sheets/60/1778142155_python%E7%AD%94%E9%A2%98%E5%8D%A1_380_processed.png?r=0.4997092011966633 HTTP/1.1" 200 OK
INFO:     127.0.0.1:60978 - "GET /answer_sheets/60/1778142156_python%E7%AD%94%E9%A2%98%E5%8D%A1_381_processed.png?r=0.48848304061989245 HTTP/1.1" 200 OK
INFO:     127.0.0.1:60992 - "GET /answer_sheets/60/1778142156_python%E7%AD%94%E9%A2%98%E5%8D%A1_390_processed.png?r=0.46946341314179063 HTTP/1.1" 200 OK
INFO:     127.0.0.1:32776 - "GET /answer_sheets/60/1778142156_python%E7%AD%94%E9%A2%98%E5%8D%A1_391_processed.png?r=0.2848254078140142 HTTP/1.1" 200 OK
INFO:     127.0.0.1:60982 - "GET /answer_sheets/60/1778142157_python%E7%AD%94%E9%A2%98%E5%8D%A1_400_processed.png?r=0.41923459131678475 HTTP/1.1" 200 OK
INFO:     127.0.0.1:60960 - "GET /answer_sheets/60/1778142157_python%E7%AD%94%E9%A2%98%E5%8D%A1_410_processed.png?r=0.7329720018654985 HTTP/1.1" 200 OK
INFO:     127.0.0.1:60978 - "GET /answer_sheets/60/1778142157_python%E7%AD%94%E9%A2%98%E5%8D%A1_401_processed.png?r=0.9780938811527842 HTTP/1.1" 200 OK
INFO:     127.0.0.1:60970 - "GET /answer_sheets/60/1778142158_python%E7%AD%94%E9%A2%98%E5%8D%A1_411_processed.png?r=0.7782751293756912 HTTP/1.1" 200 OK
INFO:     127.0.0.1:32776 - "GET /answer_sheets/60/1778142158_python%E7%AD%94%E9%A2%98%E5%8D%A1_420_processed.png?r=0.6410198619070927 HTTP/1.1" 200 OK
INFO:     127.0.0.1:60992 - "GET /answer_sheets/60/1778142158_python%E7%AD%94%E9%A2%98%E5%8D%A1_421_processed.png?r=0.5482629912404907 HTTP/1.1" 200 OK
INFO:     127.0.0.1:60982 - "GET /answer_sheets/60/1778142159_python%E7%AD%94%E9%A2%98%E5%8D%A1_430_processed.png?r=0.05528308917198854 HTTP/1.1" 200 OK
INFO:     127.0.0.1:60978 - "GET /answer_sheets/60/1778142159_python%E7%AD%94%E9%A2%98%E5%8D%A1_431_processed.png?r=0.3510534055775869 HTTP/1.1" 200 OK
INFO:     127.0.0.1:60970 - "GET /answer_sheets/60/1778142159_python%E7%AD%94%E9%A2%98%E5%8D%A1_440_processed.png?r=0.7617589870881272 HTTP/1.1" 200 OK
INFO:     127.0.0.1:60960 - "GET /answer_sheets/60/1778142160_python%E7%AD%94%E9%A2%98%E5%8D%A1_441_processed.png?r=0.581283709189321 HTTP/1.1" 200 OK
INFO:     127.0.0.1:32776 - "GET /answer_sheets/60/1778142160_python%E7%AD%94%E9%A2%98%E5%8D%A1_450_processed.png?r=0.9237291941923597 HTTP/1.1" 200 OK
INFO:     127.0.0.1:60992 - "GET /answer_sheets/60/1778142160_python%E7%AD%94%E9%A2%98%E5%8D%A1_451_processed.png?r=0.6306023417358647 HTTP/1.1" 200 OK
INFO:     127.0.0.1:60982 - "GET /answer_sheets/60/1778142161_python%E7%AD%94%E9%A2%98%E5%8D%A1_460_processed.png?r=0.156390136130778 HTTP/1.1" 200 OK
INFO:     127.0.0.1:60970 - "GET /answer_sheets/60/1778142162_python%E7%AD%94%E9%A2%98%E5%8D%A1_461_processed.png?r=0.05517751370338553 HTTP/1.1" 200 OK
INFO:     127.0.0.1:60978 - "GET /answer_sheets/60/1778142162_python%E7%AD%94%E9%A2%98%E5%8D%A1_470_processed.png?r=0.774541750576681 HTTP/1.1" 200 OK
INFO:     127.0.0.1:60992 - "GET /answer_sheets/60/1778142162_python%E7%AD%94%E9%A2%98%E5%8D%A1_480_processed.png?r=0.665105664009071 HTTP/1.1" 200 OK
INFO:     127.0.0.1:60960 - "GET /answer_sheets/60/1778142162_python%E7%AD%94%E9%A2%98%E5%8D%A1_471_processed.png?r=0.9645332390415939 HTTP/1.1" 200 OK
INFO:     127.0.0.1:32776 - "GET /answer_sheets/60/1778142163_python%E7%AD%94%E9%A2%98%E5%8D%A1_481_processed.png?r=0.18737345673179218 HTTP/1.1" 200 OK
INFO:     127.0.0.1:60970 - "GET /answer_sheets/60/1778142163_python%E7%AD%94%E9%A2%98%E5%8D%A1_491_processed.png?r=0.9986387796306232 HTTP/1.1" 200 OK
INFO:     127.0.0.1:60982 - "GET /answer_sheets/60/1778142163_python%E7%AD%94%E9%A2%98%E5%8D%A1_490_processed.png?r=0.4419290817763004 HTTP/1.1" 200 OK
INFO:     127.0.0.1:60978 - "GET /answer_sheets/60/1778142163_python%E7%AD%94%E9%A2%98%E5%8D%A1_500_processed.png?r=0.061411440728643574 HTTP/1.1" 200 OK
INFO:     127.0.0.1:60960 - "GET /answer_sheets/60/1778142164_python%E7%AD%94%E9%A2%98%E5%8D%A1_501_processed.png?r=0.8980161276675449 HTTP/1.1" 200 OK
INFO:     127.0.0.1:60992 - "GET /answer_sheets/60/1778142164_python%E7%AD%94%E9%A2%98%E5%8D%A1_510_processed.png?r=0.373065549392123 HTTP/1.1" 200 OK
INFO:     127.0.0.1:32776 - "GET /answer_sheets/60/1778142164_python%E7%AD%94%E9%A2%98%E5%8D%A1_511_processed.png?r=0.7639993680797731 HTTP/1.1" 200 OK
INFO:     127.0.0.1:60970 - "GET /answer_sheets/60/1778142164_python%E7%AD%94%E9%A2%98%E5%8D%A1_520_processed.png?r=0.5933962782231771 HTTP/1.1" 200 OK
INFO:     127.0.0.1:60982 - "GET /answer_sheets/60/1778142165_python%E7%AD%94%E9%A2%98%E5%8D%A1_521_processed.png?r=0.5959034246444254 HTTP/1.1" 200 OK
INFO:     127.0.0.1:60978 - "GET /answer_sheets/60/1778142165_python%E7%AD%94%E9%A2%98%E5%8D%A1_530_processed.png?r=0.1020102600616225 HTTP/1.1" 200 OK
INFO:     127.0.0.1:60960 - "GET /answer_sheets/60/1778142166_python%E7%AD%94%E9%A2%98%E5%8D%A1_531_processed.png?r=0.5115106098131713 HTTP/1.1" 200 OK
INFO:     127.0.0.1:60992 - "GET /answer_sheets/60/1778142166_python%E7%AD%94%E9%A2%98%E5%8D%A1_540_processed.png?r=0.07307259464856664 HTTP/1.1" 200 OK
INFO:     127.0.0.1:60982 - "GET /answer_sheets/60/1778142166_python%E7%AD%94%E9%A2%98%E5%8D%A1_541_processed.png?r=0.39025698062744985 HTTP/1.1" 200 OK
INFO:     127.0.0.1:32776 - "GET /answer_sheets/60/1778142166_python%E7%AD%94%E9%A2%98%E5%8D%A1_550_processed.png?r=0.4400540146075185 HTTP/1.1" 200 OK
INFO:     127.0.0.1:60970 - "GET /answer_sheets/60/1778142167_python%E7%AD%94%E9%A2%98%E5%8D%A1_551_processed.png?r=0.3842733249189553 HTTP/1.1" 200 OK
INFO:     127.0.0.1:60978 - "GET /answer_sheets/60/1778142167_python%E7%AD%94%E9%A2%98%E5%8D%A1_561_processed.png?r=0.8782402875794113 HTTP/1.1" 200 OK
INFO:     127.0.0.1:60960 - "GET /answer_sheets/60/1778142167_python%E7%AD%94%E9%A2%98%E5%8D%A1_560_processed.png?r=0.7645946973864274 HTTP/1.1" 200 OK
INFO:     127.0.0.1:60992 - "GET /answer_sheets/60/1778142168_python%E7%AD%94%E9%A2%98%E5%8D%A1_571_processed.png?r=0.8734666219467033 HTTP/1.1" 200 OK
INFO:     127.0.0.1:60982 - "GET /answer_sheets/60/1778142167_python%E7%AD%94%E9%A2%98%E5%8D%A1_570_processed.png?r=0.6558266518901824 HTTP/1.1" 200 OK
INFO:     127.0.0.1:32776 - "GET /answer_sheets/60/1778142168_python%E7%AD%94%E9%A2%98%E5%8D%A1_580_processed.png?r=0.38019714858987863 HTTP/1.1" 200 OK
INFO:     127.0.0.1:60978 - "GET /answer_sheets/60/1778142169_python%E7%AD%94%E9%A2%98%E5%8D%A1_581_processed.png?r=0.11734415645893004 HTTP/1.1" 200 OK
INFO:     127.0.0.1:60970 - "GET /answer_sheets/60/1778142169_python%E7%AD%94%E9%A2%98%E5%8D%A1_590_processed.png?r=0.31397252726486813 HTTP/1.1" 200 OK
INFO:     127.0.0.1:60960 - "GET /answer_sheets/60/1778142170_python%E7%AD%94%E9%A2%98%E5%8D%A1_591_processed.png?r=0.7220070206079782 HTTP/1.1" 200 OK
INFO:     127.0.0.1:60960 - "GET /answer_sheets/60/1778142125_python%E7%AD%94%E9%A2%98%E5%8D%A1_01_processed.png HTTP/1.1" 200 OK
INFO:     127.0.0.1:60944 - "OPTIONS /api/exams/60/images/1481/mask HTTP/1.1" 200 OK
2026-05-12 14:30:27,569 INFO sqlalchemy.engine.Engine BEGIN (implicit)
INFO:sqlalchemy.engine.Engine:BEGIN (implicit)
2026-05-12 14:30:27,570 INFO sqlalchemy.engine.Engine SELECT file_path, processed_file_path FROM answer_sheets WHERE id = %(image_id)s AND exam_id = %(exam_id)s
INFO:sqlalchemy.engine.Engine:SELECT file_path, processed_file_path FROM answer_sheets WHERE id = %(image_id)s AND exam_id = %(exam_id)s
2026-05-12 14:30:27,570 INFO sqlalchemy.engine.Engine [cached since 892.9s ago] {'image_id': 1481, 'exam_id': 60}
INFO:sqlalchemy.engine.Engine:[cached since 892.9s ago] {'image_id': 1481, 'exam_id': 60}
2026-05-12 14:30:27,571 INFO sqlalchemy.engine.Engine ROLLBACK
INFO:sqlalchemy.engine.Engine:ROLLBACK
2026-05-12 14:30:27,674 INFO sqlalchemy.engine.Engine BEGIN (implicit)
INFO:sqlalchemy.engine.Engine:BEGIN (implicit)
2026-05-12 14:30:27,674 INFO sqlalchemy.engine.Engine UPDATE answer_sheets SET processed_file_path = %(path)s WHERE id = %(image_id)s
INFO:sqlalchemy.engine.Engine:UPDATE answer_sheets SET processed_file_path = %(path)s WHERE id = %(image_id)s
2026-05-12 14:30:27,674 INFO sqlalchemy.engine.Engine [cached since 892.8s ago] {'path': './uploads/answer_sheets/60/1778142125_python答题卡_01_processed.png', 'image_id': 1481}
INFO:sqlalchemy.engine.Engine:[cached since 892.8s ago] {'path': './uploads/answer_sheets/60/1778142125_python答题卡_01_processed.png', 'image_id': 1481}
2026-05-12 14:30:27,675 INFO sqlalchemy.engine.Engine COMMIT
INFO:sqlalchemy.engine.Engine:COMMIT
INFO:     127.0.0.1:60944 - "POST /api/exams/60/images/1481/mask HTTP/1.1" 200 OK
2026-05-12 14:30:27,686 INFO sqlalchemy.engine.Engine BEGIN (implicit)
INFO:sqlalchemy.engine.Engine:BEGIN (implicit)
2026-05-12 14:30:27,687 INFO sqlalchemy.engine.Engine SELECT exam_id FROM exams WHERE exam_id = %(exam_id)s
INFO:sqlalchemy.engine.Engine:SELECT exam_id FROM exams WHERE exam_id = %(exam_id)s
2026-05-12 14:30:27,687 INFO sqlalchemy.engine.Engine [cached since 910.6s ago] {'exam_id': 60}
INFO:sqlalchemy.engine.Engine:[cached since 910.6s ago] {'exam_id': 60}
2026-05-12 14:30:27,688 INFO sqlalchemy.engine.Engine 
                SELECT s.student_id, s.name, s.student_number, s.class as class_name, s.contact_info, s.created_at, s.updated_at, es.sort_order
                FROM students s
                INNER JOIN exam_students es ON s.student_id = es.student_id
                WHERE es.exam_id = %(exam_id)s
                ORDER BY es.sort_order ASC, s.student_number ASC
                
INFO:sqlalchemy.engine.Engine:
                SELECT s.student_id, s.name, s.student_number, s.class as class_name, s.contact_info, s.created_at, s.updated_at, es.sort_order
                FROM students s
                INNER JOIN exam_students es ON s.student_id = es.student_id
                WHERE es.exam_id = %(exam_id)s
                ORDER BY es.sort_order ASC, s.student_number ASC
                
2026-05-12 14:30:27,689 INFO sqlalchemy.engine.Engine [cached since 910.6s ago] {'exam_id': 60}
INFO:sqlalchemy.engine.Engine:[cached since 910.6s ago] {'exam_id': 60}
2026-05-12 14:30:27,691 INFO sqlalchemy.engine.Engine ROLLBACK
INFO:sqlalchemy.engine.Engine:ROLLBACK
INFO:     127.0.0.1:60944 - "GET /api/exams/60/students HTTP/1.1" 200 OK
2026-05-12 14:30:27,705 INFO sqlalchemy.engine.Engine BEGIN (implicit)
INFO:sqlalchemy.engine.Engine:BEGIN (implicit)
2026-05-12 14:30:27,705 INFO sqlalchemy.engine.Engine SELECT exam_id FROM exams WHERE exam_id = %(exam_id)s
INFO:sqlalchemy.engine.Engine:SELECT exam_id FROM exams WHERE exam_id = %(exam_id)s
2026-05-12 14:30:27,705 INFO sqlalchemy.engine.Engine [cached since 910.6s ago] {'exam_id': 60}
INFO:sqlalchemy.engine.Engine:[cached since 910.6s ago] {'exam_id': 60}
2026-05-12 14:30:27,707 INFO sqlalchemy.engine.Engine 
                SELECT 
                    a.id, a.filename, a.file_path, a.processed_file_path,
                    a.uploaded_at, a.page_order,
                    s.student_id, s.name as student_name, s.student_number, s.class as student_class
                FROM answer_sheets a
                JOIN students s ON a.student_id = s.student_id
                WHERE a.exam_id = %(exam_id)s
                ORDER BY s.student_id, a.page_order
                
INFO:sqlalchemy.engine.Engine:
                SELECT 
                    a.id, a.filename, a.file_path, a.processed_file_path,
                    a.uploaded_at, a.page_order,
                    s.student_id, s.name as student_name, s.student_number, s.class as student_class
                FROM answer_sheets a
                JOIN students s ON a.student_id = s.student_id
                WHERE a.exam_id = %(exam_id)s
                ORDER BY s.student_id, a.page_order
                
2026-05-12 14:30:27,707 INFO sqlalchemy.engine.Engine [cached since 910.3s ago] {'exam_id': 60}
INFO:sqlalchemy.engine.Engine:[cached since 910.3s ago] {'exam_id': 60}
2026-05-12 14:30:27,711 INFO sqlalchemy.engine.Engine ROLLBACK
INFO:sqlalchemy.engine.Engine:ROLLBACK
INFO:     127.0.0.1:60944 - "GET /api/exams/60/images HTTP/1.1" 200 OK
INFO:     127.0.0.1:60960 - "GET /answer_sheets/60/1778142124_python%E7%AD%94%E9%A2%98%E5%8D%A1_00_processed.png?r=0.029767260265350592 HTTP/1.1" 200 OK
INFO:     127.0.0.1:60960 - "GET /answer_sheets/60/1778142125_python%E7%AD%94%E9%A2%98%E5%8D%A1_01_processed.png?r=0.9433167715545506 HTTP/1.1" 200 OK
INFO:     127.0.0.1:60960 - "GET /answer_sheets/60/1778142125_python%E7%AD%94%E9%A2%98%E5%8D%A1_20_processed.png?r=0.6113279188890586 HTTP/1.1" 200 OK
INFO:     127.0.0.1:35608 - "GET /answer_sheets/60/1778142127_python%E7%AD%94%E9%A2%98%E5%8D%A1_31_processed.png?r=0.21372346791574137 HTTP/1.1" 200 OK
INFO:     127.0.0.1:35632 - "GET /answer_sheets/60/1778142125_python%E7%AD%94%E9%A2%98%E5%8D%A1_11_processed.png?r=0.7601947467817717 HTTP/1.1" 200 OK
INFO:     127.0.0.1:35596 - "GET /answer_sheets/60/1778142126_python%E7%AD%94%E9%A2%98%E5%8D%A1_30_processed.png?r=0.2729649165311021 HTTP/1.1" 200 OK
INFO:     127.0.0.1:35622 - "GET /answer_sheets/60/1778142125_python%E7%AD%94%E9%A2%98%E5%8D%A1_10_processed.png?r=0.20822727860454027 HTTP/1.1" 200 OK
INFO:     127.0.0.1:35590 - "GET /answer_sheets/60/1778142126_python%E7%AD%94%E9%A2%98%E5%8D%A1_21_processed.png?r=0.33050314448783813 HTTP/1.1" 200 OK
INFO:     127.0.0.1:35608 - "GET /answer_sheets/60/1778142127_python%E7%AD%94%E9%A2%98%E5%8D%A1_40_processed.png?r=0.1970912026611814 HTTP/1.1" 200 OK
INFO:     127.0.0.1:35590 - "GET /answer_sheets/60/1778142128_python%E7%AD%94%E9%A2%98%E5%8D%A1_50_processed.png?r=0.15999332970816516 HTTP/1.1" 200 OK
INFO:     127.0.0.1:60960 - "GET /answer_sheets/60/1778142127_python%E7%AD%94%E9%A2%98%E5%8D%A1_41_processed.png?r=0.059594735890432626 HTTP/1.1" 200 OK
INFO:     127.0.0.1:35632 - "GET /answer_sheets/60/1778142128_python%E7%AD%94%E9%A2%98%E5%8D%A1_51_processed.png?r=0.9458086600838108 HTTP/1.1" 200 OK
INFO:     127.0.0.1:35622 - "GET /answer_sheets/60/1778142128_python%E7%AD%94%E9%A2%98%E5%8D%A1_61_processed.png?r=0.5188767915144674 HTTP/1.1" 200 OK
INFO:     127.0.0.1:35608 - "GET /answer_sheets/60/1778142128_python%E7%AD%94%E9%A2%98%E5%8D%A1_60_processed.png?r=0.4689983356969809 HTTP/1.1" 200 OK
INFO:     127.0.0.1:35596 - "GET /answer_sheets/60/1778142129_python%E7%AD%94%E9%A2%98%E5%8D%A1_70_processed.png?r=0.429853276011279 HTTP/1.1" 200 OK
INFO:     127.0.0.1:35590 - "GET /answer_sheets/60/1778142129_python%E7%AD%94%E9%A2%98%E5%8D%A1_71_processed.png?r=0.705868626235131 HTTP/1.1" 200 OK
INFO:     127.0.0.1:60960 - "GET /answer_sheets/60/1778142129_python%E7%AD%94%E9%A2%98%E5%8D%A1_81_processed.png?r=0.37328627969368644 HTTP/1.1" 200 OK
INFO:     127.0.0.1:35632 - "GET /answer_sheets/60/1778142129_python%E7%AD%94%E9%A2%98%E5%8D%A1_80_processed.png?r=0.6794776130826683 HTTP/1.1" 200 OK
INFO:     127.0.0.1:35622 - "GET /answer_sheets/60/1778142130_python%E7%AD%94%E9%A2%98%E5%8D%A1_90_processed.png?r=0.16248146073266 HTTP/1.1" 200 OK
INFO:     127.0.0.1:35596 - "GET /answer_sheets/60/1778142130_python%E7%AD%94%E9%A2%98%E5%8D%A1_91_processed.png?r=0.40084022873747427 HTTP/1.1" 200 OK
INFO:     127.0.0.1:35608 - "GET /answer_sheets/60/1778142131_python%E7%AD%94%E9%A2%98%E5%8D%A1_100_processed.png?r=0.921864398286966 HTTP/1.1" 200 OK
INFO:     127.0.0.1:35590 - "GET /answer_sheets/60/1778142131_python%E7%AD%94%E9%A2%98%E5%8D%A1_101_processed.png?r=0.5242233272613804 HTTP/1.1" 200 OK
INFO:     127.0.0.1:35632 - "GET /answer_sheets/60/1778142131_python%E7%AD%94%E9%A2%98%E5%8D%A1_110_processed.png?r=0.33833149606749535 HTTP/1.1" 200 OK
INFO:     127.0.0.1:60960 - "GET /answer_sheets/60/1778142131_python%E7%AD%94%E9%A2%98%E5%8D%A1_111_processed.png?r=0.04019095463269273 HTTP/1.1" 200 OK
INFO:     127.0.0.1:35596 - "GET /answer_sheets/60/1778142132_python%E7%AD%94%E9%A2%98%E5%8D%A1_120_processed.png?r=0.6564022360322812 HTTP/1.1" 200 OK
INFO:     127.0.0.1:35590 - "GET /answer_sheets/60/1778142132_python%E7%AD%94%E9%A2%98%E5%8D%A1_121_processed.png?r=0.48388277838393734 HTTP/1.1" 200 OK
INFO:     127.0.0.1:35622 - "GET /answer_sheets/60/1778142132_python%E7%AD%94%E9%A2%98%E5%8D%A1_130_processed.png?r=0.2731237028094019 HTTP/1.1" 200 OK
INFO:     127.0.0.1:60960 - "GET /answer_sheets/60/1778142133_python%E7%AD%94%E9%A2%98%E5%8D%A1_140_processed.png?r=0.5219434879087587 HTTP/1.1" 200 OK
INFO:     127.0.0.1:35608 - "GET /answer_sheets/60/1778142133_python%E7%AD%94%E9%A2%98%E5%8D%A1_131_processed.png?r=0.6054691313548186 HTTP/1.1" 200 OK
INFO:     127.0.0.1:35632 - "GET /answer_sheets/60/1778142133_python%E7%AD%94%E9%A2%98%E5%8D%A1_141_processed.png?r=0.08562530843219096 HTTP/1.1" 200 OK
INFO:     127.0.0.1:35596 - "GET /answer_sheets/60/1778142134_python%E7%AD%94%E9%A2%98%E5%8D%A1_150_processed.png?r=0.2872174620809921 HTTP/1.1" 200 OK
INFO:     127.0.0.1:35608 - "GET /answer_sheets/60/1778142134_python%E7%AD%94%E9%A2%98%E5%8D%A1_160_processed.png?r=0.22914992912633592 HTTP/1.1" 200 OK
INFO:     127.0.0.1:35590 - "GET /answer_sheets/60/1778142134_python%E7%AD%94%E9%A2%98%E5%8D%A1_151_processed.png?r=0.4606584919054999 HTTP/1.1" 200 OK
INFO:     127.0.0.1:35622 - "GET /answer_sheets/60/1778142134_python%E7%AD%94%E9%A2%98%E5%8D%A1_161_processed.png?r=0.674569558334909 HTTP/1.1" 200 OK
INFO:     127.0.0.1:35632 - "GET /answer_sheets/60/1778142135_python%E7%AD%94%E9%A2%98%E5%8D%A1_170_processed.png?r=0.05207051155731768 HTTP/1.1" 200 OK
INFO:     127.0.0.1:60960 - "GET /answer_sheets/60/1778142135_python%E7%AD%94%E9%A2%98%E5%8D%A1_171_processed.png?r=0.6555877575722437 HTTP/1.1" 200 OK
INFO:     127.0.0.1:35596 - "GET /answer_sheets/60/1778142135_python%E7%AD%94%E9%A2%98%E5%8D%A1_180_processed.png?r=0.01000395792581632 HTTP/1.1" 200 OK
INFO:     127.0.0.1:35590 - "GET /answer_sheets/60/1778142135_python%E7%AD%94%E9%A2%98%E5%8D%A1_181_processed.png?r=0.6410665185507751 HTTP/1.1" 200 OK
INFO:     127.0.0.1:35622 - "GET /answer_sheets/60/1778142136_python%E7%AD%94%E9%A2%98%E5%8D%A1_190_processed.png?r=0.8002265230489491 HTTP/1.1" 200 OK
INFO:     127.0.0.1:35608 - "GET /answer_sheets/60/1778142136_python%E7%AD%94%E9%A2%98%E5%8D%A1_191_processed.png?r=0.5450452742985871 HTTP/1.1" 200 OK
INFO:     127.0.0.1:60960 - "GET /answer_sheets/60/1778142136_python%E7%AD%94%E9%A2%98%E5%8D%A1_200_processed.png?r=0.45949296256642014 HTTP/1.1" 200 OK
INFO:     127.0.0.1:35632 - "GET /answer_sheets/60/1778142136_python%E7%AD%94%E9%A2%98%E5%8D%A1_201_processed.png?r=0.9966870645086996 HTTP/1.1" 200 OK
INFO:     127.0.0.1:35596 - "GET /answer_sheets/60/1778142137_python%E7%AD%94%E9%A2%98%E5%8D%A1_210_processed.png?r=0.2645316542266317 HTTP/1.1" 200 OK
INFO:     127.0.0.1:35590 - "GET /answer_sheets/60/1778142137_python%E7%AD%94%E9%A2%98%E5%8D%A1_211_processed.png?r=0.8235055181432247 HTTP/1.1" 200 OK
INFO:     127.0.0.1:35622 - "GET /answer_sheets/60/1778142138_python%E7%AD%94%E9%A2%98%E5%8D%A1_220_processed.png?r=0.6194790678501743 HTTP/1.1" 200 OK
INFO:     127.0.0.1:35608 - "GET /answer_sheets/60/1778142138_python%E7%AD%94%E9%A2%98%E5%8D%A1_221_processed.png?r=0.6055433672151075 HTTP/1.1" 200 OK
INFO:     127.0.0.1:60960 - "GET /answer_sheets/60/1778142139_python%E7%AD%94%E9%A2%98%E5%8D%A1_230_processed.png?r=0.30364053535520574 HTTP/1.1" 200 OK
INFO:     127.0.0.1:35632 - "GET /answer_sheets/60/1778142139_python%E7%AD%94%E9%A2%98%E5%8D%A1_231_processed.png?r=0.26305753033533985 HTTP/1.1" 200 OK
INFO:     127.0.0.1:35590 - "GET /answer_sheets/60/1778142141_python%E7%AD%94%E9%A2%98%E5%8D%A1_240_processed.png?r=0.29468328570455093 HTTP/1.1" 200 OK
INFO:     127.0.0.1:35596 - "GET /answer_sheets/60/1778142141_python%E7%AD%94%E9%A2%98%E5%8D%A1_241_processed.png?r=0.7509331292739897 HTTP/1.1" 200 OK
INFO:     127.0.0.1:35632 - "GET /answer_sheets/60/1778142141_python%E7%AD%94%E9%A2%98%E5%8D%A1_250_processed.png?r=0.8389922520340264 HTTP/1.1" 200 OK
INFO:     127.0.0.1:35608 - "GET /answer_sheets/60/1778142142_python%E7%AD%94%E9%A2%98%E5%8D%A1_251_processed.png?r=0.4521028274860185 HTTP/1.1" 200 OK
INFO:     127.0.0.1:35622 - "GET /answer_sheets/60/1778142142_python%E7%AD%94%E9%A2%98%E5%8D%A1_260_processed.png?r=0.8349983350791755 HTTP/1.1" 200 OK
INFO:     127.0.0.1:60960 - "GET /answer_sheets/60/1778142143_python%E7%AD%94%E9%A2%98%E5%8D%A1_261_processed.png?r=0.8467804737129893 HTTP/1.1" 200 OK
INFO:     127.0.0.1:35596 - "GET /answer_sheets/60/1778142143_python%E7%AD%94%E9%A2%98%E5%8D%A1_270_processed.png?r=0.3067268522163523 HTTP/1.1" 200 OK
INFO:     127.0.0.1:35590 - "GET /answer_sheets/60/1778142144_python%E7%AD%94%E9%A2%98%E5%8D%A1_271_processed.png?r=0.1289875632028583 HTTP/1.1" 200 OK
INFO:     127.0.0.1:35608 - "GET /answer_sheets/60/1778142148_python%E7%AD%94%E9%A2%98%E5%8D%A1_280_processed.png?r=0.11979498894905116 HTTP/1.1" 200 OK
INFO:     127.0.0.1:35622 - "GET /answer_sheets/60/1778142149_python%E7%AD%94%E9%A2%98%E5%8D%A1_281_processed.png?r=0.8811104166868133 HTTP/1.1" 200 OK
INFO:     127.0.0.1:35632 - "GET /answer_sheets/60/1778142149_python%E7%AD%94%E9%A2%98%E5%8D%A1_290_processed.png?r=0.7482677420902724 HTTP/1.1" 200 OK
INFO:     127.0.0.1:60960 - "GET /answer_sheets/60/1778142150_python%E7%AD%94%E9%A2%98%E5%8D%A1_301_processed.png?r=0.3401086043176613 HTTP/1.1" 200 OK
INFO:     127.0.0.1:35596 - "GET /answer_sheets/60/1778142149_python%E7%AD%94%E9%A2%98%E5%8D%A1_291_processed.png?r=0.464219974891139 HTTP/1.1" 200 OK
INFO:     127.0.0.1:35590 - "GET /answer_sheets/60/1778142150_python%E7%AD%94%E9%A2%98%E5%8D%A1_300_processed.png?r=0.5613936594717387 HTTP/1.1" 200 OK
INFO:     127.0.0.1:35622 - "GET /answer_sheets/60/1778142150_python%E7%AD%94%E9%A2%98%E5%8D%A1_311_processed.png?r=0.1112765585283455 HTTP/1.1" 200 OK
INFO:     127.0.0.1:35608 - "GET /answer_sheets/60/1778142150_python%E7%AD%94%E9%A2%98%E5%8D%A1_310_processed.png?r=0.522300332616789 HTTP/1.1" 200 OK
INFO:     127.0.0.1:35632 - "GET /answer_sheets/60/1778142151_python%E7%AD%94%E9%A2%98%E5%8D%A1_320_processed.png?r=0.16423793636910078 HTTP/1.1" 200 OK
INFO:     127.0.0.1:60960 - "GET /answer_sheets/60/1778142151_python%E7%AD%94%E9%A2%98%E5%8D%A1_321_processed.png?r=0.4015579124708527 HTTP/1.1" 200 OK
INFO:     127.0.0.1:35590 - "GET /answer_sheets/60/1778142151_python%E7%AD%94%E9%A2%98%E5%8D%A1_331_processed.png?r=0.34129074053791897 HTTP/1.1" 200 OK
INFO:     127.0.0.1:35596 - "GET /answer_sheets/60/1778142151_python%E7%AD%94%E9%A2%98%E5%8D%A1_340_processed.png?r=0.9092688016437697 HTTP/1.1" 200 OK
INFO:     127.0.0.1:35632 - "GET /answer_sheets/60/1778142151_python%E7%AD%94%E9%A2%98%E5%8D%A1_330_processed.png?r=0.006596300258157606 HTTP/1.1" 200 OK
INFO:     127.0.0.1:35608 - "GET /answer_sheets/60/1778142152_python%E7%AD%94%E9%A2%98%E5%8D%A1_341_processed.png?r=0.45721922708492635 HTTP/1.1" 200 OK
INFO:     127.0.0.1:35622 - "GET /answer_sheets/60/1778142152_python%E7%AD%94%E9%A2%98%E5%8D%A1_350_processed.png?r=0.9591938531942249 HTTP/1.1" 200 OK
INFO:     127.0.0.1:60960 - "GET /answer_sheets/60/1778142152_python%E7%AD%94%E9%A2%98%E5%8D%A1_351_processed.png?r=0.7517575324555247 HTTP/1.1" 200 OK
INFO:     127.0.0.1:60960 - "GET /answer_sheets/60/1778142153_python%E7%AD%94%E9%A2%98%E5%8D%A1_360_processed.png?r=0.42248098634040965 HTTP/1.1" 200 OK
INFO:     127.0.0.1:35596 - "GET /answer_sheets/60/1778142154_python%E7%AD%94%E9%A2%98%E5%8D%A1_361_processed.png?r=0.9658288785210318 HTTP/1.1" 200 OK
INFO:     127.0.0.1:35632 - "GET /answer_sheets/60/1778142154_python%E7%AD%94%E9%A2%98%E5%8D%A1_370_processed.png?r=0.06395143699398331 HTTP/1.1" 200 OK
INFO:     127.0.0.1:35590 - "GET /answer_sheets/60/1778142155_python%E7%AD%94%E9%A2%98%E5%8D%A1_371_processed.png?r=0.760509515962741 HTTP/1.1" 200 OK
INFO:     127.0.0.1:35608 - "GET /answer_sheets/60/1778142155_python%E7%AD%94%E9%A2%98%E5%8D%A1_380_processed.png?r=0.4229798028393129 HTTP/1.1" 200 OK
INFO:     127.0.0.1:35622 - "GET /answer_sheets/60/1778142156_python%E7%AD%94%E9%A2%98%E5%8D%A1_381_processed.png?r=0.8141819095935606 HTTP/1.1" 200 OK
INFO:     127.0.0.1:60960 - "GET /answer_sheets/60/1778142156_python%E7%AD%94%E9%A2%98%E5%8D%A1_390_processed.png?r=0.5362391601646261 HTTP/1.1" 200 OK
INFO:     127.0.0.1:35596 - "GET /answer_sheets/60/1778142156_python%E7%AD%94%E9%A2%98%E5%8D%A1_391_processed.png?r=0.8331798112400635 HTTP/1.1" 200 OK
INFO:     127.0.0.1:35632 - "GET /answer_sheets/60/1778142157_python%E7%AD%94%E9%A2%98%E5%8D%A1_400_processed.png?r=0.38644573214376454 HTTP/1.1" 200 OK
INFO:     127.0.0.1:35622 - "GET /answer_sheets/60/1778142157_python%E7%AD%94%E9%A2%98%E5%8D%A1_401_processed.png?r=0.21917183017837805 HTTP/1.1" 200 OK
INFO:     127.0.0.1:35590 - "GET /answer_sheets/60/1778142157_python%E7%AD%94%E9%A2%98%E5%8D%A1_410_processed.png?r=0.5906796148162062 HTTP/1.1" 200 OK
INFO:     127.0.0.1:35608 - "GET /answer_sheets/60/1778142158_python%E7%AD%94%E9%A2%98%E5%8D%A1_411_processed.png?r=0.0861261761502008 HTTP/1.1" 200 OK
INFO:     127.0.0.1:60960 - "GET /answer_sheets/60/1778142158_python%E7%AD%94%E9%A2%98%E5%8D%A1_420_processed.png?r=0.6129276892452518 HTTP/1.1" 200 OK
INFO:     127.0.0.1:35596 - "GET /answer_sheets/60/1778142158_python%E7%AD%94%E9%A2%98%E5%8D%A1_421_processed.png?r=0.5752676918228516 HTTP/1.1" 200 OK
INFO:     127.0.0.1:35622 - "GET /answer_sheets/60/1778142159_python%E7%AD%94%E9%A2%98%E5%8D%A1_430_processed.png?r=0.45053344732099765 HTTP/1.1" 200 OK
INFO:     127.0.0.1:35632 - "GET /answer_sheets/60/1778142159_python%E7%AD%94%E9%A2%98%E5%8D%A1_431_processed.png?r=0.12673994846536552 HTTP/1.1" 200 OK
INFO:     127.0.0.1:35590 - "GET /answer_sheets/60/1778142160_python%E7%AD%94%E9%A2%98%E5%8D%A1_441_processed.png?r=0.046703361153507816 HTTP/1.1" 200 OK
INFO:     127.0.0.1:35608 - "GET /answer_sheets/60/1778142159_python%E7%AD%94%E9%A2%98%E5%8D%A1_440_processed.png?r=0.7353919371761304 HTTP/1.1" 200 OK
INFO:     127.0.0.1:60960 - "GET /answer_sheets/60/1778142160_python%E7%AD%94%E9%A2%98%E5%8D%A1_450_processed.png?r=0.5907399395792352 HTTP/1.1" 200 OK
INFO:     127.0.0.1:35596 - "GET /answer_sheets/60/1778142160_python%E7%AD%94%E9%A2%98%E5%8D%A1_451_processed.png?r=0.39341665359311007 HTTP/1.1" 200 OK
INFO:     127.0.0.1:35622 - "GET /answer_sheets/60/1778142161_python%E7%AD%94%E9%A2%98%E5%8D%A1_460_processed.png?r=0.8086191422888296 HTTP/1.1" 200 OK
INFO:     127.0.0.1:35590 - "GET /answer_sheets/60/1778142162_python%E7%AD%94%E9%A2%98%E5%8D%A1_461_processed.png?r=0.9830996462295475 HTTP/1.1" 200 OK
INFO:     127.0.0.1:35632 - "GET /answer_sheets/60/1778142162_python%E7%AD%94%E9%A2%98%E5%8D%A1_471_processed.png?r=0.142418320671704 HTTP/1.1" 200 OK
INFO:     127.0.0.1:35608 - "GET /answer_sheets/60/1778142162_python%E7%AD%94%E9%A2%98%E5%8D%A1_470_processed.png?r=0.6594273505714655 HTTP/1.1" 200 OK
INFO:     127.0.0.1:35596 - "GET /answer_sheets/60/1778142162_python%E7%AD%94%E9%A2%98%E5%8D%A1_480_processed.png?r=0.5039620369800754 HTTP/1.1" 200 OK
INFO:     127.0.0.1:60960 - "GET /answer_sheets/60/1778142163_python%E7%AD%94%E9%A2%98%E5%8D%A1_481_processed.png?r=0.2830177676552099 HTTP/1.1" 200 OK
INFO:     127.0.0.1:35632 - "GET /answer_sheets/60/1778142163_python%E7%AD%94%E9%A2%98%E5%8D%A1_490_processed.png?r=0.17172076018014915 HTTP/1.1" 200 OK
INFO:     127.0.0.1:35590 - "GET /answer_sheets/60/1778142163_python%E7%AD%94%E9%A2%98%E5%8D%A1_491_processed.png?r=0.3750380890036551 HTTP/1.1" 200 OK
INFO:     127.0.0.1:35622 - "GET /answer_sheets/60/1778142163_python%E7%AD%94%E9%A2%98%E5%8D%A1_500_processed.png?r=0.5218826748557155 HTTP/1.1" 200 OK
INFO:     127.0.0.1:35608 - "GET /answer_sheets/60/1778142164_python%E7%AD%94%E9%A2%98%E5%8D%A1_501_processed.png?r=0.9263681459439798 HTTP/1.1" 200 OK
INFO:     127.0.0.1:35596 - "GET /answer_sheets/60/1778142164_python%E7%AD%94%E9%A2%98%E5%8D%A1_510_processed.png?r=0.4244836611346241 HTTP/1.1" 200 OK
INFO:     127.0.0.1:60960 - "GET /answer_sheets/60/1778142164_python%E7%AD%94%E9%A2%98%E5%8D%A1_511_processed.png?r=0.29857889303590346 HTTP/1.1" 200 OK
INFO:     127.0.0.1:35632 - "GET /answer_sheets/60/1778142164_python%E7%AD%94%E9%A2%98%E5%8D%A1_520_processed.png?r=0.28590877654350366 HTTP/1.1" 200 OK
INFO:     127.0.0.1:35608 - "GET /answer_sheets/60/1778142165_python%E7%AD%94%E9%A2%98%E5%8D%A1_521_processed.png?r=0.8116338006319506 HTTP/1.1" 200 OK
INFO:     127.0.0.1:35622 - "GET /answer_sheets/60/1778142165_python%E7%AD%94%E9%A2%98%E5%8D%A1_530_processed.png?r=0.42440576569070376 HTTP/1.1" 200 OK
INFO:     127.0.0.1:35590 - "GET /answer_sheets/60/1778142166_python%E7%AD%94%E9%A2%98%E5%8D%A1_531_processed.png?r=0.003950627563273579 HTTP/1.1" 200 OK
INFO:     127.0.0.1:35596 - "GET /answer_sheets/60/1778142166_python%E7%AD%94%E9%A2%98%E5%8D%A1_540_processed.png?r=0.1427404218595748 HTTP/1.1" 200 OK
INFO:     127.0.0.1:60960 - "GET /answer_sheets/60/1778142166_python%E7%AD%94%E9%A2%98%E5%8D%A1_541_processed.png?r=0.8652939470412978 HTTP/1.1" 200 OK
INFO:     127.0.0.1:35608 - "GET /answer_sheets/60/1778142166_python%E7%AD%94%E9%A2%98%E5%8D%A1_550_processed.png?r=0.6507751705941387 HTTP/1.1" 200 OK
INFO:     127.0.0.1:35632 - "GET /answer_sheets/60/1778142167_python%E7%AD%94%E9%A2%98%E5%8D%A1_551_processed.png?r=0.9168651262839043 HTTP/1.1" 200 OK
INFO:     127.0.0.1:35590 - "GET /answer_sheets/60/1778142167_python%E7%AD%94%E9%A2%98%E5%8D%A1_560_processed.png?r=0.06079840127840064 HTTP/1.1" 200 OK
INFO:     127.0.0.1:35622 - "GET /answer_sheets/60/1778142167_python%E7%AD%94%E9%A2%98%E5%8D%A1_561_processed.png?r=0.2852908504134304 HTTP/1.1" 200 OK
INFO:     127.0.0.1:60960 - "GET /answer_sheets/60/1778142167_python%E7%AD%94%E9%A2%98%E5%8D%A1_570_processed.png?r=0.7281194334141573 HTTP/1.1" 200 OK
INFO:     127.0.0.1:35608 - "GET /answer_sheets/60/1778142168_python%E7%AD%94%E9%A2%98%E5%8D%A1_571_processed.png?r=0.8836231841564677 HTTP/1.1" 200 OK
INFO:     127.0.0.1:35596 - "GET /answer_sheets/60/1778142168_python%E7%AD%94%E9%A2%98%E5%8D%A1_580_processed.png?r=0.3436488136282383 HTTP/1.1" 200 OK
INFO:     127.0.0.1:35622 - "GET /answer_sheets/60/1778142169_python%E7%AD%94%E9%A2%98%E5%8D%A1_581_processed.png?r=0.2350786521313286 HTTP/1.1" 200 OK
INFO:     127.0.0.1:35632 - "GET /answer_sheets/60/1778142169_python%E7%AD%94%E9%A2%98%E5%8D%A1_590_processed.png?r=0.3543834064549737 HTTP/1.1" 200 OK
INFO:     127.0.0.1:35590 - "GET /answer_sheets/60/1778142170_python%E7%AD%94%E9%A2%98%E5%8D%A1_591_processed.png?r=0.24752928349424974 HTTP/1.1" 200 OK
INFO:     127.0.0.1:52534 - "GET /answer_sheets/60/1778142125_python%E7%AD%94%E9%A2%98%E5%8D%A1_01_processed.png?r=0.8419221691382665 HTTP/1.1" 200 OK
INFO:     127.0.0.1:52534 - "GET /answer_sheets/60/1778142125_python%E7%AD%94%E9%A2%98%E5%8D%A1_01_processed.png HTTP/1.1" 200 OK
2026-05-12 14:37:39,213 INFO sqlalchemy.engine.Engine BEGIN (implicit)
INFO:sqlalchemy.engine.Engine:BEGIN (implicit)
2026-05-12 14:37:39,214 INFO sqlalchemy.engine.Engine SELECT exam_id FROM exams WHERE exam_id = %(exam_id)s
INFO:sqlalchemy.engine.Engine:SELECT exam_id FROM exams WHERE exam_id = %(exam_id)s
2026-05-12 14:37:39,214 INFO sqlalchemy.engine.Engine [cached since 1342s ago] {'exam_id': 60}
INFO:sqlalchemy.engine.Engine:[cached since 1342s ago] {'exam_id': 60}
2026-05-12 14:37:39,227 INFO sqlalchemy.engine.Engine 
                SELECT s.student_id, s.name, s.student_number, s.class as class_name, s.contact_info, s.created_at, s.updated_at, es.sort_order
                FROM students s
                INNER JOIN exam_students es ON s.student_id = es.student_id
                WHERE es.exam_id = %(exam_id)s
                ORDER BY es.sort_order ASC, s.student_number ASC
                
INFO:sqlalchemy.engine.Engine:
                SELECT s.student_id, s.name, s.student_number, s.class as class_name, s.contact_info, s.created_at, s.updated_at, es.sort_order
                FROM students s
                INNER JOIN exam_students es ON s.student_id = es.student_id
                WHERE es.exam_id = %(exam_id)s
                ORDER BY es.sort_order ASC, s.student_number ASC
                
2026-05-12 14:37:39,228 INFO sqlalchemy.engine.Engine [cached since 1342s ago] {'exam_id': 60}
INFO:sqlalchemy.engine.Engine:[cached since 1342s ago] {'exam_id': 60}
2026-05-12 14:37:39,251 INFO sqlalchemy.engine.Engine ROLLBACK
INFO:sqlalchemy.engine.Engine:ROLLBACK
INFO:     127.0.0.1:46050 - "GET /api/exams/60/students HTTP/1.1" 200 OK
2026-05-12 14:37:39,362 INFO sqlalchemy.engine.Engine BEGIN (implicit)
INFO:sqlalchemy.engine.Engine:BEGIN (implicit)
2026-05-12 14:37:39,362 INFO sqlalchemy.engine.Engine SELECT exam_id FROM exams WHERE exam_id = %(exam_id)s
INFO:sqlalchemy.engine.Engine:SELECT exam_id FROM exams WHERE exam_id = %(exam_id)s
2026-05-12 14:37:39,362 INFO sqlalchemy.engine.Engine [cached since 1342s ago] {'exam_id': 60}
INFO:sqlalchemy.engine.Engine:[cached since 1342s ago] {'exam_id': 60}
2026-05-12 14:37:39,365 INFO sqlalchemy.engine.Engine 
                SELECT s.student_id, s.name, s.student_number, s.class as class_name, s.contact_info, s.created_at, s.updated_at, es.sort_order
                FROM students s
                INNER JOIN exam_students es ON s.student_id = es.student_id
                WHERE es.exam_id = %(exam_id)s
                ORDER BY es.sort_order ASC, s.student_number ASC
                
INFO:sqlalchemy.engine.Engine:
                SELECT s.student_id, s.name, s.student_number, s.class as class_name, s.contact_info, s.created_at, s.updated_at, es.sort_order
                FROM students s
                INNER JOIN exam_students es ON s.student_id = es.student_id
                WHERE es.exam_id = %(exam_id)s
                ORDER BY es.sort_order ASC, s.student_number ASC
                
2026-05-12 14:37:39,365 INFO sqlalchemy.engine.Engine [cached since 1342s ago] {'exam_id': 60}
INFO:sqlalchemy.engine.Engine:[cached since 1342s ago] {'exam_id': 60}
2026-05-12 14:37:39,375 INFO sqlalchemy.engine.Engine ROLLBACK
INFO:sqlalchemy.engine.Engine:ROLLBACK
INFO:     127.0.0.1:46066 - "GET /api/exams/60/students HTTP/1.1" 200 OK
2026-05-12 14:37:39,410 INFO sqlalchemy.engine.Engine BEGIN (implicit)
INFO:sqlalchemy.engine.Engine:BEGIN (implicit)
2026-05-12 14:37:39,411 INFO sqlalchemy.engine.Engine SELECT exam_id FROM exams WHERE exam_id = %(exam_id)s
INFO:sqlalchemy.engine.Engine:SELECT exam_id FROM exams WHERE exam_id = %(exam_id)s
2026-05-12 14:37:39,411 INFO sqlalchemy.engine.Engine [cached since 1342s ago] {'exam_id': 60}
INFO:sqlalchemy.engine.Engine:[cached since 1342s ago] {'exam_id': 60}
2026-05-12 14:37:39,413 INFO sqlalchemy.engine.Engine 
                SELECT 
                    a.id, a.filename, a.file_path, a.processed_file_path,
                    a.uploaded_at, a.page_order,
                    s.student_id, s.name as student_name, s.student_number, s.class as student_class
                FROM answer_sheets a
                JOIN students s ON a.student_id = s.student_id
                WHERE a.exam_id = %(exam_id)s
                ORDER BY s.student_id, a.page_order
                
INFO:sqlalchemy.engine.Engine:
                SELECT 
                    a.id, a.filename, a.file_path, a.processed_file_path,
                    a.uploaded_at, a.page_order,
                    s.student_id, s.name as student_name, s.student_number, s.class as student_class
                FROM answer_sheets a
                JOIN students s ON a.student_id = s.student_id
                WHERE a.exam_id = %(exam_id)s
                ORDER BY s.student_id, a.page_order
                
2026-05-12 14:37:39,414 INFO sqlalchemy.engine.Engine [cached since 1342s ago] {'exam_id': 60}
INFO:sqlalchemy.engine.Engine:[cached since 1342s ago] {'exam_id': 60}
2026-05-12 14:37:39,426 INFO sqlalchemy.engine.Engine ROLLBACK
INFO:sqlalchemy.engine.Engine:ROLLBACK
INFO:     127.0.0.1:46066 - "GET /api/exams/60/images HTTP/1.1" 200 OK
INFO:     127.0.0.1:46096 - "GET /answer_sheets/60/1778142126_python%E7%AD%94%E9%A2%98%E5%8D%A1_30_processed.png?r=0.7359253531525873 HTTP/1.1" 200 OK
INFO:     127.0.0.1:46104 - "GET /answer_sheets/60/1778142127_python%E7%AD%94%E9%A2%98%E5%8D%A1_41_processed.png?r=0.3999402822495144 HTTP/1.1" 200 OK
INFO:     127.0.0.1:46096 - "GET /answer_sheets/60/1778142124_python%E7%AD%94%E9%A2%98%E5%8D%A1_00_processed.png?r=0.5994825371648036 HTTP/1.1" 200 OK
INFO:     127.0.0.1:46124 - "GET /answer_sheets/60/1778142127_python%E7%AD%94%E9%A2%98%E5%8D%A1_40_processed.png?r=0.35421902613558864 HTTP/1.1" 200 OK
INFO:     127.0.0.1:46118 - "GET /answer_sheets/60/1778142125_python%E7%AD%94%E9%A2%98%E5%8D%A1_11_processed.png?r=0.20936375683623032 HTTP/1.1" 200 OK
INFO:     127.0.0.1:46130 - "GET /answer_sheets/60/1778142127_python%E7%AD%94%E9%A2%98%E5%8D%A1_31_processed.png?r=0.6974261949519899 HTTP/1.1" 200 OK
INFO:     127.0.0.1:46104 - "GET /answer_sheets/60/1778142125_python%E7%AD%94%E9%A2%98%E5%8D%A1_01_processed.png?r=0.28540832310882513 HTTP/1.1" 200 OK
INFO:     127.0.0.1:46144 - "GET /answer_sheets/60/1778142125_python%E7%AD%94%E9%A2%98%E5%8D%A1_10_processed.png?r=0.4237271503162421 HTTP/1.1" 200 OK
INFO:     127.0.0.1:46124 - "GET /answer_sheets/60/1778142125_python%E7%AD%94%E9%A2%98%E5%8D%A1_20_processed.png?r=0.04439046518325829 HTTP/1.1" 200 OK
INFO:     127.0.0.1:46130 - "GET /answer_sheets/60/1778142126_python%E7%AD%94%E9%A2%98%E5%8D%A1_21_processed.png?r=0.4909339372040066 HTTP/1.1" 200 OK
INFO:     127.0.0.1:46144 - "GET /answer_sheets/60/1778142128_python%E7%AD%94%E9%A2%98%E5%8D%A1_50_processed.png?r=0.4761545568490637 HTTP/1.1" 200 OK
INFO:     127.0.0.1:46104 - "GET /answer_sheets/60/1778142128_python%E7%AD%94%E9%A2%98%E5%8D%A1_51_processed.png?r=0.05284300166102196 HTTP/1.1" 200 OK
INFO:     127.0.0.1:46118 - "GET /answer_sheets/60/1778142128_python%E7%AD%94%E9%A2%98%E5%8D%A1_60_processed.png?r=0.9514741158387239 HTTP/1.1" 200 OK
INFO:     127.0.0.1:46096 - "GET /answer_sheets/60/1778142128_python%E7%AD%94%E9%A2%98%E5%8D%A1_61_processed.png?r=0.4254475961925077 HTTP/1.1" 200 OK
INFO:     127.0.0.1:46124 - "GET /answer_sheets/60/1778142129_python%E7%AD%94%E9%A2%98%E5%8D%A1_70_processed.png?r=0.6715390845853627 HTTP/1.1" 200 OK
INFO:     127.0.0.1:46130 - "GET /answer_sheets/60/1778142129_python%E7%AD%94%E9%A2%98%E5%8D%A1_71_processed.png?r=0.734871683000468 HTTP/1.1" 200 OK
INFO:     127.0.0.1:46104 - "GET /answer_sheets/60/1778142131_python%E7%AD%94%E9%A2%98%E5%8D%A1_101_processed.png?r=0.44085130782263604 HTTP/1.1" 200 OK
INFO:     127.0.0.1:46130 - "GET /answer_sheets/60/1778142129_python%E7%AD%94%E9%A2%98%E5%8D%A1_80_processed.png?r=0.3633078535560076 HTTP/1.1" 200 OK
INFO:     127.0.0.1:46096 - "GET /answer_sheets/60/1778142130_python%E7%AD%94%E9%A2%98%E5%8D%A1_91_processed.png?r=0.10098234664105665 HTTP/1.1" 200 OK
INFO:     127.0.0.1:46124 - "GET /answer_sheets/60/1778142129_python%E7%AD%94%E9%A2%98%E5%8D%A1_81_processed.png?r=0.8673658039505308 HTTP/1.1" 200 OK
INFO:     127.0.0.1:46144 - "GET /answer_sheets/60/1778142131_python%E7%AD%94%E9%A2%98%E5%8D%A1_100_processed.png?r=0.8533800307910445 HTTP/1.1" 200 OK
INFO:     127.0.0.1:46118 - "GET /answer_sheets/60/1778142130_python%E7%AD%94%E9%A2%98%E5%8D%A1_90_processed.png?r=0.6486186771611518 HTTP/1.1" 200 OK
INFO:     127.0.0.1:46096 - "GET /answer_sheets/60/1778142131_python%E7%AD%94%E9%A2%98%E5%8D%A1_110_processed.png?r=0.5387060840218083 HTTP/1.1" 200 OK
INFO:     127.0.0.1:46104 - "GET /answer_sheets/60/1778142131_python%E7%AD%94%E9%A2%98%E5%8D%A1_111_processed.png?r=0.4805404702627879 HTTP/1.1" 200 OK
INFO:     127.0.0.1:46144 - "GET /answer_sheets/60/1778142132_python%E7%AD%94%E9%A2%98%E5%8D%A1_120_processed.png?r=0.4426124700311529 HTTP/1.1" 200 OK
INFO:     127.0.0.1:46130 - "GET /answer_sheets/60/1778142132_python%E7%AD%94%E9%A2%98%E5%8D%A1_121_processed.png?r=0.6270633424886088 HTTP/1.1" 200 OK
INFO:     127.0.0.1:46124 - "GET /answer_sheets/60/1778142132_python%E7%AD%94%E9%A2%98%E5%8D%A1_130_processed.png?r=0.2987186768105041 HTTP/1.1" 200 OK
INFO:     127.0.0.1:46118 - "GET /answer_sheets/60/1778142133_python%E7%AD%94%E9%A2%98%E5%8D%A1_131_processed.png?r=0.4967884513539468 HTTP/1.1" 200 OK
INFO:     127.0.0.1:46118 - "GET /answer_sheets/60/1778142134_python%E7%AD%94%E9%A2%98%E5%8D%A1_151_processed.png?r=0.7698110335515664 HTTP/1.1" 200 OK
INFO:     127.0.0.1:46124 - "GET /answer_sheets/60/1778142133_python%E7%AD%94%E9%A2%98%E5%8D%A1_140_processed.png?r=0.8584266114325979 HTTP/1.1" 200 OK
INFO:     127.0.0.1:46130 - "GET /answer_sheets/60/1778142133_python%E7%AD%94%E9%A2%98%E5%8D%A1_141_processed.png?r=0.14901861100714953 HTTP/1.1" 200 OK
INFO:     127.0.0.1:46096 - "GET /answer_sheets/60/1778142134_python%E7%AD%94%E9%A2%98%E5%8D%A1_161_processed.png?r=0.9256190210276314 HTTP/1.1" 200 OK
INFO:     127.0.0.1:46104 - "GET /answer_sheets/60/1778142134_python%E7%AD%94%E9%A2%98%E5%8D%A1_160_processed.png?r=0.5710607500286875 HTTP/1.1" 200 OK
INFO:     127.0.0.1:46144 - "GET /answer_sheets/60/1778142134_python%E7%AD%94%E9%A2%98%E5%8D%A1_150_processed.png?r=0.9152354746015767 HTTP/1.1" 200 OK
INFO:     127.0.0.1:46124 - "GET /answer_sheets/60/1778142135_python%E7%AD%94%E9%A2%98%E5%8D%A1_170_processed.png?r=0.6331396813965718 HTTP/1.1" 200 OK
INFO:     127.0.0.1:46096 - "GET /answer_sheets/60/1778142135_python%E7%AD%94%E9%A2%98%E5%8D%A1_171_processed.png?r=0.6026451778757017 HTTP/1.1" 200 OK
INFO:     127.0.0.1:46130 - "GET /answer_sheets/60/1778142135_python%E7%AD%94%E9%A2%98%E5%8D%A1_180_processed.png?r=0.3797925176502458 HTTP/1.1" 200 OK
INFO:     127.0.0.1:46118 - "GET /answer_sheets/60/1778142135_python%E7%AD%94%E9%A2%98%E5%8D%A1_181_processed.png?r=0.24222856431227358 HTTP/1.1" 200 OK
INFO:     127.0.0.1:46144 - "GET /answer_sheets/60/1778142136_python%E7%AD%94%E9%A2%98%E5%8D%A1_190_processed.png?r=0.4604982002240636 HTTP/1.1" 200 OK
INFO:     127.0.0.1:46104 - "GET /answer_sheets/60/1778142136_python%E7%AD%94%E9%A2%98%E5%8D%A1_191_processed.png?r=0.7706497225905468 HTTP/1.1" 200 OK
INFO:     127.0.0.1:46096 - "GET /answer_sheets/60/1778142136_python%E7%AD%94%E9%A2%98%E5%8D%A1_200_processed.png?r=0.6625940586499477 HTTP/1.1" 200 OK
INFO:     127.0.0.1:46124 - "GET /answer_sheets/60/1778142136_python%E7%AD%94%E9%A2%98%E5%8D%A1_201_processed.png?r=0.704847224125747 HTTP/1.1" 200 OK
INFO:     127.0.0.1:46130 - "GET /answer_sheets/60/1778142137_python%E7%AD%94%E9%A2%98%E5%8D%A1_210_processed.png?r=0.24596872376905698 HTTP/1.1" 200 OK
INFO:     127.0.0.1:46118 - "GET /answer_sheets/60/1778142137_python%E7%AD%94%E9%A2%98%E5%8D%A1_211_processed.png?r=0.7782852935351271 HTTP/1.1" 200 OK
INFO:     127.0.0.1:46144 - "GET /answer_sheets/60/1778142138_python%E7%AD%94%E9%A2%98%E5%8D%A1_220_processed.png?r=0.30630895769735056 HTTP/1.1" 200 OK
INFO:     127.0.0.1:46104 - "GET /answer_sheets/60/1778142138_python%E7%AD%94%E9%A2%98%E5%8D%A1_221_processed.png?r=0.7812588507590666 HTTP/1.1" 200 OK
INFO:     127.0.0.1:46096 - "GET /answer_sheets/60/1778142139_python%E7%AD%94%E9%A2%98%E5%8D%A1_230_processed.png?r=0.2616080970557171 HTTP/1.1" 200 OK
INFO:     127.0.0.1:46124 - "GET /answer_sheets/60/1778142139_python%E7%AD%94%E9%A2%98%E5%8D%A1_231_processed.png?r=0.8444670573031468 HTTP/1.1" 200 OK
INFO:     127.0.0.1:46124 - "GET /answer_sheets/60/1778142141_python%E7%AD%94%E9%A2%98%E5%8D%A1_240_processed.png?r=0.22257978275761314 HTTP/1.1" 200 OK
INFO:     127.0.0.1:46118 - "GET /answer_sheets/60/1778142141_python%E7%AD%94%E9%A2%98%E5%8D%A1_241_processed.png?r=0.4382232346776468 HTTP/1.1" 200 OK
INFO:     127.0.0.1:46104 - "GET /answer_sheets/60/1778142141_python%E7%AD%94%E9%A2%98%E5%8D%A1_250_processed.png?r=0.4957799726570141 HTTP/1.1" 200 OK
INFO:     127.0.0.1:46130 - "GET /answer_sheets/60/1778142142_python%E7%AD%94%E9%A2%98%E5%8D%A1_251_processed.png?r=0.8166668724352444 HTTP/1.1" 200 OK
INFO:     127.0.0.1:46144 - "GET /answer_sheets/60/1778142142_python%E7%AD%94%E9%A2%98%E5%8D%A1_260_processed.png?r=0.39945197669464905 HTTP/1.1" 200 OK
INFO:     127.0.0.1:46096 - "GET /answer_sheets/60/1778142143_python%E7%AD%94%E9%A2%98%E5%8D%A1_261_processed.png?r=0.23599956428227953 HTTP/1.1" 200 OK
INFO:     127.0.0.1:46124 - "GET /answer_sheets/60/1778142143_python%E7%AD%94%E9%A2%98%E5%8D%A1_270_processed.png?r=0.7454086128506623 HTTP/1.1" 200 OK
INFO:     127.0.0.1:46118 - "GET /answer_sheets/60/1778142144_python%E7%AD%94%E9%A2%98%E5%8D%A1_271_processed.png?r=0.43889219591601314 HTTP/1.1" 200 OK
INFO:     127.0.0.1:46130 - "GET /answer_sheets/60/1778142148_python%E7%AD%94%E9%A2%98%E5%8D%A1_280_processed.png?r=0.2849790656693503 HTTP/1.1" 200 OK
INFO:     127.0.0.1:46104 - "GET /answer_sheets/60/1778142149_python%E7%AD%94%E9%A2%98%E5%8D%A1_281_processed.png?r=0.679018718530778 HTTP/1.1" 200 OK
INFO:     127.0.0.1:46096 - "GET /answer_sheets/60/1778142149_python%E7%AD%94%E9%A2%98%E5%8D%A1_290_processed.png?r=0.9881199189002422 HTTP/1.1" 200 OK
INFO:     127.0.0.1:46144 - "GET /answer_sheets/60/1778142149_python%E7%AD%94%E9%A2%98%E5%8D%A1_291_processed.png?r=0.5399105264191838 HTTP/1.1" 200 OK
INFO:     127.0.0.1:46118 - "GET /answer_sheets/60/1778142150_python%E7%AD%94%E9%A2%98%E5%8D%A1_300_processed.png?r=0.7027220247771998 HTTP/1.1" 200 OK
INFO:     127.0.0.1:46124 - "GET /answer_sheets/60/1778142150_python%E7%AD%94%E9%A2%98%E5%8D%A1_301_processed.png?r=0.9460753838141714 HTTP/1.1" 200 OK
INFO:     127.0.0.1:46096 - "GET /answer_sheets/60/1778142150_python%E7%AD%94%E9%A2%98%E5%8D%A1_310_processed.png?r=0.5542706924747417 HTTP/1.1" 200 OK
INFO:     127.0.0.1:46130 - "GET /answer_sheets/60/1778142151_python%E7%AD%94%E9%A2%98%E5%8D%A1_320_processed.png?r=0.2841849331750316 HTTP/1.1" 200 OK
INFO:     127.0.0.1:46104 - "GET /answer_sheets/60/1778142150_python%E7%AD%94%E9%A2%98%E5%8D%A1_311_processed.png?r=0.7798575967576546 HTTP/1.1" 200 OK
INFO:     127.0.0.1:46144 - "GET /answer_sheets/60/1778142151_python%E7%AD%94%E9%A2%98%E5%8D%A1_321_processed.png?r=0.177656486690154 HTTP/1.1" 200 OK
INFO:     127.0.0.1:46118 - "GET /answer_sheets/60/1778142151_python%E7%AD%94%E9%A2%98%E5%8D%A1_330_processed.png?r=0.7245219434856298 HTTP/1.1" 200 OK
INFO:     127.0.0.1:46124 - "GET /answer_sheets/60/1778142151_python%E7%AD%94%E9%A2%98%E5%8D%A1_331_processed.png?r=0.25182793034847417 HTTP/1.1" 200 OK
INFO:     127.0.0.1:46096 - "GET /answer_sheets/60/1778142152_python%E7%AD%94%E9%A2%98%E5%8D%A1_351_processed.png?r=0.8086661517195837 HTTP/1.1" 200 OK
INFO:     127.0.0.1:46144 - "GET /answer_sheets/60/1778142152_python%E7%AD%94%E9%A2%98%E5%8D%A1_341_processed.png?r=0.0597932078459088 HTTP/1.1" 200 OK
INFO:     127.0.0.1:46130 - "GET /answer_sheets/60/1778142152_python%E7%AD%94%E9%A2%98%E5%8D%A1_350_processed.png?r=0.030541911907398966 HTTP/1.1" 200 OK
INFO:     127.0.0.1:46118 - "GET /answer_sheets/60/1778142151_python%E7%AD%94%E9%A2%98%E5%8D%A1_340_processed.png?r=0.9058023230948573 HTTP/1.1" 200 OK
INFO:     127.0.0.1:46104 - "GET /answer_sheets/60/1778142153_python%E7%AD%94%E9%A2%98%E5%8D%A1_360_processed.png?r=0.3634061096904164 HTTP/1.1" 200 OK
INFO:     127.0.0.1:46124 - "GET /answer_sheets/60/1778142154_python%E7%AD%94%E9%A2%98%E5%8D%A1_361_processed.png?r=0.4971128472822207 HTTP/1.1" 200 OK
INFO:     127.0.0.1:46096 - "GET /answer_sheets/60/1778142154_python%E7%AD%94%E9%A2%98%E5%8D%A1_370_processed.png?r=0.5731905179601133 HTTP/1.1" 200 OK
INFO:     127.0.0.1:46144 - "GET /answer_sheets/60/1778142155_python%E7%AD%94%E9%A2%98%E5%8D%A1_371_processed.png?r=0.6660105488156345 HTTP/1.1" 200 OK
INFO:     127.0.0.1:46130 - "GET /answer_sheets/60/1778142155_python%E7%AD%94%E9%A2%98%E5%8D%A1_380_processed.png?r=0.9690715031539082 HTTP/1.1" 200 OK
INFO:     127.0.0.1:46118 - "GET /answer_sheets/60/1778142156_python%E7%AD%94%E9%A2%98%E5%8D%A1_381_processed.png?r=0.18807416816174582 HTTP/1.1" 200 OK
INFO:     127.0.0.1:46124 - "GET /answer_sheets/60/1778142156_python%E7%AD%94%E9%A2%98%E5%8D%A1_390_processed.png?r=0.2528601993489671 HTTP/1.1" 200 OK
INFO:     127.0.0.1:46104 - "GET /answer_sheets/60/1778142156_python%E7%AD%94%E9%A2%98%E5%8D%A1_391_processed.png?r=0.9003602464659107 HTTP/1.1" 200 OK
INFO:     127.0.0.1:46096 - "GET /answer_sheets/60/1778142157_python%E7%AD%94%E9%A2%98%E5%8D%A1_400_processed.png?r=0.699824224028395 HTTP/1.1" 200 OK
INFO:     127.0.0.1:46130 - "GET /answer_sheets/60/1778142157_python%E7%AD%94%E9%A2%98%E5%8D%A1_401_processed.png?r=0.9955170544868504 HTTP/1.1" 200 OK
INFO:     127.0.0.1:46144 - "GET /answer_sheets/60/1778142157_python%E7%AD%94%E9%A2%98%E5%8D%A1_410_processed.png?r=0.5131392221254245 HTTP/1.1" 200 OK
INFO:     127.0.0.1:46104 - "GET /answer_sheets/60/1778142158_python%E7%AD%94%E9%A2%98%E5%8D%A1_411_processed.png?r=0.3480407169951222 HTTP/1.1" 200 OK
INFO:     127.0.0.1:46144 - "GET /answer_sheets/60/1778142158_python%E7%AD%94%E9%A2%98%E5%8D%A1_420_processed.png?r=0.9605122954383005 HTTP/1.1" 200 OK
INFO:     127.0.0.1:46104 - "GET /answer_sheets/60/1778142158_python%E7%AD%94%E9%A2%98%E5%8D%A1_421_processed.png?r=0.17552512145534438 HTTP/1.1" 200 OK
INFO:     127.0.0.1:46118 - "GET /answer_sheets/60/1778142159_python%E7%AD%94%E9%A2%98%E5%8D%A1_431_processed.png?r=0.45299291334261127 HTTP/1.1" 200 OK
INFO:     127.0.0.1:46124 - "GET /answer_sheets/60/1778142159_python%E7%AD%94%E9%A2%98%E5%8D%A1_430_processed.png?r=0.6443849103288688 HTTP/1.1" 200 OK
INFO:     127.0.0.1:46096 - "GET /answer_sheets/60/1778142159_python%E7%AD%94%E9%A2%98%E5%8D%A1_440_processed.png?r=0.07055446736043702 HTTP/1.1" 200 OK
INFO:     127.0.0.1:46130 - "GET /answer_sheets/60/1778142160_python%E7%AD%94%E9%A2%98%E5%8D%A1_441_processed.png?r=0.9596577102450904 HTTP/1.1" 200 OK
INFO:     127.0.0.1:46144 - "GET /answer_sheets/60/1778142160_python%E7%AD%94%E9%A2%98%E5%8D%A1_450_processed.png?r=0.9910710911160449 HTTP/1.1" 200 OK
INFO:     127.0.0.1:46096 - "GET /answer_sheets/60/1778142160_python%E7%AD%94%E9%A2%98%E5%8D%A1_451_processed.png?r=0.11875556671990728 HTTP/1.1" 200 OK
INFO:     127.0.0.1:46124 - "GET /answer_sheets/60/1778142161_python%E7%AD%94%E9%A2%98%E5%8D%A1_460_processed.png?r=0.8289294594601502 HTTP/1.1" 200 OK
INFO:     127.0.0.1:46104 - "GET /answer_sheets/60/1778142162_python%E7%AD%94%E9%A2%98%E5%8D%A1_461_processed.png?r=0.8184162507351415 HTTP/1.1" 200 OK
INFO:     127.0.0.1:46118 - "GET /answer_sheets/60/1778142162_python%E7%AD%94%E9%A2%98%E5%8D%A1_470_processed.png?r=0.21971418100170192 HTTP/1.1" 200 OK
INFO:     127.0.0.1:46096 - "GET /answer_sheets/60/1778142162_python%E7%AD%94%E9%A2%98%E5%8D%A1_480_processed.png?r=0.24231605778676324 HTTP/1.1" 200 OK
INFO:     127.0.0.1:46130 - "GET /answer_sheets/60/1778142162_python%E7%AD%94%E9%A2%98%E5%8D%A1_471_processed.png?r=0.16425952184611403 HTTP/1.1" 200 OK
INFO:     127.0.0.1:46144 - "GET /answer_sheets/60/1778142125_python%E7%AD%94%E9%A2%98%E5%8D%A1_01_processed.png HTTP/1.1" 304 Not Modified
INFO:     127.0.0.1:46096 - "GET /answer_sheets/60/1778142163_python%E7%AD%94%E9%A2%98%E5%8D%A1_481_processed.png?r=0.5463823713875403 HTTP/1.1" 200 OK
INFO:     127.0.0.1:46104 - "GET /answer_sheets/60/1778142164_python%E7%AD%94%E9%A2%98%E5%8D%A1_501_processed.png?r=0.8144212668466863 HTTP/1.1" 200 OK
INFO:     127.0.0.1:46130 - "GET /answer_sheets/60/1778142163_python%E7%AD%94%E9%A2%98%E5%8D%A1_491_processed.png?r=0.49379759069791207 HTTP/1.1" 200 OK
INFO:     127.0.0.1:46118 - "GET /answer_sheets/60/1778142163_python%E7%AD%94%E9%A2%98%E5%8D%A1_490_processed.png?r=0.491139493816832 HTTP/1.1" 200 OK
INFO:     127.0.0.1:46124 - "GET /answer_sheets/60/1778142163_python%E7%AD%94%E9%A2%98%E5%8D%A1_500_processed.png?r=0.053935400618645324 HTTP/1.1" 200 OK
INFO:     127.0.0.1:46144 - "GET /answer_sheets/60/1778142164_python%E7%AD%94%E9%A2%98%E5%8D%A1_510_processed.png?r=0.29283779473908744 HTTP/1.1" 200 OK
INFO:     127.0.0.1:46096 - "GET /answer_sheets/60/1778142164_python%E7%AD%94%E9%A2%98%E5%8D%A1_511_processed.png?r=0.8569607879761186 HTTP/1.1" 200 OK
INFO:     127.0.0.1:46104 - "GET /answer_sheets/60/1778142165_python%E7%AD%94%E9%A2%98%E5%8D%A1_521_processed.png?r=0.9442834147961129 HTTP/1.1" 200 OK
INFO:     127.0.0.1:46124 - "GET /answer_sheets/60/1778142164_python%E7%AD%94%E9%A2%98%E5%8D%A1_520_processed.png?r=0.07238751701896273 HTTP/1.1" 200 OK
INFO:     127.0.0.1:46130 - "GET /answer_sheets/60/1778142165_python%E7%AD%94%E9%A2%98%E5%8D%A1_530_processed.png?r=0.4522159786135551 HTTP/1.1" 200 OK
INFO:     127.0.0.1:46118 - "GET /answer_sheets/60/1778142166_python%E7%AD%94%E9%A2%98%E5%8D%A1_531_processed.png?r=0.9524069380833806 HTTP/1.1" 200 OK
INFO:     127.0.0.1:46144 - "GET /answer_sheets/60/1778142166_python%E7%AD%94%E9%A2%98%E5%8D%A1_540_processed.png?r=0.8715782616835585 HTTP/1.1" 200 OK
INFO:     127.0.0.1:46104 - "GET /answer_sheets/60/1778142166_python%E7%AD%94%E9%A2%98%E5%8D%A1_541_processed.png?r=0.4299911834445024 HTTP/1.1" 200 OK
INFO:     127.0.0.1:46096 - "GET /answer_sheets/60/1778142166_python%E7%AD%94%E9%A2%98%E5%8D%A1_550_processed.png?r=0.5599590539403345 HTTP/1.1" 200 OK
INFO:     127.0.0.1:46118 - "GET /answer_sheets/60/1778142167_python%E7%AD%94%E9%A2%98%E5%8D%A1_551_processed.png?r=0.7218405202317558 HTTP/1.1" 200 OK
INFO:     127.0.0.1:46124 - "GET /answer_sheets/60/1778142167_python%E7%AD%94%E9%A2%98%E5%8D%A1_560_processed.png?r=0.13209355872824347 HTTP/1.1" 200 OK
INFO:     127.0.0.1:46130 - "GET /answer_sheets/60/1778142167_python%E7%AD%94%E9%A2%98%E5%8D%A1_561_processed.png?r=0.15454563386779863 HTTP/1.1" 200 OK
INFO:     127.0.0.1:46144 - "GET /answer_sheets/60/1778142167_python%E7%AD%94%E9%A2%98%E5%8D%A1_570_processed.png?r=0.5771747166332591 HTTP/1.1" 200 OK
INFO:     127.0.0.1:46104 - "GET /answer_sheets/60/1778142168_python%E7%AD%94%E9%A2%98%E5%8D%A1_571_processed.png?r=0.6013204687053666 HTTP/1.1" 200 OK
INFO:     127.0.0.1:46130 - "GET /answer_sheets/60/1778142168_python%E7%AD%94%E9%A2%98%E5%8D%A1_580_processed.png?r=0.7073692143743598 HTTP/1.1" 200 OK
INFO:     127.0.0.1:46096 - "GET /answer_sheets/60/1778142169_python%E7%AD%94%E9%A2%98%E5%8D%A1_581_processed.png?r=0.6792513665772372 HTTP/1.1" 200 OK
INFO:     127.0.0.1:46124 - "GET /answer_sheets/60/1778142169_python%E7%AD%94%E9%A2%98%E5%8D%A1_590_processed.png?r=0.2218030989221691 HTTP/1.1" 200 OK
INFO:     127.0.0.1:46118 - "GET /answer_sheets/60/1778142170_python%E7%AD%94%E9%A2%98%E5%8D%A1_591_processed.png?r=0.38718925053629427 HTTP/1.1" 200 OK
INFO:     127.0.0.1:46104 - "GET /answer_sheets/60/1778142125_python%E7%AD%94%E9%A2%98%E5%8D%A1_01_processed.png?r=0.19548678027631627 HTTP/1.1" 200 OK
INFO:     127.0.0.1:46080 - "POST /api/exams/60/images/1481/reset-mask HTTP/1.1" 404 Not Found
INFO:     127.0.0.1:46104 - "GET /answer_sheets/60/1778142125_python%E7%AD%94%E9%A2%98%E5%8D%A1_01_processed.png?r=0.46778879831320186 HTTP/1.1" 200 OK
INFO:     127.0.0.1:35804 - "GET /answer_sheets/60/1778142124_python%E7%AD%94%E9%A2%98%E5%8D%A1_00_processed.png?r=0.6354766651218837 HTTP/1.1" 200 OK
INFO:     127.0.0.1:35804 - "GET /answer_sheets/60/1778142125_python%E7%AD%94%E9%A2%98%E5%8D%A1_01_processed.png?r=0.91596803048574 HTTP/1.1" 200 OK
INFO:     127.0.0.1:35828 - "POST /api/exams/60/images/1481/reset-mask HTTP/1.1" 404 Not Found
INFO:     127.0.0.1:35816 - "GET /answer_sheets/60/1778142124_python%E7%AD%94%E9%A2%98%E5%8D%A1_00_processed.png?r=0.9035619644007649 HTTP/1.1" 200 OK
INFO:     127.0.0.1:35816 - "GET /answer_sheets/60/1778142125_python%E7%AD%94%E9%A2%98%E5%8D%A1_01_processed.png?r=0.8144754598331979 HTTP/1.1" 200 OK
INFO:     127.0.0.1:49420 - "GET /answer_sheets/60/1778142124_python%E7%AD%94%E9%A2%98%E5%8D%A1_00_processed.png?r=0.6273796887551244 HTTP/1.1" 200 OK
INFO:     127.0.0.1:49422 - "GET /answer_sheets/60/1778142125_python%E7%AD%94%E9%A2%98%E5%8D%A1_01_processed.png?r=0.35614162072621813 HTTP/1.1" 200 OK
INFO:     127.0.0.1:49440 - "GET /answer_sheets/60/1778142126_python%E7%AD%94%E9%A2%98%E5%8D%A1_21_processed.png?r=0.5997957594714606 HTTP/1.1" 200 OK
INFO:     127.0.0.1:49436 - "GET /answer_sheets/60/1778142125_python%E7%AD%94%E9%A2%98%E5%8D%A1_20_processed.png?r=0.4652905177988521 HTTP/1.1" 200 OK
INFO:     127.0.0.1:49446 - "GET /answer_sheets/60/1778142126_python%E7%AD%94%E9%A2%98%E5%8D%A1_30_processed.png?r=0.7628627265145878 HTTP/1.1" 200 OK
INFO:     127.0.0.1:49422 - "GET /answer_sheets/60/1778142127_python%E7%AD%94%E9%A2%98%E5%8D%A1_31_processed.png?r=0.6389226959186777 HTTP/1.1" 200 OK
INFO:     127.0.0.1:49446 - "GET /answer_sheets/60/1778142125_python%E7%AD%94%E9%A2%98%E5%8D%A1_10_processed.png?r=0.20650681319209152 HTTP/1.1" 200 OK
INFO:     127.0.0.1:49440 - "GET /answer_sheets/60/1778142125_python%E7%AD%94%E9%A2%98%E5%8D%A1_11_processed.png?r=0.33243993101791924 HTTP/1.1" 200 OK
INFO:     127.0.0.1:49450 - "GET /answer_sheets/60/1778142127_python%E7%AD%94%E9%A2%98%E5%8D%A1_41_processed.png?r=0.3000827947170911 HTTP/1.1" 200 OK
INFO:     127.0.0.1:49420 - "GET /answer_sheets/60/1778142127_python%E7%AD%94%E9%A2%98%E5%8D%A1_40_processed.png?r=0.6918998429887845 HTTP/1.1" 200 OK
INFO:     127.0.0.1:49436 - "GET /answer_sheets/60/1778142128_python%E7%AD%94%E9%A2%98%E5%8D%A1_50_processed.png?r=0.8820389766556254 HTTP/1.1" 200 OK
INFO:     127.0.0.1:49420 - "GET /answer_sheets/60/1778142128_python%E7%AD%94%E9%A2%98%E5%8D%A1_51_processed.png?r=0.2892688153990991 HTTP/1.1" 200 OK
INFO:     127.0.0.1:49422 - "GET /answer_sheets/60/1778142128_python%E7%AD%94%E9%A2%98%E5%8D%A1_60_processed.png?r=0.04556293071516704 HTTP/1.1" 200 OK
INFO:     127.0.0.1:49450 - "GET /answer_sheets/60/1778142128_python%E7%AD%94%E9%A2%98%E5%8D%A1_61_processed.png?r=0.631878651965642 HTTP/1.1" 200 OK
INFO:     127.0.0.1:49440 - "GET /answer_sheets/60/1778142129_python%E7%AD%94%E9%A2%98%E5%8D%A1_70_processed.png?r=0.2085395591463175 HTTP/1.1" 200 OK
INFO:     127.0.0.1:49446 - "GET /answer_sheets/60/1778142129_python%E7%AD%94%E9%A2%98%E5%8D%A1_71_processed.png?r=0.006397417751176193 HTTP/1.1" 200 OK
INFO:     127.0.0.1:49436 - "GET /answer_sheets/60/1778142129_python%E7%AD%94%E9%A2%98%E5%8D%A1_80_processed.png?r=0.21652907649262976 HTTP/1.1" 200 OK
INFO:     127.0.0.1:49420 - "GET /answer_sheets/60/1778142129_python%E7%AD%94%E9%A2%98%E5%8D%A1_81_processed.png?r=0.8627107630258186 HTTP/1.1" 200 OK
INFO:     127.0.0.1:49422 - "GET /answer_sheets/60/1778142130_python%E7%AD%94%E9%A2%98%E5%8D%A1_90_processed.png?r=0.06688816662354635 HTTP/1.1" 200 OK
INFO:     127.0.0.1:49450 - "GET /answer_sheets/60/1778142130_python%E7%AD%94%E9%A2%98%E5%8D%A1_91_processed.png?r=0.9488573384651117 HTTP/1.1" 200 OK
INFO:     127.0.0.1:49440 - "GET /answer_sheets/60/1778142131_python%E7%AD%94%E9%A2%98%E5%8D%A1_100_processed.png?r=0.24326022132926972 HTTP/1.1" 200 OK
INFO:     127.0.0.1:49446 - "GET /answer_sheets/60/1778142131_python%E7%AD%94%E9%A2%98%E5%8D%A1_101_processed.png?r=0.3402643184013615 HTTP/1.1" 200 OK
INFO:     127.0.0.1:49436 - "GET /answer_sheets/60/1778142131_python%E7%AD%94%E9%A2%98%E5%8D%A1_110_processed.png?r=0.0814514178586292 HTTP/1.1" 200 OK
INFO:     127.0.0.1:49420 - "GET /answer_sheets/60/1778142131_python%E7%AD%94%E9%A2%98%E5%8D%A1_111_processed.png?r=0.028631885256142464 HTTP/1.1" 200 OK
INFO:     127.0.0.1:49450 - "GET /answer_sheets/60/1778142132_python%E7%AD%94%E9%A2%98%E5%8D%A1_120_processed.png?r=0.7804906909153603 HTTP/1.1" 200 OK
INFO:     127.0.0.1:49422 - "GET /answer_sheets/60/1778142132_python%E7%AD%94%E9%A2%98%E5%8D%A1_121_processed.png?r=0.2329168001445594 HTTP/1.1" 200 OK
INFO:     127.0.0.1:49440 - "GET /answer_sheets/60/1778142132_python%E7%AD%94%E9%A2%98%E5%8D%A1_130_processed.png?r=0.9284580358681451 HTTP/1.1" 200 OK
INFO:     127.0.0.1:49446 - "GET /answer_sheets/60/1778142133_python%E7%AD%94%E9%A2%98%E5%8D%A1_131_processed.png?r=0.2100062964822298 HTTP/1.1" 200 OK
INFO:     127.0.0.1:49436 - "GET /answer_sheets/60/1778142133_python%E7%AD%94%E9%A2%98%E5%8D%A1_140_processed.png?r=0.03998359960825304 HTTP/1.1" 200 OK
INFO:     127.0.0.1:49420 - "GET /answer_sheets/60/1778142133_python%E7%AD%94%E9%A2%98%E5%8D%A1_141_processed.png?r=0.33536022838758894 HTTP/1.1" 200 OK
INFO:     127.0.0.1:49450 - "GET /answer_sheets/60/1778142134_python%E7%AD%94%E9%A2%98%E5%8D%A1_150_processed.png?r=0.3436935301258288 HTTP/1.1" 200 OK
INFO:     127.0.0.1:49422 - "GET /answer_sheets/60/1778142134_python%E7%AD%94%E9%A2%98%E5%8D%A1_151_processed.png?r=0.6311912091716724 HTTP/1.1" 200 OK
INFO:     127.0.0.1:49446 - "GET /answer_sheets/60/1778142134_python%E7%AD%94%E9%A2%98%E5%8D%A1_160_processed.png?r=0.7360692847469008 HTTP/1.1" 200 OK
INFO:     127.0.0.1:49440 - "GET /answer_sheets/60/1778142134_python%E7%AD%94%E9%A2%98%E5%8D%A1_161_processed.png?r=0.9747830769963646 HTTP/1.1" 200 OK
INFO:     127.0.0.1:49420 - "GET /answer_sheets/60/1778142135_python%E7%AD%94%E9%A2%98%E5%8D%A1_170_processed.png?r=0.3344800577107886 HTTP/1.1" 200 OK
INFO:     127.0.0.1:49436 - "GET /answer_sheets/60/1778142135_python%E7%AD%94%E9%A2%98%E5%8D%A1_171_processed.png?r=0.9794868067015271 HTTP/1.1" 200 OK
INFO:     127.0.0.1:49422 - "GET /answer_sheets/60/1778142135_python%E7%AD%94%E9%A2%98%E5%8D%A1_180_processed.png?r=0.11687250118789361 HTTP/1.1" 200 OK
INFO:     127.0.0.1:49450 - "GET /answer_sheets/60/1778142135_python%E7%AD%94%E9%A2%98%E5%8D%A1_181_processed.png?r=0.6298090881010424 HTTP/1.1" 200 OK
INFO:     127.0.0.1:49440 - "GET /answer_sheets/60/1778142136_python%E7%AD%94%E9%A2%98%E5%8D%A1_190_processed.png?r=0.49951803891033353 HTTP/1.1" 200 OK
INFO:     127.0.0.1:49446 - "GET /answer_sheets/60/1778142136_python%E7%AD%94%E9%A2%98%E5%8D%A1_191_processed.png?r=0.866648197312026 HTTP/1.1" 200 OK
INFO:     127.0.0.1:49436 - "GET /answer_sheets/60/1778142136_python%E7%AD%94%E9%A2%98%E5%8D%A1_200_processed.png?r=0.37320506692470434 HTTP/1.1" 200 OK
INFO:     127.0.0.1:49420 - "GET /answer_sheets/60/1778142136_python%E7%AD%94%E9%A2%98%E5%8D%A1_201_processed.png?r=0.21436101655280304 HTTP/1.1" 200 OK
INFO:     127.0.0.1:49422 - "GET /answer_sheets/60/1778142137_python%E7%AD%94%E9%A2%98%E5%8D%A1_210_processed.png?r=0.9480327455750396 HTTP/1.1" 200 OK
INFO:     127.0.0.1:49450 - "GET /answer_sheets/60/1778142137_python%E7%AD%94%E9%A2%98%E5%8D%A1_211_processed.png?r=0.4060932008361653 HTTP/1.1" 200 OK
INFO:     127.0.0.1:49446 - "GET /answer_sheets/60/1778142138_python%E7%AD%94%E9%A2%98%E5%8D%A1_220_processed.png?r=0.6989655802832425 HTTP/1.1" 200 OK
INFO:     127.0.0.1:49440 - "GET /answer_sheets/60/1778142138_python%E7%AD%94%E9%A2%98%E5%8D%A1_221_processed.png?r=0.2242506209022005 HTTP/1.1" 200 OK
INFO:     127.0.0.1:49420 - "GET /answer_sheets/60/1778142139_python%E7%AD%94%E9%A2%98%E5%8D%A1_230_processed.png?r=0.8154284012396602 HTTP/1.1" 200 OK
INFO:     127.0.0.1:49436 - "GET /answer_sheets/60/1778142139_python%E7%AD%94%E9%A2%98%E5%8D%A1_231_processed.png?r=0.5246105124431081 HTTP/1.1" 200 OK
INFO:     127.0.0.1:49450 - "GET /answer_sheets/60/1778142141_python%E7%AD%94%E9%A2%98%E5%8D%A1_240_processed.png?r=0.6508930992925301 HTTP/1.1" 200 OK
INFO:     127.0.0.1:49422 - "GET /answer_sheets/60/1778142141_python%E7%AD%94%E9%A2%98%E5%8D%A1_241_processed.png?r=0.8173067648220503 HTTP/1.1" 200 OK
INFO:     127.0.0.1:49436 - "GET /answer_sheets/60/1778142141_python%E7%AD%94%E9%A2%98%E5%8D%A1_250_processed.png?r=0.8225087337600306 HTTP/1.1" 200 OK
INFO:     127.0.0.1:49446 - "GET /answer_sheets/60/1778142142_python%E7%AD%94%E9%A2%98%E5%8D%A1_251_processed.png?r=0.48779529499959384 HTTP/1.1" 200 OK
INFO:     127.0.0.1:49440 - "GET /answer_sheets/60/1778142142_python%E7%AD%94%E9%A2%98%E5%8D%A1_260_processed.png?r=0.05305369348775202 HTTP/1.1" 200 OK
INFO:     127.0.0.1:49420 - "GET /answer_sheets/60/1778142143_python%E7%AD%94%E9%A2%98%E5%8D%A1_261_processed.png?r=0.2629928227427283 HTTP/1.1" 200 OK
INFO:     127.0.0.1:49450 - "GET /answer_sheets/60/1778142143_python%E7%AD%94%E9%A2%98%E5%8D%A1_270_processed.png?r=0.4945314790438531 HTTP/1.1" 200 OK
INFO:     127.0.0.1:49422 - "GET /answer_sheets/60/1778142144_python%E7%AD%94%E9%A2%98%E5%8D%A1_271_processed.png?r=0.22711372230267768 HTTP/1.1" 200 OK
INFO:     127.0.0.1:49440 - "GET /answer_sheets/60/1778142148_python%E7%AD%94%E9%A2%98%E5%8D%A1_280_processed.png?r=0.6883806644193174 HTTP/1.1" 200 OK
INFO:     127.0.0.1:49446 - "GET /answer_sheets/60/1778142149_python%E7%AD%94%E9%A2%98%E5%8D%A1_290_processed.png?r=0.28887885945392 HTTP/1.1" 200 OK
INFO:     127.0.0.1:49436 - "GET /answer_sheets/60/1778142149_python%E7%AD%94%E9%A2%98%E5%8D%A1_281_processed.png?r=0.5132420748379546 HTTP/1.1" 200 OK
INFO:     127.0.0.1:49422 - "GET /answer_sheets/60/1778142149_python%E7%AD%94%E9%A2%98%E5%8D%A1_291_processed.png?r=0.046617600428409234 HTTP/1.1" 200 OK
INFO:     127.0.0.1:49420 - "GET /answer_sheets/60/1778142150_python%E7%AD%94%E9%A2%98%E5%8D%A1_300_processed.png?r=0.8759820655626575 HTTP/1.1" 200 OK
INFO:     127.0.0.1:49450 - "GET /answer_sheets/60/1778142150_python%E7%AD%94%E9%A2%98%E5%8D%A1_301_processed.png?r=0.15860646041791238 HTTP/1.1" 200 OK
INFO:     127.0.0.1:49446 - "GET /answer_sheets/60/1778142150_python%E7%AD%94%E9%A2%98%E5%8D%A1_310_processed.png?r=0.016695352220104986 HTTP/1.1" 200 OK
INFO:     127.0.0.1:49436 - "GET /answer_sheets/60/1778142150_python%E7%AD%94%E9%A2%98%E5%8D%A1_311_processed.png?r=0.970446211614013 HTTP/1.1" 200 OK
INFO:     127.0.0.1:49440 - "GET /answer_sheets/60/1778142151_python%E7%AD%94%E9%A2%98%E5%8D%A1_320_processed.png?r=0.6205325529112297 HTTP/1.1" 200 OK
INFO:     127.0.0.1:49422 - "GET /answer_sheets/60/1778142151_python%E7%AD%94%E9%A2%98%E5%8D%A1_321_processed.png?r=0.06467430020622422 HTTP/1.1" 200 OK
INFO:     127.0.0.1:49420 - "GET /answer_sheets/60/1778142151_python%E7%AD%94%E9%A2%98%E5%8D%A1_330_processed.png?r=0.4741657786941157 HTTP/1.1" 200 OK
INFO:     127.0.0.1:49450 - "GET /answer_sheets/60/1778142151_python%E7%AD%94%E9%A2%98%E5%8D%A1_331_processed.png?r=0.2743859467274615 HTTP/1.1" 200 OK
INFO:     127.0.0.1:49436 - "GET /answer_sheets/60/1778142151_python%E7%AD%94%E9%A2%98%E5%8D%A1_340_processed.png?r=0.4120449558314352 HTTP/1.1" 200 OK
INFO:     127.0.0.1:49446 - "GET /answer_sheets/60/1778142152_python%E7%AD%94%E9%A2%98%E5%8D%A1_341_processed.png?r=0.29471727126459524 HTTP/1.1" 200 OK
INFO:     127.0.0.1:49440 - "GET /answer_sheets/60/1778142152_python%E7%AD%94%E9%A2%98%E5%8D%A1_350_processed.png?r=0.03147580004570305 HTTP/1.1" 200 OK
INFO:     127.0.0.1:49422 - "GET /answer_sheets/60/1778142152_python%E7%AD%94%E9%A2%98%E5%8D%A1_351_processed.png?r=0.4386425224068783 HTTP/1.1" 200 OK
INFO:     127.0.0.1:49450 - "GET /answer_sheets/60/1778142153_python%E7%AD%94%E9%A2%98%E5%8D%A1_360_processed.png?r=0.6037119241898699 HTTP/1.1" 200 OK
INFO:     127.0.0.1:49420 - "GET /answer_sheets/60/1778142154_python%E7%AD%94%E9%A2%98%E5%8D%A1_361_processed.png?r=0.8002583554985768 HTTP/1.1" 200 OK
INFO:     127.0.0.1:49422 - "GET /answer_sheets/60/1778142154_python%E7%AD%94%E9%A2%98%E5%8D%A1_370_processed.png?r=0.5701414787111962 HTTP/1.1" 200 OK
INFO:     127.0.0.1:49446 - "GET /answer_sheets/60/1778142155_python%E7%AD%94%E9%A2%98%E5%8D%A1_371_processed.png?r=0.9334775404357766 HTTP/1.1" 200 OK
INFO:     127.0.0.1:49436 - "GET /answer_sheets/60/1778142155_python%E7%AD%94%E9%A2%98%E5%8D%A1_380_processed.png?r=0.7866857561146714 HTTP/1.1" 200 OK
INFO:     127.0.0.1:49440 - "GET /answer_sheets/60/1778142156_python%E7%AD%94%E9%A2%98%E5%8D%A1_381_processed.png?r=0.09300949952268267 HTTP/1.1" 200 OK
INFO:     127.0.0.1:49420 - "GET /answer_sheets/60/1778142156_python%E7%AD%94%E9%A2%98%E5%8D%A1_390_processed.png?r=0.44430215485494495 HTTP/1.1" 200 OK
INFO:     127.0.0.1:49450 - "GET /answer_sheets/60/1778142156_python%E7%AD%94%E9%A2%98%E5%8D%A1_391_processed.png?r=0.4306090805669246 HTTP/1.1" 200 OK
INFO:     127.0.0.1:49422 - "GET /answer_sheets/60/1778142157_python%E7%AD%94%E9%A2%98%E5%8D%A1_400_processed.png?r=0.6389141506204156 HTTP/1.1" 200 OK
INFO:     127.0.0.1:49446 - "GET /answer_sheets/60/1778142157_python%E7%AD%94%E9%A2%98%E5%8D%A1_410_processed.png?r=0.21352792668858478 HTTP/1.1" 200 OK
INFO:     127.0.0.1:49436 - "GET /answer_sheets/60/1778142157_python%E7%AD%94%E9%A2%98%E5%8D%A1_401_processed.png?r=0.9031604891026682 HTTP/1.1" 200 OK
INFO:     127.0.0.1:49440 - "GET /answer_sheets/60/1778142158_python%E7%AD%94%E9%A2%98%E5%8D%A1_411_processed.png?r=0.7315155472313846 HTTP/1.1" 200 OK
INFO:     127.0.0.1:49420 - "GET /answer_sheets/60/1778142158_python%E7%AD%94%E9%A2%98%E5%8D%A1_420_processed.png?r=0.7095060725830716 HTTP/1.1" 200 OK
INFO:     127.0.0.1:49450 - "GET /answer_sheets/60/1778142158_python%E7%AD%94%E9%A2%98%E5%8D%A1_421_processed.png?r=0.6937342698672291 HTTP/1.1" 200 OK
INFO:     127.0.0.1:49436 - "GET /answer_sheets/60/1778142159_python%E7%AD%94%E9%A2%98%E5%8D%A1_430_processed.png?r=0.4767692675066124 HTTP/1.1" 200 OK
INFO:     127.0.0.1:49422 - "GET /answer_sheets/60/1778142159_python%E7%AD%94%E9%A2%98%E5%8D%A1_431_processed.png?r=0.744336004354284 HTTP/1.1" 200 OK
INFO:     127.0.0.1:49440 - "GET /answer_sheets/60/1778142160_python%E7%AD%94%E9%A2%98%E5%8D%A1_441_processed.png?r=0.33330571640477724 HTTP/1.1" 200 OK
INFO:     127.0.0.1:49446 - "GET /answer_sheets/60/1778142159_python%E7%AD%94%E9%A2%98%E5%8D%A1_440_processed.png?r=0.6866047955479296 HTTP/1.1" 200 OK
INFO:     127.0.0.1:49420 - "GET /answer_sheets/60/1778142160_python%E7%AD%94%E9%A2%98%E5%8D%A1_451_processed.png?r=0.502955448989059 HTTP/1.1" 200 OK
INFO:     127.0.0.1:49450 - "GET /answer_sheets/60/1778142160_python%E7%AD%94%E9%A2%98%E5%8D%A1_450_processed.png?r=0.9353795992049827 HTTP/1.1" 200 OK
INFO:     127.0.0.1:49446 - "GET /answer_sheets/60/1778142161_python%E7%AD%94%E9%A2%98%E5%8D%A1_460_processed.png?r=0.34359588831097776 HTTP/1.1" 200 OK
INFO:     127.0.0.1:49422 - "GET /answer_sheets/60/1778142162_python%E7%AD%94%E9%A2%98%E5%8D%A1_461_processed.png?r=0.05847563975044612 HTTP/1.1" 200 OK
INFO:     127.0.0.1:49436 - "GET /answer_sheets/60/1778142162_python%E7%AD%94%E9%A2%98%E5%8D%A1_471_processed.png?r=0.06516330851755314 HTTP/1.1" 200 OK
INFO:     127.0.0.1:49420 - "GET /answer_sheets/60/1778142162_python%E7%AD%94%E9%A2%98%E5%8D%A1_470_processed.png?r=0.6449579232840298 HTTP/1.1" 200 OK
INFO:     127.0.0.1:49440 - "GET /answer_sheets/60/1778142162_python%E7%AD%94%E9%A2%98%E5%8D%A1_480_processed.png?r=0.17531565661728388 HTTP/1.1" 200 OK
INFO:     127.0.0.1:49450 - "GET /answer_sheets/60/1778142163_python%E7%AD%94%E9%A2%98%E5%8D%A1_481_processed.png?r=0.5327487532325312 HTTP/1.1" 200 OK
INFO:     127.0.0.1:49422 - "GET /answer_sheets/60/1778142163_python%E7%AD%94%E9%A2%98%E5%8D%A1_490_processed.png?r=0.20035330565781773 HTTP/1.1" 200 OK
INFO:     127.0.0.1:49446 - "GET /answer_sheets/60/1778142163_python%E7%AD%94%E9%A2%98%E5%8D%A1_491_processed.png?r=0.1909265024446557 HTTP/1.1" 200 OK
INFO:     127.0.0.1:49436 - "GET /answer_sheets/60/1778142163_python%E7%AD%94%E9%A2%98%E5%8D%A1_500_processed.png?r=0.8418222546236755 HTTP/1.1" 200 OK
INFO:     127.0.0.1:49420 - "GET /answer_sheets/60/1778142164_python%E7%AD%94%E9%A2%98%E5%8D%A1_501_processed.png?r=0.9554094905079832 HTTP/1.1" 200 OK
INFO:     127.0.0.1:49440 - "GET /answer_sheets/60/1778142164_python%E7%AD%94%E9%A2%98%E5%8D%A1_510_processed.png?r=0.9773663415654924 HTTP/1.1" 200 OK
INFO:     127.0.0.1:49450 - "GET /answer_sheets/60/1778142164_python%E7%AD%94%E9%A2%98%E5%8D%A1_511_processed.png?r=0.8516494180188773 HTTP/1.1" 200 OK
INFO:     127.0.0.1:49422 - "GET /answer_sheets/60/1778142164_python%E7%AD%94%E9%A2%98%E5%8D%A1_520_processed.png?r=0.7397969245537176 HTTP/1.1" 200 OK
INFO:     127.0.0.1:49446 - "GET /answer_sheets/60/1778142165_python%E7%AD%94%E9%A2%98%E5%8D%A1_521_processed.png?r=0.0884007593933075 HTTP/1.1" 200 OK
INFO:     127.0.0.1:49436 - "GET /answer_sheets/60/1778142166_python%E7%AD%94%E9%A2%98%E5%8D%A1_531_processed.png?r=0.4393030562769157 HTTP/1.1" 200 OK
INFO:     127.0.0.1:49420 - "GET /answer_sheets/60/1778142165_python%E7%AD%94%E9%A2%98%E5%8D%A1_530_processed.png?r=0.41006744663951766 HTTP/1.1" 200 OK
INFO:     127.0.0.1:49440 - "GET /answer_sheets/60/1778142166_python%E7%AD%94%E9%A2%98%E5%8D%A1_540_processed.png?r=0.3483031156608637 HTTP/1.1" 200 OK
INFO:     127.0.0.1:49446 - "GET /answer_sheets/60/1778142166_python%E7%AD%94%E9%A2%98%E5%8D%A1_541_processed.png?r=0.19184223162196823 HTTP/1.1" 200 OK
INFO:     127.0.0.1:49450 - "GET /answer_sheets/60/1778142166_python%E7%AD%94%E9%A2%98%E5%8D%A1_550_processed.png?r=0.6513623991368271 HTTP/1.1" 200 OK
INFO:     127.0.0.1:49422 - "GET /answer_sheets/60/1778142167_python%E7%AD%94%E9%A2%98%E5%8D%A1_551_processed.png?r=0.02399989333664765 HTTP/1.1" 200 OK
INFO:     127.0.0.1:49420 - "GET /answer_sheets/60/1778142167_python%E7%AD%94%E9%A2%98%E5%8D%A1_560_processed.png?r=0.2563975017873793 HTTP/1.1" 200 OK
INFO:     127.0.0.1:49436 - "GET /answer_sheets/60/1778142167_python%E7%AD%94%E9%A2%98%E5%8D%A1_561_processed.png?r=0.1413673277922456 HTTP/1.1" 200 OK
INFO:     127.0.0.1:49446 - "GET /answer_sheets/60/1778142167_python%E7%AD%94%E9%A2%98%E5%8D%A1_570_processed.png?r=0.7285181171877928 HTTP/1.1" 200 OK
INFO:     127.0.0.1:49450 - "GET /answer_sheets/60/1778142168_python%E7%AD%94%E9%A2%98%E5%8D%A1_571_processed.png?r=0.5376596677446109 HTTP/1.1" 200 OK
INFO:     127.0.0.1:49440 - "GET /answer_sheets/60/1778142168_python%E7%AD%94%E9%A2%98%E5%8D%A1_580_processed.png?r=0.626451155514491 HTTP/1.1" 200 OK
INFO:     127.0.0.1:49422 - "GET /answer_sheets/60/1778142169_python%E7%AD%94%E9%A2%98%E5%8D%A1_581_processed.png?r=0.5070250431034684 HTTP/1.1" 200 OK
INFO:     127.0.0.1:49436 - "GET /answer_sheets/60/1778142169_python%E7%AD%94%E9%A2%98%E5%8D%A1_590_processed.png?r=0.7885940188790345 HTTP/1.1" 200 OK
INFO:     127.0.0.1:49420 - "GET /answer_sheets/60/1778142170_python%E7%AD%94%E9%A2%98%E5%8D%A1_591_processed.png?r=0.8111785536955136 HTTP/1.1" 200 OK
INFO:     127.0.0.1:42004 - "GET /answer_sheets/60/1778142124_python%E7%AD%94%E9%A2%98%E5%8D%A1_00_processed.png?r=0.33058808015086816 HTTP/1.1" 200 OK
2026-05-12 14:46:39,109 INFO sqlalchemy.engine.Engine BEGIN (implicit)
INFO:sqlalchemy.engine.Engine:BEGIN (implicit)
2026-05-12 14:46:39,110 INFO sqlalchemy.engine.Engine SELECT exam_id FROM exams WHERE exam_id = %(exam_id)s
INFO:sqlalchemy.engine.Engine:SELECT exam_id FROM exams WHERE exam_id = %(exam_id)s
2026-05-12 14:46:39,111 INFO sqlalchemy.engine.Engine [cached since 1882s ago] {'exam_id': 60}
INFO:sqlalchemy.engine.Engine:[cached since 1882s ago] {'exam_id': 60}
2026-05-12 14:46:39,142 INFO sqlalchemy.engine.Engine 
                SELECT s.student_id, s.name, s.student_number, s.class as class_name, s.contact_info, s.created_at, s.updated_at, es.sort_order
                FROM students s
                INNER JOIN exam_students es ON s.student_id = es.student_id
                WHERE es.exam_id = %(exam_id)s
                ORDER BY es.sort_order ASC, s.student_number ASC
                
INFO:sqlalchemy.engine.Engine:
                SELECT s.student_id, s.name, s.student_number, s.class as class_name, s.contact_info, s.created_at, s.updated_at, es.sort_order
                FROM students s
                INNER JOIN exam_students es ON s.student_id = es.student_id
                WHERE es.exam_id = %(exam_id)s
                ORDER BY es.sort_order ASC, s.student_number ASC
                
2026-05-12 14:46:39,143 INFO sqlalchemy.engine.Engine [cached since 1882s ago] {'exam_id': 60}
INFO:sqlalchemy.engine.Engine:[cached since 1882s ago] {'exam_id': 60}
2026-05-12 14:46:39,176 INFO sqlalchemy.engine.Engine ROLLBACK
INFO:sqlalchemy.engine.Engine:ROLLBACK
INFO:     127.0.0.1:40848 - "GET /api/exams/60/students HTTP/1.1" 200 OK
2026-05-12 14:46:39,398 INFO sqlalchemy.engine.Engine BEGIN (implicit)
INFO:sqlalchemy.engine.Engine:BEGIN (implicit)
2026-05-12 14:46:39,399 INFO sqlalchemy.engine.Engine SELECT exam_id FROM exams WHERE exam_id = %(exam_id)s
INFO:sqlalchemy.engine.Engine:SELECT exam_id FROM exams WHERE exam_id = %(exam_id)s
2026-05-12 14:46:39,400 INFO sqlalchemy.engine.Engine [cached since 1882s ago] {'exam_id': 60}
INFO:sqlalchemy.engine.Engine:[cached since 1882s ago] {'exam_id': 60}
2026-05-12 14:46:39,404 INFO sqlalchemy.engine.Engine 
                SELECT s.student_id, s.name, s.student_number, s.class as class_name, s.contact_info, s.created_at, s.updated_at, es.sort_order
                FROM students s
                INNER JOIN exam_students es ON s.student_id = es.student_id
                WHERE es.exam_id = %(exam_id)s
                ORDER BY es.sort_order ASC, s.student_number ASC
                
INFO:sqlalchemy.engine.Engine:
                SELECT s.student_id, s.name, s.student_number, s.class as class_name, s.contact_info, s.created_at, s.updated_at, es.sort_order
                FROM students s
                INNER JOIN exam_students es ON s.student_id = es.student_id
                WHERE es.exam_id = %(exam_id)s
                ORDER BY es.sort_order ASC, s.student_number ASC
                
2026-05-12 14:46:39,405 INFO sqlalchemy.engine.Engine [cached since 1882s ago] {'exam_id': 60}
INFO:sqlalchemy.engine.Engine:[cached since 1882s ago] {'exam_id': 60}
2026-05-12 14:46:39,418 INFO sqlalchemy.engine.Engine ROLLBACK
INFO:sqlalchemy.engine.Engine:ROLLBACK
INFO:     127.0.0.1:40852 - "GET /api/exams/60/students HTTP/1.1" 200 OK
2026-05-12 14:46:39,448 INFO sqlalchemy.engine.Engine BEGIN (implicit)
INFO:sqlalchemy.engine.Engine:BEGIN (implicit)
2026-05-12 14:46:39,449 INFO sqlalchemy.engine.Engine SELECT exam_id FROM exams WHERE exam_id = %(exam_id)s
INFO:sqlalchemy.engine.Engine:SELECT exam_id FROM exams WHERE exam_id = %(exam_id)s
2026-05-12 14:46:39,450 INFO sqlalchemy.engine.Engine [cached since 1882s ago] {'exam_id': 60}
INFO:sqlalchemy.engine.Engine:[cached since 1882s ago] {'exam_id': 60}
2026-05-12 14:46:39,456 INFO sqlalchemy.engine.Engine 
                SELECT 
                    a.id, a.filename, a.file_path, a.processed_file_path,
                    a.uploaded_at, a.page_order,
                    s.student_id, s.name as student_name, s.student_number, s.class as student_class
                FROM answer_sheets a
                JOIN students s ON a.student_id = s.student_id
                WHERE a.exam_id = %(exam_id)s
                ORDER BY s.student_id, a.page_order
                
INFO:sqlalchemy.engine.Engine:
                SELECT 
                    a.id, a.filename, a.file_path, a.processed_file_path,
                    a.uploaded_at, a.page_order,
                    s.student_id, s.name as student_name, s.student_number, s.class as student_class
                FROM answer_sheets a
                JOIN students s ON a.student_id = s.student_id
                WHERE a.exam_id = %(exam_id)s
                ORDER BY s.student_id, a.page_order
                
2026-05-12 14:46:39,457 INFO sqlalchemy.engine.Engine [cached since 1882s ago] {'exam_id': 60}
INFO:sqlalchemy.engine.Engine:[cached since 1882s ago] {'exam_id': 60}
2026-05-12 14:46:39,504 INFO sqlalchemy.engine.Engine ROLLBACK
INFO:sqlalchemy.engine.Engine:ROLLBACK
INFO:     127.0.0.1:40852 - "GET /api/exams/60/images HTTP/1.1" 200 OK
INFO:     127.0.0.1:40878 - "GET /answer_sheets/60/1778142126_python%E7%AD%94%E9%A2%98%E5%8D%A1_21_processed.png?r=0.012399801012843659 HTTP/1.1" 200 OK
INFO:     127.0.0.1:40888 - "GET /answer_sheets/60/1778142126_python%E7%AD%94%E9%A2%98%E5%8D%A1_30_processed.png?r=0.9926264496303208 HTTP/1.1" 200 OK
INFO:     127.0.0.1:40896 - "GET /answer_sheets/60/1778142127_python%E7%AD%94%E9%A2%98%E5%8D%A1_31_processed.png?r=0.08894728305516852 HTTP/1.1" 200 OK
INFO:     127.0.0.1:40904 - "GET /answer_sheets/60/1778142125_python%E7%AD%94%E9%A2%98%E5%8D%A1_11_processed.png?r=0.2749351378894176 HTTP/1.1" 200 OK
INFO:     127.0.0.1:40878 - "GET /answer_sheets/60/1778142124_python%E7%AD%94%E9%A2%98%E5%8D%A1_00_processed.png?r=0.7442116576510781 HTTP/1.1" 200 OK
INFO:     127.0.0.1:40896 - "GET /answer_sheets/60/1778142125_python%E7%AD%94%E9%A2%98%E5%8D%A1_10_processed.png?r=0.5089116544122473 HTTP/1.1" 200 OK
INFO:     127.0.0.1:40910 - "GET /answer_sheets/60/1778142125_python%E7%AD%94%E9%A2%98%E5%8D%A1_01_processed.png?r=0.972178812596556 HTTP/1.1" 200 OK
INFO:     127.0.0.1:40926 - "GET /answer_sheets/60/1778142125_python%E7%AD%94%E9%A2%98%E5%8D%A1_20_processed.png?r=0.8209104948705275 HTTP/1.1" 200 OK
INFO:     127.0.0.1:40888 - "GET /answer_sheets/60/1778142127_python%E7%AD%94%E9%A2%98%E5%8D%A1_40_processed.png?r=0.7014726463266963 HTTP/1.1" 200 OK
INFO:     127.0.0.1:40904 - "GET /answer_sheets/60/1778142127_python%E7%AD%94%E9%A2%98%E5%8D%A1_41_processed.png?r=0.1968941412370525 HTTP/1.1" 200 OK
INFO:     127.0.0.1:40910 - "GET /answer_sheets/60/1778142128_python%E7%AD%94%E9%A2%98%E5%8D%A1_51_processed.png?r=0.6971151372705149 HTTP/1.1" 200 OK
INFO:     127.0.0.1:40896 - "GET /answer_sheets/60/1778142128_python%E7%AD%94%E9%A2%98%E5%8D%A1_50_processed.png?r=0.5417162234475095 HTTP/1.1" 200 OK
INFO:     127.0.0.1:40888 - "GET /answer_sheets/60/1778142128_python%E7%AD%94%E9%A2%98%E5%8D%A1_60_processed.png?r=0.9408242316322422 HTTP/1.1" 200 OK
INFO:     127.0.0.1:40878 - "GET /answer_sheets/60/1778142128_python%E7%AD%94%E9%A2%98%E5%8D%A1_61_processed.png?r=0.6597983294551961 HTTP/1.1" 200 OK
INFO:     127.0.0.1:40926 - "GET /answer_sheets/60/1778142129_python%E7%AD%94%E9%A2%98%E5%8D%A1_70_processed.png?r=0.277265078918976 HTTP/1.1" 200 OK
INFO:     127.0.0.1:40910 - "GET /answer_sheets/60/1778142129_python%E7%AD%94%E9%A2%98%E5%8D%A1_71_processed.png?r=0.14390902554246343 HTTP/1.1" 200 OK
INFO:     127.0.0.1:40904 - "GET /answer_sheets/60/1778142129_python%E7%AD%94%E9%A2%98%E5%8D%A1_80_processed.png?r=0.35900515231753793 HTTP/1.1" 200 OK
INFO:     127.0.0.1:40896 - "GET /answer_sheets/60/1778142129_python%E7%AD%94%E9%A2%98%E5%8D%A1_81_processed.png?r=0.19762720006256718 HTTP/1.1" 200 OK
INFO:     127.0.0.1:40888 - "GET /answer_sheets/60/1778142130_python%E7%AD%94%E9%A2%98%E5%8D%A1_90_processed.png?r=0.11000493423197177 HTTP/1.1" 200 OK
INFO:     127.0.0.1:40878 - "GET /answer_sheets/60/1778142130_python%E7%AD%94%E9%A2%98%E5%8D%A1_91_processed.png?r=0.7617592618035008 HTTP/1.1" 200 OK
INFO:     127.0.0.1:40926 - "GET /answer_sheets/60/1778142131_python%E7%AD%94%E9%A2%98%E5%8D%A1_101_processed.png?r=0.00015675798361469706 HTTP/1.1" 200 OK
INFO:     127.0.0.1:40878 - "GET /answer_sheets/60/1778142131_python%E7%AD%94%E9%A2%98%E5%8D%A1_100_processed.png?r=0.7728010262454684 HTTP/1.1" 200 OK
INFO:     127.0.0.1:40910 - "GET /answer_sheets/60/1778142131_python%E7%AD%94%E9%A2%98%E5%8D%A1_110_processed.png?r=0.3555174913300081 HTTP/1.1" 200 OK
INFO:     127.0.0.1:40904 - "GET /answer_sheets/60/1778142131_python%E7%AD%94%E9%A2%98%E5%8D%A1_111_processed.png?r=0.6354953983228514 HTTP/1.1" 200 OK
INFO:     127.0.0.1:40888 - "GET /answer_sheets/60/1778142132_python%E7%AD%94%E9%A2%98%E5%8D%A1_120_processed.png?r=0.8976122876674252 HTTP/1.1" 200 OK
INFO:     127.0.0.1:40926 - "GET /answer_sheets/60/1778142132_python%E7%AD%94%E9%A2%98%E5%8D%A1_121_processed.png?r=0.9617256116302616 HTTP/1.1" 200 OK
INFO:     127.0.0.1:40878 - "GET /answer_sheets/60/1778142133_python%E7%AD%94%E9%A2%98%E5%8D%A1_131_processed.png?r=0.5122780713982692 HTTP/1.1" 200 OK
INFO:     127.0.0.1:40896 - "GET /answer_sheets/60/1778142132_python%E7%AD%94%E9%A2%98%E5%8D%A1_130_processed.png?r=0.5461054371633166 HTTP/1.1" 200 OK
INFO:     127.0.0.1:40904 - "GET /answer_sheets/60/1778142133_python%E7%AD%94%E9%A2%98%E5%8D%A1_140_processed.png?r=0.10179327511260561 HTTP/1.1" 200 OK
INFO:     127.0.0.1:40926 - "GET /answer_sheets/60/1778142133_python%E7%AD%94%E9%A2%98%E5%8D%A1_141_processed.png?r=0.17625490863350102 HTTP/1.1" 200 OK
INFO:     127.0.0.1:40888 - "GET /answer_sheets/60/1778142134_python%E7%AD%94%E9%A2%98%E5%8D%A1_150_processed.png?r=0.25155492798134005 HTTP/1.1" 200 OK
INFO:     127.0.0.1:40910 - "GET /answer_sheets/60/1778142134_python%E7%AD%94%E9%A2%98%E5%8D%A1_151_processed.png?r=0.7482129415323557 HTTP/1.1" 200 OK
INFO:     127.0.0.1:40878 - "GET /answer_sheets/60/1778142134_python%E7%AD%94%E9%A2%98%E5%8D%A1_160_processed.png?r=0.9626648594858126 HTTP/1.1" 200 OK
INFO:     127.0.0.1:40896 - "GET /answer_sheets/60/1778142134_python%E7%AD%94%E9%A2%98%E5%8D%A1_161_processed.png?r=0.5581967495391681 HTTP/1.1" 200 OK
INFO:     127.0.0.1:40926 - "GET /answer_sheets/60/1778142135_python%E7%AD%94%E9%A2%98%E5%8D%A1_170_processed.png?r=0.6498340154167703 HTTP/1.1" 200 OK
INFO:     127.0.0.1:40904 - "GET /answer_sheets/60/1778142135_python%E7%AD%94%E9%A2%98%E5%8D%A1_180_processed.png?r=0.4037333448727981 HTTP/1.1" 200 OK
INFO:     127.0.0.1:40910 - "GET /answer_sheets/60/1778142135_python%E7%AD%94%E9%A2%98%E5%8D%A1_171_processed.png?r=0.19510598037493776 HTTP/1.1" 200 OK
INFO:     127.0.0.1:40888 - "GET /answer_sheets/60/1778142135_python%E7%AD%94%E9%A2%98%E5%8D%A1_181_processed.png?r=0.94035091827738 HTTP/1.1" 200 OK
INFO:     127.0.0.1:40896 - "GET /answer_sheets/60/1778142136_python%E7%AD%94%E9%A2%98%E5%8D%A1_190_processed.png?r=0.9659869026083705 HTTP/1.1" 200 OK
INFO:     127.0.0.1:40878 - "GET /answer_sheets/60/1778142136_python%E7%AD%94%E9%A2%98%E5%8D%A1_191_processed.png?r=0.3536940421787014 HTTP/1.1" 200 OK
INFO:     127.0.0.1:40910 - "GET /answer_sheets/60/1778142137_python%E7%AD%94%E9%A2%98%E5%8D%A1_210_processed.png?r=0.14483109796638483 HTTP/1.1" 200 OK
INFO:     127.0.0.1:40926 - "GET /answer_sheets/60/1778142136_python%E7%AD%94%E9%A2%98%E5%8D%A1_200_processed.png?r=0.49029160748434963 HTTP/1.1" 200 OK
INFO:     127.0.0.1:40888 - "GET /answer_sheets/60/1778142137_python%E7%AD%94%E9%A2%98%E5%8D%A1_211_processed.png?r=0.4183756229053961 HTTP/1.1" 200 OK
INFO:     127.0.0.1:40904 - "GET /answer_sheets/60/1778142136_python%E7%AD%94%E9%A2%98%E5%8D%A1_201_processed.png?r=0.8244908228927084 HTTP/1.1" 200 OK
INFO:     127.0.0.1:40896 - "GET /answer_sheets/60/1778142138_python%E7%AD%94%E9%A2%98%E5%8D%A1_220_processed.png?r=0.03346123711159055 HTTP/1.1" 200 OK
INFO:     127.0.0.1:40878 - "GET /answer_sheets/60/1778142138_python%E7%AD%94%E9%A2%98%E5%8D%A1_221_processed.png?r=0.4337685488519971 HTTP/1.1" 200 OK
INFO:     127.0.0.1:40888 - "GET /answer_sheets/60/1778142139_python%E7%AD%94%E9%A2%98%E5%8D%A1_230_processed.png?r=0.6103757966073117 HTTP/1.1" 200 OK
INFO:     127.0.0.1:40910 - "GET /answer_sheets/60/1778142139_python%E7%AD%94%E9%A2%98%E5%8D%A1_231_processed.png?r=0.8535328597302039 HTTP/1.1" 200 OK
INFO:     127.0.0.1:40926 - "GET /answer_sheets/60/1778142141_python%E7%AD%94%E9%A2%98%E5%8D%A1_240_processed.png?r=0.7180593589194988 HTTP/1.1" 200 OK
INFO:     127.0.0.1:40904 - "GET /answer_sheets/60/1778142141_python%E7%AD%94%E9%A2%98%E5%8D%A1_241_processed.png?r=0.30068809529287166 HTTP/1.1" 200 OK
INFO:     127.0.0.1:40896 - "GET /answer_sheets/60/1778142142_python%E7%AD%94%E9%A2%98%E5%8D%A1_251_processed.png?r=0.6056212212581686 HTTP/1.1" 200 OK
INFO:     127.0.0.1:40910 - "GET /answer_sheets/60/1778142141_python%E7%AD%94%E9%A2%98%E5%8D%A1_250_processed.png?r=0.9122777970408957 HTTP/1.1" 200 OK
INFO:     127.0.0.1:40878 - "GET /answer_sheets/60/1778142142_python%E7%AD%94%E9%A2%98%E5%8D%A1_260_processed.png?r=0.2335749055762587 HTTP/1.1" 200 OK
INFO:     127.0.0.1:40904 - "GET /answer_sheets/60/1778142143_python%E7%AD%94%E9%A2%98%E5%8D%A1_261_processed.png?r=0.5747062030027256 HTTP/1.1" 200 OK
INFO:     127.0.0.1:40888 - "GET /answer_sheets/60/1778142143_python%E7%AD%94%E9%A2%98%E5%8D%A1_270_processed.png?r=0.3759597582194939 HTTP/1.1" 200 OK
INFO:     127.0.0.1:40926 - "GET /answer_sheets/60/1778142144_python%E7%AD%94%E9%A2%98%E5%8D%A1_271_processed.png?r=0.7987965348270873 HTTP/1.1" 200 OK
INFO:     127.0.0.1:40926 - "GET /answer_sheets/60/1778142148_python%E7%AD%94%E9%A2%98%E5%8D%A1_280_processed.png?r=0.677622704203465 HTTP/1.1" 200 OK
INFO:     127.0.0.1:40896 - "GET /answer_sheets/60/1778142149_python%E7%AD%94%E9%A2%98%E5%8D%A1_281_processed.png?r=0.09630797393967538 HTTP/1.1" 200 OK
INFO:     127.0.0.1:40910 - "GET /answer_sheets/60/1778142149_python%E7%AD%94%E9%A2%98%E5%8D%A1_290_processed.png?r=0.42120432884859826 HTTP/1.1" 200 OK
INFO:     127.0.0.1:40878 - "GET /answer_sheets/60/1778142149_python%E7%AD%94%E9%A2%98%E5%8D%A1_291_processed.png?r=0.2710044298801586 HTTP/1.1" 200 OK
INFO:     127.0.0.1:40888 - "GET /answer_sheets/60/1778142150_python%E7%AD%94%E9%A2%98%E5%8D%A1_300_processed.png?r=0.09280380317351034 HTTP/1.1" 200 OK
INFO:     127.0.0.1:40904 - "GET /answer_sheets/60/1778142150_python%E7%AD%94%E9%A2%98%E5%8D%A1_301_processed.png?r=0.98122623990578 HTTP/1.1" 200 OK
INFO:     127.0.0.1:40896 - "GET /answer_sheets/60/1778142150_python%E7%AD%94%E9%A2%98%E5%8D%A1_310_processed.png?r=0.6698321290781816 HTTP/1.1" 200 OK
INFO:     127.0.0.1:40910 - "GET /answer_sheets/60/1778142151_python%E7%AD%94%E9%A2%98%E5%8D%A1_320_processed.png?r=0.6848580328904361 HTTP/1.1" 200 OK
INFO:     127.0.0.1:40926 - "GET /answer_sheets/60/1778142150_python%E7%AD%94%E9%A2%98%E5%8D%A1_311_processed.png?r=0.8032143538458789 HTTP/1.1" 200 OK
INFO:     127.0.0.1:40878 - "GET /answer_sheets/60/1778142151_python%E7%AD%94%E9%A2%98%E5%8D%A1_321_processed.png?r=0.5777202444917555 HTTP/1.1" 200 OK
INFO:     127.0.0.1:40904 - "GET /answer_sheets/60/1778142151_python%E7%AD%94%E9%A2%98%E5%8D%A1_330_processed.png?r=0.8897552486804267 HTTP/1.1" 200 OK
INFO:     127.0.0.1:40888 - "GET /answer_sheets/60/1778142151_python%E7%AD%94%E9%A2%98%E5%8D%A1_331_processed.png?r=0.2969683463949231 HTTP/1.1" 200 OK
INFO:     127.0.0.1:40878 - "GET /answer_sheets/60/1778142151_python%E7%AD%94%E9%A2%98%E5%8D%A1_340_processed.png?r=0.9295880209283682 HTTP/1.1" 200 OK
INFO:     127.0.0.1:40910 - "GET /answer_sheets/60/1778142152_python%E7%AD%94%E9%A2%98%E5%8D%A1_341_processed.png?r=0.9096896373348593 HTTP/1.1" 200 OK
INFO:     127.0.0.1:40896 - "GET /answer_sheets/60/1778142152_python%E7%AD%94%E9%A2%98%E5%8D%A1_350_processed.png?r=0.08717162364533337 HTTP/1.1" 200 OK
INFO:     127.0.0.1:40926 - "GET /answer_sheets/60/1778142152_python%E7%AD%94%E9%A2%98%E5%8D%A1_351_processed.png?r=0.20337915356668013 HTTP/1.1" 200 OK
INFO:     127.0.0.1:40904 - "GET /answer_sheets/60/1778142153_python%E7%AD%94%E9%A2%98%E5%8D%A1_360_processed.png?r=0.47299237404902394 HTTP/1.1" 200 OK
INFO:     127.0.0.1:40888 - "GET /answer_sheets/60/1778142154_python%E7%AD%94%E9%A2%98%E5%8D%A1_361_processed.png?r=0.42340012308261077 HTTP/1.1" 200 OK
INFO:     127.0.0.1:40926 - "GET /answer_sheets/60/1778142154_python%E7%AD%94%E9%A2%98%E5%8D%A1_370_processed.png?r=0.6348749619196503 HTTP/1.1" 200 OK
INFO:     127.0.0.1:40910 - "GET /answer_sheets/60/1778142155_python%E7%AD%94%E9%A2%98%E5%8D%A1_371_processed.png?r=0.08174373178561978 HTTP/1.1" 200 OK
INFO:     127.0.0.1:40878 - "GET /answer_sheets/60/1778142155_python%E7%AD%94%E9%A2%98%E5%8D%A1_380_processed.png?r=0.2854730895179829 HTTP/1.1" 200 OK
INFO:     127.0.0.1:40896 - "GET /answer_sheets/60/1778142156_python%E7%AD%94%E9%A2%98%E5%8D%A1_381_processed.png?r=0.055257094086771374 HTTP/1.1" 200 OK
INFO:     127.0.0.1:40888 - "GET /answer_sheets/60/1778142156_python%E7%AD%94%E9%A2%98%E5%8D%A1_390_processed.png?r=0.7711000441170627 HTTP/1.1" 200 OK
INFO:     127.0.0.1:40904 - "GET /answer_sheets/60/1778142156_python%E7%AD%94%E9%A2%98%E5%8D%A1_391_processed.png?r=0.3476065870248265 HTTP/1.1" 200 OK
INFO:     127.0.0.1:40926 - "GET /answer_sheets/60/1778142157_python%E7%AD%94%E9%A2%98%E5%8D%A1_400_processed.png?r=0.4516564458797585 HTTP/1.1" 200 OK
INFO:     127.0.0.1:40910 - "GET /answer_sheets/60/1778142157_python%E7%AD%94%E9%A2%98%E5%8D%A1_401_processed.png?r=0.3022613145920956 HTTP/1.1" 200 OK
INFO:     127.0.0.1:40896 - "GET /answer_sheets/60/1778142157_python%E7%AD%94%E9%A2%98%E5%8D%A1_410_processed.png?r=0.012003560632189658 HTTP/1.1" 200 OK
INFO:     127.0.0.1:40878 - "GET /answer_sheets/60/1778142158_python%E7%AD%94%E9%A2%98%E5%8D%A1_411_processed.png?r=0.08769543334004992 HTTP/1.1" 200 OK
INFO:     127.0.0.1:40904 - "GET /answer_sheets/60/1778142158_python%E7%AD%94%E9%A2%98%E5%8D%A1_420_processed.png?r=0.5273279452118639 HTTP/1.1" 200 OK
INFO:     127.0.0.1:40888 - "GET /answer_sheets/60/1778142158_python%E7%AD%94%E9%A2%98%E5%8D%A1_421_processed.png?r=0.6267527118739883 HTTP/1.1" 200 OK
INFO:     127.0.0.1:40926 - "GET /answer_sheets/60/1778142159_python%E7%AD%94%E9%A2%98%E5%8D%A1_430_processed.png?r=0.03303775986787627 HTTP/1.1" 200 OK
INFO:     127.0.0.1:40910 - "GET /answer_sheets/60/1778142159_python%E7%AD%94%E9%A2%98%E5%8D%A1_431_processed.png?r=0.009938637974832298 HTTP/1.1" 200 OK
INFO:     127.0.0.1:40896 - "GET /answer_sheets/60/1778142159_python%E7%AD%94%E9%A2%98%E5%8D%A1_440_processed.png?r=0.12670193166721155 HTTP/1.1" 200 OK
INFO:     127.0.0.1:40878 - "GET /answer_sheets/60/1778142160_python%E7%AD%94%E9%A2%98%E5%8D%A1_441_processed.png?r=0.8400305843532905 HTTP/1.1" 200 OK
INFO:     127.0.0.1:40904 - "GET /answer_sheets/60/1778142160_python%E7%AD%94%E9%A2%98%E5%8D%A1_450_processed.png?r=0.9450867582697583 HTTP/1.1" 200 OK
INFO:     127.0.0.1:40888 - "GET /answer_sheets/60/1778142160_python%E7%AD%94%E9%A2%98%E5%8D%A1_451_processed.png?r=0.2953758180503281 HTTP/1.1" 200 OK
INFO:     127.0.0.1:40896 - "GET /answer_sheets/60/1778142161_python%E7%AD%94%E9%A2%98%E5%8D%A1_460_processed.png?r=0.9464203562450727 HTTP/1.1" 200 OK
INFO:     127.0.0.1:40910 - "GET /answer_sheets/60/1778142162_python%E7%AD%94%E9%A2%98%E5%8D%A1_461_processed.png?r=0.16997629618068166 HTTP/1.1" 200 OK
INFO:     127.0.0.1:40926 - "GET /answer_sheets/60/1778142162_python%E7%AD%94%E9%A2%98%E5%8D%A1_470_processed.png?r=0.35237754836049706 HTTP/1.1" 200 OK
INFO:     127.0.0.1:40878 - "GET /answer_sheets/60/1778142162_python%E7%AD%94%E9%A2%98%E5%8D%A1_471_processed.png?r=0.960738189432292 HTTP/1.1" 200 OK
INFO:     127.0.0.1:40888 - "GET /answer_sheets/60/1778142162_python%E7%AD%94%E9%A2%98%E5%8D%A1_480_processed.png?r=0.5539894297017857 HTTP/1.1" 200 OK
INFO:     127.0.0.1:40904 - "GET /answer_sheets/60/1778142163_python%E7%AD%94%E9%A2%98%E5%8D%A1_481_processed.png?r=0.5169805230858217 HTTP/1.1" 200 OK
INFO:     127.0.0.1:40896 - "GET /answer_sheets/60/1778142163_python%E7%AD%94%E9%A2%98%E5%8D%A1_490_processed.png?r=0.3112756746819981 HTTP/1.1" 200 OK
INFO:     127.0.0.1:40878 - "GET /answer_sheets/60/1778142163_python%E7%AD%94%E9%A2%98%E5%8D%A1_491_processed.png?r=0.17704276642317585 HTTP/1.1" 200 OK
INFO:     127.0.0.1:40926 - "GET /answer_sheets/60/1778142163_python%E7%AD%94%E9%A2%98%E5%8D%A1_500_processed.png?r=0.0875673623380806 HTTP/1.1" 200 OK
INFO:     127.0.0.1:40910 - "GET /answer_sheets/60/1778142164_python%E7%AD%94%E9%A2%98%E5%8D%A1_501_processed.png?r=0.386246026342451 HTTP/1.1" 200 OK
INFO:     127.0.0.1:40888 - "GET /answer_sheets/60/1778142164_python%E7%AD%94%E9%A2%98%E5%8D%A1_510_processed.png?r=0.005348230172802282 HTTP/1.1" 200 OK
INFO:     127.0.0.1:40904 - "GET /answer_sheets/60/1778142164_python%E7%AD%94%E9%A2%98%E5%8D%A1_511_processed.png?r=0.1717601351069702 HTTP/1.1" 200 OK
INFO:     127.0.0.1:40896 - "GET /answer_sheets/60/1778142164_python%E7%AD%94%E9%A2%98%E5%8D%A1_520_processed.png?r=0.057093592356480594 HTTP/1.1" 200 OK
INFO:     127.0.0.1:40878 - "GET /answer_sheets/60/1778142165_python%E7%AD%94%E9%A2%98%E5%8D%A1_521_processed.png?r=0.9390132360822354 HTTP/1.1" 200 OK
INFO:     127.0.0.1:40910 - "GET /answer_sheets/60/1778142165_python%E7%AD%94%E9%A2%98%E5%8D%A1_530_processed.png?r=0.8622029289032901 HTTP/1.1" 200 OK
INFO:     127.0.0.1:40926 - "GET /answer_sheets/60/1778142166_python%E7%AD%94%E9%A2%98%E5%8D%A1_531_processed.png?r=0.5845148457673501 HTTP/1.1" 200 OK
INFO:     127.0.0.1:40888 - "GET /answer_sheets/60/1778142166_python%E7%AD%94%E9%A2%98%E5%8D%A1_540_processed.png?r=0.482621343407197 HTTP/1.1" 200 OK
INFO:     127.0.0.1:40878 - "GET /answer_sheets/60/1778142166_python%E7%AD%94%E9%A2%98%E5%8D%A1_541_processed.png?r=0.13439892069827408 HTTP/1.1" 200 OK
INFO:     127.0.0.1:40904 - "GET /answer_sheets/60/1778142166_python%E7%AD%94%E9%A2%98%E5%8D%A1_550_processed.png?r=0.5661017717485288 HTTP/1.1" 200 OK
INFO:     127.0.0.1:40896 - "GET /answer_sheets/60/1778142167_python%E7%AD%94%E9%A2%98%E5%8D%A1_551_processed.png?r=0.02747349790955733 HTTP/1.1" 200 OK
INFO:     127.0.0.1:40926 - "GET /answer_sheets/60/1778142167_python%E7%AD%94%E9%A2%98%E5%8D%A1_560_processed.png?r=0.1763396817412053 HTTP/1.1" 200 OK
INFO:     127.0.0.1:40910 - "GET /answer_sheets/60/1778142167_python%E7%AD%94%E9%A2%98%E5%8D%A1_561_processed.png?r=0.7158991762423869 HTTP/1.1" 200 OK
INFO:     127.0.0.1:40878 - "GET /answer_sheets/60/1778142167_python%E7%AD%94%E9%A2%98%E5%8D%A1_570_processed.png?r=0.7587414644305417 HTTP/1.1" 200 OK
INFO:     127.0.0.1:40888 - "GET /answer_sheets/60/1778142168_python%E7%AD%94%E9%A2%98%E5%8D%A1_571_processed.png?r=0.12065218559035185 HTTP/1.1" 200 OK
INFO:     127.0.0.1:40904 - "GET /answer_sheets/60/1778142168_python%E7%AD%94%E9%A2%98%E5%8D%A1_580_processed.png?r=0.3370734181291163 HTTP/1.1" 200 OK
INFO:     127.0.0.1:40926 - "GET /answer_sheets/60/1778142169_python%E7%AD%94%E9%A2%98%E5%8D%A1_581_processed.png?r=0.20522510953077377 HTTP/1.1" 200 OK
INFO:     127.0.0.1:40896 - "GET /answer_sheets/60/1778142169_python%E7%AD%94%E9%A2%98%E5%8D%A1_590_processed.png?r=0.711782973302823 HTTP/1.1" 200 OK
INFO:     127.0.0.1:40910 - "GET /answer_sheets/60/1778142170_python%E7%AD%94%E9%A2%98%E5%8D%A1_591_processed.png?r=0.36912636589757797 HTTP/1.1" 200 OK
INFO:     127.0.0.1:40888 - "GET /answer_sheets/60/1778142124_python%E7%AD%94%E9%A2%98%E5%8D%A1_00_processed.png?r=0.7754756350810987 HTTP/1.1" 200 OK
2026-05-12 14:47:32,534 INFO sqlalchemy.engine.Engine BEGIN (implicit)
INFO:sqlalchemy.engine.Engine:BEGIN (implicit)
2026-05-12 14:47:32,535 INFO sqlalchemy.engine.Engine SELECT * FROM students ORDER BY name
INFO:sqlalchemy.engine.Engine:SELECT * FROM students ORDER BY name
2026-05-12 14:47:32,535 INFO sqlalchemy.engine.Engine [cached since 1940s ago] {}
INFO:sqlalchemy.engine.Engine:[cached since 1940s ago] {}
2026-05-12 14:47:32,544 INFO sqlalchemy.engine.Engine ROLLBACK
INFO:sqlalchemy.engine.Engine:ROLLBACK
INFO:     127.0.0.1:40866 - "GET /api/students HTTP/1.1" 200 OK
2026-05-12 14:47:32,561 INFO sqlalchemy.engine.Engine BEGIN (implicit)
INFO:sqlalchemy.engine.Engine:BEGIN (implicit)
2026-05-12 14:47:32,561 INFO sqlalchemy.engine.Engine SELECT COUNT(*) FROM exam_students WHERE exam_id = %(exam_id)s
INFO:sqlalchemy.engine.Engine:SELECT COUNT(*) FROM exam_students WHERE exam_id = %(exam_id)s
2026-05-12 14:47:32,561 INFO sqlalchemy.engine.Engine [cached since 1937s ago] {'exam_id': 60}
INFO:sqlalchemy.engine.Engine:[cached since 1937s ago] {'exam_id': 60}
2026-05-12 14:47:32,565 INFO sqlalchemy.engine.Engine SELECT COUNT(DISTINCT student_id) FROM student_scores WHERE exam_id = %(exam_id)s
INFO:sqlalchemy.engine.Engine:SELECT COUNT(DISTINCT student_id) FROM student_scores WHERE exam_id = %(exam_id)s
2026-05-12 14:47:32,566 INFO sqlalchemy.engine.Engine [cached since 1936s ago] {'exam_id': 60}
INFO:sqlalchemy.engine.Engine:[cached since 1936s ago] {'exam_id': 60}
2026-05-12 14:47:32,571 INFO sqlalchemy.engine.Engine ROLLBACK
INFO:sqlalchemy.engine.Engine:ROLLBACK
INFO:     127.0.0.1:41960 - "GET /api/exams/60/grading-progress HTTP/1.1" 200 OK
2026-05-12 14:47:32,633 INFO sqlalchemy.engine.Engine BEGIN (implicit)
INFO:sqlalchemy.engine.Engine:BEGIN (implicit)
2026-05-12 14:47:32,634 INFO sqlalchemy.engine.Engine SELECT * FROM exams ORDER BY created_at DESC
INFO:sqlalchemy.engine.Engine:SELECT * FROM exams ORDER BY created_at DESC
2026-05-12 14:47:32,634 INFO sqlalchemy.engine.Engine [cached since 1937s ago] {}
INFO:sqlalchemy.engine.Engine:[cached since 1937s ago] {}
2026-05-12 14:47:32,637 INFO sqlalchemy.engine.Engine SELECT COUNT(*) FROM exam_students WHERE exam_id = %(exam_id)s
INFO:sqlalchemy.engine.Engine:SELECT COUNT(*) FROM exam_students WHERE exam_id = %(exam_id)s
2026-05-12 14:47:32,637 INFO sqlalchemy.engine.Engine [cached since 1937s ago] {'exam_id': 66}
INFO:sqlalchemy.engine.Engine:[cached since 1937s ago] {'exam_id': 66}
2026-05-12 14:47:32,640 INFO sqlalchemy.engine.Engine SELECT COUNT(*) FROM exam_students WHERE exam_id = %(exam_id)s
INFO:sqlalchemy.engine.Engine:SELECT COUNT(*) FROM exam_students WHERE exam_id = %(exam_id)s
2026-05-12 14:47:32,640 INFO sqlalchemy.engine.Engine [cached since 1937s ago] {'exam_id': 60}
INFO:sqlalchemy.engine.Engine:[cached since 1937s ago] {'exam_id': 60}
2026-05-12 14:47:32,642 INFO sqlalchemy.engine.Engine SELECT COUNT(*) FROM exam_students WHERE exam_id = %(exam_id)s
INFO:sqlalchemy.engine.Engine:SELECT COUNT(*) FROM exam_students WHERE exam_id = %(exam_id)s
2026-05-12 14:47:32,643 INFO sqlalchemy.engine.Engine [cached since 1937s ago] {'exam_id': 17}
INFO:sqlalchemy.engine.Engine:[cached since 1937s ago] {'exam_id': 17}
2026-05-12 14:47:32,644 INFO sqlalchemy.engine.Engine SELECT COUNT(*) FROM exam_students WHERE exam_id = %(exam_id)s
INFO:sqlalchemy.engine.Engine:SELECT COUNT(*) FROM exam_students WHERE exam_id = %(exam_id)s
2026-05-12 14:47:32,645 INFO sqlalchemy.engine.Engine [cached since 1937s ago] {'exam_id': 16}
INFO:sqlalchemy.engine.Engine:[cached since 1937s ago] {'exam_id': 16}
2026-05-12 14:47:32,647 INFO sqlalchemy.engine.Engine SELECT COUNT(*) FROM exam_students WHERE exam_id = %(exam_id)s
INFO:sqlalchemy.engine.Engine:SELECT COUNT(*) FROM exam_students WHERE exam_id = %(exam_id)s
2026-05-12 14:47:32,648 INFO sqlalchemy.engine.Engine [cached since 1937s ago] {'exam_id': 5}
INFO:sqlalchemy.engine.Engine:[cached since 1937s ago] {'exam_id': 5}
2026-05-12 14:47:32,650 INFO sqlalchemy.engine.Engine SELECT COUNT(*) FROM exam_students WHERE exam_id = %(exam_id)s
INFO:sqlalchemy.engine.Engine:SELECT COUNT(*) FROM exam_students WHERE exam_id = %(exam_id)s
2026-05-12 14:47:32,651 INFO sqlalchemy.engine.Engine [cached since 1937s ago] {'exam_id': 2}
INFO:sqlalchemy.engine.Engine:[cached since 1937s ago] {'exam_id': 2}
2026-05-12 14:47:32,653 INFO sqlalchemy.engine.Engine ROLLBACK
INFO:sqlalchemy.engine.Engine:ROLLBACK
INFO:     127.0.0.1:40866 - "GET /api/exams HTTP/1.1" 200 OK
2026-05-12 14:47:32,677 INFO sqlalchemy.engine.Engine BEGIN (implicit)
INFO:sqlalchemy.engine.Engine:BEGIN (implicit)
2026-05-12 14:47:32,677 INFO sqlalchemy.engine.Engine SELECT exam_id, exam_name, total_score, total_questions FROM exams WHERE exam_id = %(exam_id)s
INFO:sqlalchemy.engine.Engine:SELECT exam_id, exam_name, total_score, total_questions FROM exams WHERE exam_id = %(exam_id)s
2026-05-12 14:47:32,677 INFO sqlalchemy.engine.Engine [cached since 1936s ago] {'exam_id': 60}
INFO:sqlalchemy.engine.Engine:[cached since 1936s ago] {'exam_id': 60}
2026-05-12 14:47:32,679 INFO sqlalchemy.engine.Engine 
                        SELECT COALESCE(SUM(q.score), 0) 
                        FROM questions q 
                        INNER JOIN exam_questions eq ON q.id = eq.question_id 
                        WHERE eq.exam_id = %(exam_id)s
                    
INFO:sqlalchemy.engine.Engine:
                        SELECT COALESCE(SUM(q.score), 0) 
                        FROM questions q 
                        INNER JOIN exam_questions eq ON q.id = eq.question_id 
                        WHERE eq.exam_id = %(exam_id)s
                    
2026-05-12 14:47:32,679 INFO sqlalchemy.engine.Engine [cached since 1936s ago] {'exam_id': 60}
INFO:sqlalchemy.engine.Engine:[cached since 1936s ago] {'exam_id': 60}
2026-05-12 14:47:32,686 INFO sqlalchemy.engine.Engine 
                SELECT s.student_id, s.name, s.student_number, s.class
                FROM students s
                INNER JOIN exam_students es ON s.student_id = es.student_id
                WHERE es.exam_id = %(exam_id)s
                ORDER BY es.sort_order ASC, s.student_number ASC
                
INFO:sqlalchemy.engine.Engine:
                SELECT s.student_id, s.name, s.student_number, s.class
                FROM students s
                INNER JOIN exam_students es ON s.student_id = es.student_id
                WHERE es.exam_id = %(exam_id)s
                ORDER BY es.sort_order ASC, s.student_number ASC
                
2026-05-12 14:47:32,687 INFO sqlalchemy.engine.Engine [cached since 1936s ago] {'exam_id': 60}
INFO:sqlalchemy.engine.Engine:[cached since 1936s ago] {'exam_id': 60}
2026-05-12 14:47:32,690 INFO sqlalchemy.engine.Engine 
                SELECT q.id, q.content, q.score as max_score, eq.question_order
                FROM questions q
                INNER JOIN exam_questions eq ON q.id = eq.question_id
                WHERE eq.exam_id = %(exam_id)s
                ORDER BY eq.question_order
                
INFO:sqlalchemy.engine.Engine:
                SELECT q.id, q.content, q.score as max_score, eq.question_order
                FROM questions q
                INNER JOIN exam_questions eq ON q.id = eq.question_id
                WHERE eq.exam_id = %(exam_id)s
                ORDER BY eq.question_order
                
2026-05-12 14:47:32,690 INFO sqlalchemy.engine.Engine [cached since 1936s ago] {'exam_id': 60}
INFO:sqlalchemy.engine.Engine:[cached since 1936s ago] {'exam_id': 60}
2026-05-12 14:47:32,694 INFO sqlalchemy.engine.Engine 
                SELECT DISTINCT student_id, question_id, score, student_answer, updated_at
                FROM student_scores
                WHERE exam_id = %(exam_id)s
                
INFO:sqlalchemy.engine.Engine:
                SELECT DISTINCT student_id, question_id, score, student_answer, updated_at
                FROM student_scores
                WHERE exam_id = %(exam_id)s
                
2026-05-12 14:47:32,694 INFO sqlalchemy.engine.Engine [cached since 1936s ago] {'exam_id': 60}
INFO:sqlalchemy.engine.Engine:[cached since 1936s ago] {'exam_id': 60}
2026-05-12 14:47:32,724 INFO sqlalchemy.engine.Engine ROLLBACK
INFO:sqlalchemy.engine.Engine:ROLLBACK
INFO:     127.0.0.1:40866 - "GET /api/exams/60/scores HTTP/1.1" 200 OK
2026-05-12 14:47:32,827 INFO sqlalchemy.engine.Engine BEGIN (implicit)
INFO:sqlalchemy.engine.Engine:BEGIN (implicit)
2026-05-12 14:47:32,827 INFO sqlalchemy.engine.Engine SELECT exam_id FROM exams WHERE exam_id = %(exam_id)s
INFO:sqlalchemy.engine.Engine:SELECT exam_id FROM exams WHERE exam_id = %(exam_id)s
2026-05-12 14:47:32,827 INFO sqlalchemy.engine.Engine [cached since 1936s ago] {'exam_id': 60}
INFO:sqlalchemy.engine.Engine:[cached since 1936s ago] {'exam_id': 60}
2026-05-12 14:47:32,829 INFO sqlalchemy.engine.Engine 
                SELECT s.student_id, s.name, s.student_number, s.class as class_name, s.contact_info, s.created_at, s.updated_at, es.sort_order
                FROM students s
                INNER JOIN exam_students es ON s.student_id = es.student_id
                WHERE es.exam_id = %(exam_id)s
                ORDER BY es.sort_order ASC, s.student_number ASC
                
INFO:sqlalchemy.engine.Engine:
                SELECT s.student_id, s.name, s.student_number, s.class as class_name, s.contact_info, s.created_at, s.updated_at, es.sort_order
                FROM students s
                INNER JOIN exam_students es ON s.student_id = es.student_id
                WHERE es.exam_id = %(exam_id)s
                ORDER BY es.sort_order ASC, s.student_number ASC
                
2026-05-12 14:47:32,829 INFO sqlalchemy.engine.Engine [cached since 1936s ago] {'exam_id': 60}
INFO:sqlalchemy.engine.Engine:[cached since 1936s ago] {'exam_id': 60}
2026-05-12 14:47:32,834 INFO sqlalchemy.engine.Engine ROLLBACK
INFO:sqlalchemy.engine.Engine:ROLLBACK
INFO:     127.0.0.1:40866 - "GET /api/exams/60/students HTTP/1.1" 200 OK
2026-05-12 14:47:32,840 INFO sqlalchemy.engine.Engine BEGIN (implicit)
INFO:sqlalchemy.engine.Engine:BEGIN (implicit)
2026-05-12 14:47:32,841 INFO sqlalchemy.engine.Engine BEGIN (implicit)
2026-05-12 14:47:32,842 INFO sqlalchemy.engine.Engine SELECT exam_id FROM exams WHERE exam_id = %(exam_id)s
INFO:sqlalchemy.engine.Engine:BEGIN (implicit)
2026-05-12 14:47:32,842 INFO sqlalchemy.engine.Engine SELECT exam_id, exam_name, total_score, total_questions FROM exams WHERE exam_id = %(exam_id)s
INFO:sqlalchemy.engine.Engine:SELECT exam_id FROM exams WHERE exam_id = %(exam_id)s
2026-05-12 14:47:32,843 INFO sqlalchemy.engine.Engine [cached since 1936s ago] {'exam_id': 60}
INFO:sqlalchemy.engine.Engine:SELECT exam_id, exam_name, total_score, total_questions FROM exams WHERE exam_id = %(exam_id)s
INFO:sqlalchemy.engine.Engine:[cached since 1936s ago] {'exam_id': 60}
2026-05-12 14:47:32,843 INFO sqlalchemy.engine.Engine [cached since 1936s ago] {'exam_id': 60}
INFO:sqlalchemy.engine.Engine:[cached since 1936s ago] {'exam_id': 60}
2026-05-12 14:47:32,848 INFO sqlalchemy.engine.Engine 
                SELECT s.student_id, s.name, s.student_number, s.class as class_name, s.contact_info, s.created_at, s.updated_at, es.sort_order
                FROM students s
                INNER JOIN exam_students es ON s.student_id = es.student_id
                WHERE es.exam_id = %(exam_id)s
                ORDER BY es.sort_order ASC, s.student_number ASC
                
INFO:sqlalchemy.engine.Engine:
                SELECT s.student_id, s.name, s.student_number, s.class as class_name, s.contact_info, s.created_at, s.updated_at, es.sort_order
                FROM students s
                INNER JOIN exam_students es ON s.student_id = es.student_id
                WHERE es.exam_id = %(exam_id)s
                ORDER BY es.sort_order ASC, s.student_number ASC
                
2026-05-12 14:47:32,849 INFO sqlalchemy.engine.Engine [cached since 1936s ago] {'exam_id': 60}
INFO:sqlalchemy.engine.Engine:[cached since 1936s ago] {'exam_id': 60}
2026-05-12 14:47:32,851 INFO sqlalchemy.engine.Engine BEGIN (implicit)
INFO:sqlalchemy.engine.Engine:BEGIN (implicit)
2026-05-12 14:47:32,852 INFO sqlalchemy.engine.Engine 
                        SELECT COALESCE(SUM(q.score), 0) 
                        FROM questions q 
                        INNER JOIN exam_questions eq ON q.id = eq.question_id 
                        WHERE eq.exam_id = %(exam_id)s
                    
INFO:sqlalchemy.engine.Engine:
                        SELECT COALESCE(SUM(q.score), 0) 
                        FROM questions q 
                        INNER JOIN exam_questions eq ON q.id = eq.question_id 
                        WHERE eq.exam_id = %(exam_id)s
                    
2026-05-12 14:47:32,852 INFO sqlalchemy.engine.Engine 
                SELECT q.*, eq.question_order 
                FROM questions q
                JOIN exam_questions eq ON q.id = eq.question_id
                WHERE eq.exam_id = %(exam_id)s 
                ORDER BY eq.question_order
                
INFO:sqlalchemy.engine.Engine:
                SELECT q.*, eq.question_order 
                FROM questions q
                JOIN exam_questions eq ON q.id = eq.question_id
                WHERE eq.exam_id = %(exam_id)s 
                ORDER BY eq.question_order
                
2026-05-12 14:47:32,853 INFO sqlalchemy.engine.Engine [cached since 1936s ago] {'exam_id': 60}
INFO:sqlalchemy.engine.Engine:[cached since 1936s ago] {'exam_id': 60}
2026-05-12 14:47:32,853 INFO sqlalchemy.engine.Engine [cached since 1936s ago] {'exam_id': 60}
INFO:sqlalchemy.engine.Engine:[cached since 1936s ago] {'exam_id': 60}
2026-05-12 14:47:32,858 INFO sqlalchemy.engine.Engine 
                SELECT s.student_id, s.name, s.student_number, s.class
                FROM students s
                INNER JOIN exam_students es ON s.student_id = es.student_id
                WHERE es.exam_id = %(exam_id)s
                ORDER BY es.sort_order ASC, s.student_number ASC
                
INFO:sqlalchemy.engine.Engine:
                SELECT s.student_id, s.name, s.student_number, s.class
                FROM students s
                INNER JOIN exam_students es ON s.student_id = es.student_id
                WHERE es.exam_id = %(exam_id)s
                ORDER BY es.sort_order ASC, s.student_number ASC
                
2026-05-12 14:47:32,858 INFO sqlalchemy.engine.Engine [cached since 1936s ago] {'exam_id': 60}
INFO:sqlalchemy.engine.Engine:[cached since 1936s ago] {'exam_id': 60}
2026-05-12 14:47:32,862 INFO sqlalchemy.engine.Engine ROLLBACK
INFO:sqlalchemy.engine.Engine:ROLLBACK
2026-05-12 14:47:32,868 INFO sqlalchemy.engine.Engine ROLLBACK
INFO:sqlalchemy.engine.Engine:ROLLBACK
INFO:     127.0.0.1:40866 - "GET /api/exams/60/questions HTTP/1.1" 200 OK
INFO:     127.0.0.1:41966 - "GET /api/exams/60/students HTTP/1.1" 200 OK
2026-05-12 14:47:32,879 INFO sqlalchemy.engine.Engine 
                SELECT q.id, q.content, q.score as max_score, eq.question_order
                FROM questions q
                INNER JOIN exam_questions eq ON q.id = eq.question_id
                WHERE eq.exam_id = %(exam_id)s
                ORDER BY eq.question_order
                
INFO:sqlalchemy.engine.Engine:
                SELECT q.id, q.content, q.score as max_score, eq.question_order
                FROM questions q
                INNER JOIN exam_questions eq ON q.id = eq.question_id
                WHERE eq.exam_id = %(exam_id)s
                ORDER BY eq.question_order
                
2026-05-12 14:47:32,879 INFO sqlalchemy.engine.Engine [cached since 1936s ago] {'exam_id': 60}
INFO:sqlalchemy.engine.Engine:[cached since 1936s ago] {'exam_id': 60}
2026-05-12 14:47:32,882 INFO sqlalchemy.engine.Engine 
                SELECT DISTINCT student_id, question_id, score, student_answer, updated_at
                FROM student_scores
                WHERE exam_id = %(exam_id)s
                
INFO:sqlalchemy.engine.Engine:
                SELECT DISTINCT student_id, question_id, score, student_answer, updated_at
                FROM student_scores
                WHERE exam_id = %(exam_id)s
                
2026-05-12 14:47:32,885 INFO sqlalchemy.engine.Engine [cached since 1936s ago] {'exam_id': 60}
INFO:sqlalchemy.engine.Engine:[cached since 1936s ago] {'exam_id': 60}
2026-05-12 14:47:32,885 INFO sqlalchemy.engine.Engine BEGIN (implicit)
INFO:sqlalchemy.engine.Engine:BEGIN (implicit)
2026-05-12 14:47:32,887 INFO sqlalchemy.engine.Engine SELECT exam_id FROM exams WHERE exam_id = %(exam_id)s
INFO:sqlalchemy.engine.Engine:SELECT exam_id FROM exams WHERE exam_id = %(exam_id)s
2026-05-12 14:47:32,887 INFO sqlalchemy.engine.Engine [cached since 1936s ago] {'exam_id': 60}
INFO:sqlalchemy.engine.Engine:[cached since 1936s ago] {'exam_id': 60}
2026-05-12 14:47:32,889 INFO sqlalchemy.engine.Engine 
                SELECT s.student_id, s.name, s.student_number, s.class as class_name, s.contact_info, s.created_at, s.updated_at, es.sort_order
                FROM students s
                INNER JOIN exam_students es ON s.student_id = es.student_id
                WHERE es.exam_id = %(exam_id)s
                ORDER BY es.sort_order ASC, s.student_number ASC
                
INFO:sqlalchemy.engine.Engine:
                SELECT s.student_id, s.name, s.student_number, s.class as class_name, s.contact_info, s.created_at, s.updated_at, es.sort_order
                FROM students s
                INNER JOIN exam_students es ON s.student_id = es.student_id
                WHERE es.exam_id = %(exam_id)s
                ORDER BY es.sort_order ASC, s.student_number ASC
                
2026-05-12 14:47:32,889 INFO sqlalchemy.engine.Engine [cached since 1936s ago] {'exam_id': 60}
INFO:sqlalchemy.engine.Engine:[cached since 1936s ago] {'exam_id': 60}
2026-05-12 14:47:32,895 INFO sqlalchemy.engine.Engine ROLLBACK
INFO:sqlalchemy.engine.Engine:ROLLBACK
INFO:     127.0.0.1:41980 - "GET /api/exams/60/students HTTP/1.1" 200 OK
2026-05-12 14:47:33,652 INFO sqlalchemy.engine.Engine ROLLBACK
INFO:sqlalchemy.engine.Engine:ROLLBACK
2026-05-12 14:47:33,655 INFO sqlalchemy.engine.Engine BEGIN (implicit)
INFO:sqlalchemy.engine.Engine:BEGIN (implicit)
2026-05-12 14:47:33,655 INFO sqlalchemy.engine.Engine BEGIN (implicit)
2026-05-12 14:47:33,662 INFO sqlalchemy.engine.Engine SELECT exam_id FROM exams WHERE exam_id = %(exam_id)s
INFO:sqlalchemy.engine.Engine:BEGIN (implicit)
INFO:     127.0.0.1:41970 - "GET /api/exams/60/scores HTTP/1.1" 200 OK
2026-05-12 14:47:33,669 INFO sqlalchemy.engine.Engine SELECT * FROM students ORDER BY name
INFO:sqlalchemy.engine.Engine:SELECT exam_id FROM exams WHERE exam_id = %(exam_id)s
INFO:sqlalchemy.engine.Engine:SELECT * FROM students ORDER BY name
2026-05-12 14:47:33,669 INFO sqlalchemy.engine.Engine [cached since 1937s ago] {'exam_id': 60}
INFO:sqlalchemy.engine.Engine:[cached since 1937s ago] {'exam_id': 60}
2026-05-12 14:47:33,670 INFO sqlalchemy.engine.Engine [cached since 1941s ago] {}
INFO:sqlalchemy.engine.Engine:[cached since 1941s ago] {}
2026-05-12 14:47:33,671 INFO sqlalchemy.engine.Engine 
                SELECT 
                    a.id, a.filename, a.file_path, a.processed_file_path,
                    a.uploaded_at, a.page_order,
                    s.student_id, s.name as student_name, s.student_number, s.class as student_class
                FROM answer_sheets a
                JOIN students s ON a.student_id = s.student_id
                WHERE a.exam_id = %(exam_id)s
                ORDER BY s.student_id, a.page_order
                
INFO:sqlalchemy.engine.Engine:
                SELECT 
                    a.id, a.filename, a.file_path, a.processed_file_path,
                    a.uploaded_at, a.page_order,
                    s.student_id, s.name as student_name, s.student_number, s.class as student_class
                FROM answer_sheets a
                JOIN students s ON a.student_id = s.student_id
                WHERE a.exam_id = %(exam_id)s
                ORDER BY s.student_id, a.page_order
                
2026-05-12 14:47:33,672 INFO sqlalchemy.engine.Engine [cached since 1936s ago] {'exam_id': 60}
INFO:sqlalchemy.engine.Engine:[cached since 1936s ago] {'exam_id': 60}
2026-05-12 14:47:33,679 INFO sqlalchemy.engine.Engine BEGIN (implicit)
INFO:sqlalchemy.engine.Engine:BEGIN (implicit)
2026-05-12 14:47:33,680 INFO sqlalchemy.engine.Engine SELECT exam_id, exam_name, total_score, total_questions FROM exams WHERE exam_id = %(exam_id)s
INFO:sqlalchemy.engine.Engine:SELECT exam_id, exam_name, total_score, total_questions FROM exams WHERE exam_id = %(exam_id)s
2026-05-12 14:47:33,681 INFO sqlalchemy.engine.Engine [cached since 1937s ago] {'exam_id': 60}
INFO:sqlalchemy.engine.Engine:[cached since 1937s ago] {'exam_id': 60}
2026-05-12 14:47:33,684 INFO sqlalchemy.engine.Engine 
                        SELECT COALESCE(SUM(q.score), 0) 
                        FROM questions q 
                        INNER JOIN exam_questions eq ON q.id = eq.question_id 
                        WHERE eq.exam_id = %(exam_id)s
                    
INFO:sqlalchemy.engine.Engine:
                        SELECT COALESCE(SUM(q.score), 0) 
                        FROM questions q 
                        INNER JOIN exam_questions eq ON q.id = eq.question_id 
                        WHERE eq.exam_id = %(exam_id)s
                    
2026-05-12 14:47:33,688 INFO sqlalchemy.engine.Engine [cached since 1937s ago] {'exam_id': 60}
INFO:sqlalchemy.engine.Engine:[cached since 1937s ago] {'exam_id': 60}
2026-05-12 14:47:33,691 INFO sqlalchemy.engine.Engine BEGIN (implicit)
INFO:sqlalchemy.engine.Engine:BEGIN (implicit)
2026-05-12 14:47:33,692 INFO sqlalchemy.engine.Engine 
                SELECT q.*, eq.question_order 
                FROM questions q
                JOIN exam_questions eq ON q.id = eq.question_id
                WHERE eq.exam_id = %(exam_id)s 
                ORDER BY eq.question_order
                
INFO:sqlalchemy.engine.Engine:
                SELECT q.*, eq.question_order 
                FROM questions q
                JOIN exam_questions eq ON q.id = eq.question_id
                WHERE eq.exam_id = %(exam_id)s 
                ORDER BY eq.question_order
                
2026-05-12 14:47:33,694 INFO sqlalchemy.engine.Engine 
                SELECT s.student_id, s.name, s.student_number, s.class
                FROM students s
                INNER JOIN exam_students es ON s.student_id = es.student_id
                WHERE es.exam_id = %(exam_id)s
                ORDER BY es.sort_order ASC, s.student_number ASC
                
2026-05-12 14:47:33,694 INFO sqlalchemy.engine.Engine [cached since 1937s ago] {'exam_id': 60}
INFO:sqlalchemy.engine.Engine:
                SELECT s.student_id, s.name, s.student_number, s.class
                FROM students s
                INNER JOIN exam_students es ON s.student_id = es.student_id
                WHERE es.exam_id = %(exam_id)s
                ORDER BY es.sort_order ASC, s.student_number ASC
                
2026-05-12 14:47:33,696 INFO sqlalchemy.engine.Engine [cached since 1937s ago] {'exam_id': 60}
INFO:sqlalchemy.engine.Engine:[cached since 1937s ago] {'exam_id': 60}
INFO:sqlalchemy.engine.Engine:[cached since 1937s ago] {'exam_id': 60}
2026-05-12 14:47:33,705 INFO sqlalchemy.engine.Engine ROLLBACK
INFO:sqlalchemy.engine.Engine:ROLLBACK
INFO:     127.0.0.1:42014 - "GET /api/exams/60/questions HTTP/1.1" 200 OK
2026-05-12 14:47:33,725 INFO sqlalchemy.engine.Engine ROLLBACK
INFO:sqlalchemy.engine.Engine:ROLLBACK
2026-05-12 14:47:33,728 INFO sqlalchemy.engine.Engine 
                SELECT q.id, q.content, q.score as max_score, eq.question_order
                FROM questions q
                INNER JOIN exam_questions eq ON q.id = eq.question_id
                WHERE eq.exam_id = %(exam_id)s
                ORDER BY eq.question_order
                
INFO:sqlalchemy.engine.Engine:
                SELECT q.id, q.content, q.score as max_score, eq.question_order
                FROM questions q
                INNER JOIN exam_questions eq ON q.id = eq.question_id
                WHERE eq.exam_id = %(exam_id)s
                ORDER BY eq.question_order
                
INFO:     127.0.0.1:40866 - "GET /api/exams/60/images HTTP/1.1" 200 OK
2026-05-12 14:47:33,734 INFO sqlalchemy.engine.Engine [cached since 1937s ago] {'exam_id': 60}
INFO:sqlalchemy.engine.Engine:[cached since 1937s ago] {'exam_id': 60}
2026-05-12 14:47:33,735 INFO sqlalchemy.engine.Engine ROLLBACK
INFO:sqlalchemy.engine.Engine:ROLLBACK
2026-05-12 14:47:33,738 INFO sqlalchemy.engine.Engine 
                SELECT DISTINCT student_id, question_id, score, student_answer, updated_at
                FROM student_scores
                WHERE exam_id = %(exam_id)s
                
INFO:sqlalchemy.engine.Engine:
                SELECT DISTINCT student_id, question_id, score, student_answer, updated_at
                FROM student_scores
                WHERE exam_id = %(exam_id)s
                
INFO:     127.0.0.1:41980 - "GET /api/students HTTP/1.1" 200 OK
2026-05-12 14:47:33,742 INFO sqlalchemy.engine.Engine [cached since 1937s ago] {'exam_id': 60}
INFO:sqlalchemy.engine.Engine:[cached since 1937s ago] {'exam_id': 60}
2026-05-12 14:47:33,759 INFO sqlalchemy.engine.Engine ROLLBACK
INFO:sqlalchemy.engine.Engine:ROLLBACK
INFO:     127.0.0.1:42006 - "GET /api/exams/60/scores HTTP/1.1" 200 OK
INFO:     127.0.0.1:42054 - "GET /answer_sheets/60/1778142126_python%E7%AD%94%E9%A2%98%E5%8D%A1_21_processed.png?r=0.186867331485297 HTTP/1.1" 200 OK
INFO:     127.0.0.1:42022 - "GET /answer_sheets/60/1778142124_python%E7%AD%94%E9%A2%98%E5%8D%A1_00_processed.png?r=0.7841342693027318 HTTP/1.1" 200 OK
INFO:     127.0.0.1:42028 - "GET /answer_sheets/60/1778142125_python%E7%AD%94%E9%A2%98%E5%8D%A1_01_processed.png?r=0.962533325726302 HTTP/1.1" 200 OK
INFO:     127.0.0.1:42068 - "GET /answer_sheets/60/1778142126_python%E7%AD%94%E9%A2%98%E5%8D%A1_30_processed.png?r=0.1278145008355127 HTTP/1.1" 200 OK
INFO:     127.0.0.1:42044 - "GET /answer_sheets/60/1778142125_python%E7%AD%94%E9%A2%98%E5%8D%A1_20_processed.png?r=0.8147246032503098 HTTP/1.1" 200 OK
INFO:     127.0.0.1:42080 - "GET /answer_sheets/60/1778142127_python%E7%AD%94%E9%A2%98%E5%8D%A1_31_processed.png?r=0.6197075013718277 HTTP/1.1" 200 OK
INFO:     127.0.0.1:42028 - "GET /answer_sheets/60/1778142125_python%E7%AD%94%E9%A2%98%E5%8D%A1_10_processed.png?r=0.6457066346767107 HTTP/1.1" 200 OK
INFO:     127.0.0.1:42080 - "GET /answer_sheets/60/1778142125_python%E7%AD%94%E9%A2%98%E5%8D%A1_11_processed.png?r=0.5920632568598284 HTTP/1.1" 200 OK
INFO:     127.0.0.1:42054 - "GET /answer_sheets/60/1778142127_python%E7%AD%94%E9%A2%98%E5%8D%A1_40_processed.png?r=0.8783998565529437 HTTP/1.1" 200 OK
INFO:     127.0.0.1:42044 - "GET /answer_sheets/60/1778142127_python%E7%AD%94%E9%A2%98%E5%8D%A1_41_processed.png?r=0.44880280708955755 HTTP/1.1" 200 OK
INFO:     127.0.0.1:42068 - "GET /answer_sheets/60/1778142128_python%E7%AD%94%E9%A2%98%E5%8D%A1_50_processed.png?r=0.7013759452213626 HTTP/1.1" 200 OK
INFO:     127.0.0.1:42022 - "GET /answer_sheets/60/1778142128_python%E7%AD%94%E9%A2%98%E5%8D%A1_51_processed.png?r=0.6398711972395102 HTTP/1.1" 200 OK
INFO:     127.0.0.1:42054 - "GET /answer_sheets/60/1778142128_python%E7%AD%94%E9%A2%98%E5%8D%A1_60_processed.png?r=0.2987603376866663 HTTP/1.1" 200 OK
INFO:     127.0.0.1:42054 - "GET /answer_sheets/60/1778142128_python%E7%AD%94%E9%A2%98%E5%8D%A1_61_processed.png?r=0.43999871237423216 HTTP/1.1" 200 OK
INFO:     127.0.0.1:42068 - "GET /answer_sheets/60/1778142129_python%E7%AD%94%E9%A2%98%E5%8D%A1_70_processed.png?r=0.3409848423276036 HTTP/1.1" 200 OK
INFO:     127.0.0.1:42028 - "GET /answer_sheets/60/1778142129_python%E7%AD%94%E9%A2%98%E5%8D%A1_71_processed.png?r=0.04857133781439282 HTTP/1.1" 200 OK
INFO:     127.0.0.1:42022 - "GET /answer_sheets/60/1778142129_python%E7%AD%94%E9%A2%98%E5%8D%A1_81_processed.png?r=0.7159032465042048 HTTP/1.1" 200 OK
INFO:     127.0.0.1:42044 - "GET /answer_sheets/60/1778142129_python%E7%AD%94%E9%A2%98%E5%8D%A1_80_processed.png?r=0.47216513905127233 HTTP/1.1" 200 OK
INFO:     127.0.0.1:42080 - "GET /answer_sheets/60/1778142130_python%E7%AD%94%E9%A2%98%E5%8D%A1_90_processed.png?r=0.18917149958626067 HTTP/1.1" 200 OK
INFO:     127.0.0.1:42068 - "GET /answer_sheets/60/1778142130_python%E7%AD%94%E9%A2%98%E5%8D%A1_91_processed.png?r=0.1903401951169721 HTTP/1.1" 200 OK
INFO:     127.0.0.1:42054 - "GET /answer_sheets/60/1778142131_python%E7%AD%94%E9%A2%98%E5%8D%A1_100_processed.png?r=0.40577768889439847 HTTP/1.1" 200 OK
INFO:     127.0.0.1:42028 - "GET /answer_sheets/60/1778142131_python%E7%AD%94%E9%A2%98%E5%8D%A1_101_processed.png?r=0.510908754827103 HTTP/1.1" 200 OK
INFO:     127.0.0.1:42044 - "GET /answer_sheets/60/1778142131_python%E7%AD%94%E9%A2%98%E5%8D%A1_110_processed.png?r=0.5438270043702363 HTTP/1.1" 200 OK
INFO:     127.0.0.1:42022 - "GET /answer_sheets/60/1778142131_python%E7%AD%94%E9%A2%98%E5%8D%A1_111_processed.png?r=0.9166070382151578 HTTP/1.1" 200 OK
INFO:     127.0.0.1:42080 - "GET /answer_sheets/60/1778142132_python%E7%AD%94%E9%A2%98%E5%8D%A1_120_processed.png?r=0.5126438345424981 HTTP/1.1" 200 OK
INFO:     127.0.0.1:42068 - "GET /answer_sheets/60/1778142132_python%E7%AD%94%E9%A2%98%E5%8D%A1_121_processed.png?r=0.6391891264583744 HTTP/1.1" 200 OK
INFO:     127.0.0.1:42022 - "GET /answer_sheets/60/1778142132_python%E7%AD%94%E9%A2%98%E5%8D%A1_130_processed.png?r=0.14945077986126065 HTTP/1.1" 200 OK
INFO:     127.0.0.1:42054 - "GET /answer_sheets/60/1778142133_python%E7%AD%94%E9%A2%98%E5%8D%A1_131_processed.png?r=0.7337994847002397 HTTP/1.1" 200 OK
INFO:     127.0.0.1:42028 - "GET /answer_sheets/60/1778142133_python%E7%AD%94%E9%A2%98%E5%8D%A1_140_processed.png?r=0.9612190275697304 HTTP/1.1" 200 OK
INFO:     127.0.0.1:42044 - "GET /answer_sheets/60/1778142133_python%E7%AD%94%E9%A2%98%E5%8D%A1_141_processed.png?r=0.8213089070440975 HTTP/1.1" 200 OK
INFO:     127.0.0.1:42068 - "GET /answer_sheets/60/1778142134_python%E7%AD%94%E9%A2%98%E5%8D%A1_150_processed.png?r=0.5630792100146912 HTTP/1.1" 200 OK
INFO:     127.0.0.1:42080 - "GET /answer_sheets/60/1778142134_python%E7%AD%94%E9%A2%98%E5%8D%A1_151_processed.png?r=0.1866632321164351 HTTP/1.1" 200 OK
INFO:     127.0.0.1:42054 - "GET /answer_sheets/60/1778142134_python%E7%AD%94%E9%A2%98%E5%8D%A1_160_processed.png?r=0.9383108991055408 HTTP/1.1" 200 OK
INFO:     127.0.0.1:42022 - "GET /answer_sheets/60/1778142134_python%E7%AD%94%E9%A2%98%E5%8D%A1_161_processed.png?r=0.45802072232484237 HTTP/1.1" 200 OK
INFO:     127.0.0.1:42044 - "GET /answer_sheets/60/1778142135_python%E7%AD%94%E9%A2%98%E5%8D%A1_170_processed.png?r=0.6749733568850909 HTTP/1.1" 200 OK
INFO:     127.0.0.1:42068 - "GET /answer_sheets/60/1778142135_python%E7%AD%94%E9%A2%98%E5%8D%A1_171_processed.png?r=0.1017199887425071 HTTP/1.1" 200 OK
INFO:     127.0.0.1:42028 - "GET /answer_sheets/60/1778142135_python%E7%AD%94%E9%A2%98%E5%8D%A1_180_processed.png?r=0.05804593784791778 HTTP/1.1" 200 OK
INFO:     127.0.0.1:42080 - "GET /answer_sheets/60/1778142135_python%E7%AD%94%E9%A2%98%E5%8D%A1_181_processed.png?r=0.7427850110298658 HTTP/1.1" 200 OK
INFO:     127.0.0.1:42054 - "GET /answer_sheets/60/1778142136_python%E7%AD%94%E9%A2%98%E5%8D%A1_190_processed.png?r=0.2262887403173529 HTTP/1.1" 200 OK
INFO:     127.0.0.1:42022 - "GET /answer_sheets/60/1778142136_python%E7%AD%94%E9%A2%98%E5%8D%A1_200_processed.png?r=0.48249666428148197 HTTP/1.1" 200 OK
INFO:     127.0.0.1:42044 - "GET /answer_sheets/60/1778142136_python%E7%AD%94%E9%A2%98%E5%8D%A1_191_processed.png?r=0.034006895014561556 HTTP/1.1" 200 OK
INFO:     127.0.0.1:42028 - "GET /answer_sheets/60/1778142136_python%E7%AD%94%E9%A2%98%E5%8D%A1_201_processed.png?r=0.8290515688357446 HTTP/1.1" 200 OK
INFO:     127.0.0.1:42080 - "GET /answer_sheets/60/1778142137_python%E7%AD%94%E9%A2%98%E5%8D%A1_210_processed.png?r=0.486597793248692 HTTP/1.1" 200 OK
INFO:     127.0.0.1:42068 - "GET /answer_sheets/60/1778142137_python%E7%AD%94%E9%A2%98%E5%8D%A1_211_processed.png?r=0.39990023980946 HTTP/1.1" 200 OK
INFO:     127.0.0.1:42054 - "GET /answer_sheets/60/1778142138_python%E7%AD%94%E9%A2%98%E5%8D%A1_220_processed.png?r=0.18937086620287524 HTTP/1.1" 200 OK
INFO:     127.0.0.1:42044 - "GET /answer_sheets/60/1778142139_python%E7%AD%94%E9%A2%98%E5%8D%A1_230_processed.png?r=0.41160211798248614 HTTP/1.1" 200 OK
INFO:     127.0.0.1:42068 - "GET /answer_sheets/60/1778142138_python%E7%AD%94%E9%A2%98%E5%8D%A1_221_processed.png?r=0.7745158694958133 HTTP/1.1" 200 OK
INFO:     127.0.0.1:42080 - "GET /answer_sheets/60/1778142139_python%E7%AD%94%E9%A2%98%E5%8D%A1_231_processed.png?r=0.520604721295199 HTTP/1.1" 200 OK
INFO:     127.0.0.1:42028 - "GET /answer_sheets/60/1778142141_python%E7%AD%94%E9%A2%98%E5%8D%A1_240_processed.png?r=0.14588189523623074 HTTP/1.1" 200 OK
INFO:     127.0.0.1:42022 - "GET /answer_sheets/60/1778142141_python%E7%AD%94%E9%A2%98%E5%8D%A1_241_processed.png?r=0.15396759034786411 HTTP/1.1" 200 OK
INFO:     127.0.0.1:42080 - "GET /answer_sheets/60/1778142141_python%E7%AD%94%E9%A2%98%E5%8D%A1_250_processed.png?r=0.41993205659909694 HTTP/1.1" 200 OK
INFO:     127.0.0.1:42054 - "GET /answer_sheets/60/1778142142_python%E7%AD%94%E9%A2%98%E5%8D%A1_251_processed.png?r=0.13857044635228255 HTTP/1.1" 200 OK
INFO:     127.0.0.1:42044 - "GET /answer_sheets/60/1778142142_python%E7%AD%94%E9%A2%98%E5%8D%A1_260_processed.png?r=0.7959720698492556 HTTP/1.1" 200 OK
INFO:     127.0.0.1:42068 - "GET /answer_sheets/60/1778142143_python%E7%AD%94%E9%A2%98%E5%8D%A1_261_processed.png?r=0.053371565007744426 HTTP/1.1" 200 OK
INFO:     127.0.0.1:42028 - "GET /answer_sheets/60/1778142143_python%E7%AD%94%E9%A2%98%E5%8D%A1_270_processed.png?r=0.6814996838546289 HTTP/1.1" 200 OK
INFO:     127.0.0.1:42022 - "GET /answer_sheets/60/1778142144_python%E7%AD%94%E9%A2%98%E5%8D%A1_271_processed.png?r=0.8351909839518404 HTTP/1.1" 200 OK
INFO:     127.0.0.1:42022 - "GET /answer_sheets/60/1778142148_python%E7%AD%94%E9%A2%98%E5%8D%A1_280_processed.png?r=0.0807248218009583 HTTP/1.1" 200 OK
INFO:     127.0.0.1:42080 - "GET /answer_sheets/60/1778142149_python%E7%AD%94%E9%A2%98%E5%8D%A1_281_processed.png?r=0.3977139261379198 HTTP/1.1" 200 OK
INFO:     127.0.0.1:42054 - "GET /answer_sheets/60/1778142149_python%E7%AD%94%E9%A2%98%E5%8D%A1_290_processed.png?r=0.11202871594183772 HTTP/1.1" 200 OK
INFO:     127.0.0.1:42044 - "GET /answer_sheets/60/1778142149_python%E7%AD%94%E9%A2%98%E5%8D%A1_291_processed.png?r=0.07073676085039315 HTTP/1.1" 200 OK
INFO:     127.0.0.1:42068 - "GET /answer_sheets/60/1778142150_python%E7%AD%94%E9%A2%98%E5%8D%A1_300_processed.png?r=0.3375296439144052 HTTP/1.1" 200 OK
INFO:     127.0.0.1:42028 - "GET /answer_sheets/60/1778142150_python%E7%AD%94%E9%A2%98%E5%8D%A1_301_processed.png?r=0.6267972760543306 HTTP/1.1" 200 OK
INFO:     127.0.0.1:42022 - "GET /answer_sheets/60/1778142150_python%E7%AD%94%E9%A2%98%E5%8D%A1_310_processed.png?r=0.3178735383951423 HTTP/1.1" 200 OK
INFO:     127.0.0.1:42028 - "GET /answer_sheets/60/1778142150_python%E7%AD%94%E9%A2%98%E5%8D%A1_311_processed.png?r=0.6283076927376101 HTTP/1.1" 200 OK
INFO:     127.0.0.1:42080 - "GET /answer_sheets/60/1778142151_python%E7%AD%94%E9%A2%98%E5%8D%A1_320_processed.png?r=0.7040215568813191 HTTP/1.1" 200 OK
INFO:     127.0.0.1:42054 - "GET /answer_sheets/60/1778142151_python%E7%AD%94%E9%A2%98%E5%8D%A1_321_processed.png?r=0.7316378615993534 HTTP/1.1" 200 OK
INFO:     127.0.0.1:42044 - "GET /answer_sheets/60/1778142151_python%E7%AD%94%E9%A2%98%E5%8D%A1_330_processed.png?r=0.9166982937000996 HTTP/1.1" 200 OK
INFO:     127.0.0.1:42068 - "GET /answer_sheets/60/1778142151_python%E7%AD%94%E9%A2%98%E5%8D%A1_331_processed.png?r=0.7115071428798843 HTTP/1.1" 200 OK
INFO:     127.0.0.1:42022 - "GET /answer_sheets/60/1778142151_python%E7%AD%94%E9%A2%98%E5%8D%A1_340_processed.png?r=0.8347288799842981 HTTP/1.1" 200 OK
INFO:     127.0.0.1:42028 - "GET /answer_sheets/60/1778142152_python%E7%AD%94%E9%A2%98%E5%8D%A1_341_processed.png?r=0.2086205585555736 HTTP/1.1" 200 OK
INFO:     127.0.0.1:42080 - "GET /answer_sheets/60/1778142152_python%E7%AD%94%E9%A2%98%E5%8D%A1_350_processed.png?r=0.1259612741284124 HTTP/1.1" 200 OK
INFO:     127.0.0.1:42054 - "GET /answer_sheets/60/1778142152_python%E7%AD%94%E9%A2%98%E5%8D%A1_351_processed.png?r=0.796663984123912 HTTP/1.1" 200 OK
INFO:     127.0.0.1:42054 - "GET /answer_sheets/60/1778142154_python%E7%AD%94%E9%A2%98%E5%8D%A1_361_processed.png?r=0.24838394113832585 HTTP/1.1" 200 OK
INFO:     127.0.0.1:42044 - "GET /answer_sheets/60/1778142153_python%E7%AD%94%E9%A2%98%E5%8D%A1_360_processed.png?r=0.5605907010912309 HTTP/1.1" 200 OK
INFO:     127.0.0.1:42068 - "GET /answer_sheets/60/1778142154_python%E7%AD%94%E9%A2%98%E5%8D%A1_370_processed.png?r=0.15049440156917193 HTTP/1.1" 200 OK
INFO:     127.0.0.1:42022 - "GET /answer_sheets/60/1778142155_python%E7%AD%94%E9%A2%98%E5%8D%A1_371_processed.png?r=0.1290903365639413 HTTP/1.1" 200 OK
INFO:     127.0.0.1:42028 - "GET /answer_sheets/60/1778142155_python%E7%AD%94%E9%A2%98%E5%8D%A1_380_processed.png?r=0.2174479080761813 HTTP/1.1" 200 OK
INFO:     127.0.0.1:42080 - "GET /answer_sheets/60/1778142156_python%E7%AD%94%E9%A2%98%E5%8D%A1_381_processed.png?r=0.20782940163593555 HTTP/1.1" 200 OK
INFO:     127.0.0.1:42044 - "GET /answer_sheets/60/1778142156_python%E7%AD%94%E9%A2%98%E5%8D%A1_390_processed.png?r=0.3271492227257389 HTTP/1.1" 200 OK
INFO:     127.0.0.1:42054 - "GET /answer_sheets/60/1778142156_python%E7%AD%94%E9%A2%98%E5%8D%A1_391_processed.png?r=0.7129730694134048 HTTP/1.1" 200 OK
INFO:     127.0.0.1:42068 - "GET /answer_sheets/60/1778142157_python%E7%AD%94%E9%A2%98%E5%8D%A1_400_processed.png?r=0.49045912609618003 HTTP/1.1" 200 OK
INFO:     127.0.0.1:42022 - "GET /answer_sheets/60/1778142157_python%E7%AD%94%E9%A2%98%E5%8D%A1_401_processed.png?r=0.835172883866207 HTTP/1.1" 200 OK
INFO:     127.0.0.1:42028 - "GET /answer_sheets/60/1778142157_python%E7%AD%94%E9%A2%98%E5%8D%A1_410_processed.png?r=0.520840672378182 HTTP/1.1" 200 OK
INFO:     127.0.0.1:42080 - "GET /answer_sheets/60/1778142158_python%E7%AD%94%E9%A2%98%E5%8D%A1_411_processed.png?r=0.3001323246542431 HTTP/1.1" 200 OK
INFO:     127.0.0.1:42044 - "GET /answer_sheets/60/1778142158_python%E7%AD%94%E9%A2%98%E5%8D%A1_420_processed.png?r=0.9271857896319003 HTTP/1.1" 200 OK
INFO:     127.0.0.1:42054 - "GET /answer_sheets/60/1778142158_python%E7%AD%94%E9%A2%98%E5%8D%A1_421_processed.png?r=0.8707638654806948 HTTP/1.1" 200 OK
INFO:     127.0.0.1:42068 - "GET /answer_sheets/60/1778142159_python%E7%AD%94%E9%A2%98%E5%8D%A1_430_processed.png?r=0.22789662002645794 HTTP/1.1" 200 OK
INFO:     127.0.0.1:42022 - "GET /answer_sheets/60/1778142159_python%E7%AD%94%E9%A2%98%E5%8D%A1_440_processed.png?r=0.08242030103662323 HTTP/1.1" 200 OK
INFO:     127.0.0.1:42028 - "GET /answer_sheets/60/1778142159_python%E7%AD%94%E9%A2%98%E5%8D%A1_431_processed.png?r=0.9636549182675243 HTTP/1.1" 200 OK
INFO:     127.0.0.1:42080 - "GET /answer_sheets/60/1778142160_python%E7%AD%94%E9%A2%98%E5%8D%A1_441_processed.png?r=0.5594585616440336 HTTP/1.1" 200 OK
INFO:     127.0.0.1:42044 - "GET /answer_sheets/60/1778142160_python%E7%AD%94%E9%A2%98%E5%8D%A1_450_processed.png?r=0.49606336519504723 HTTP/1.1" 200 OK
INFO:     127.0.0.1:42054 - "GET /answer_sheets/60/1778142160_python%E7%AD%94%E9%A2%98%E5%8D%A1_451_processed.png?r=0.39001340230073867 HTTP/1.1" 200 OK
INFO:     127.0.0.1:42068 - "GET /answer_sheets/60/1778142161_python%E7%AD%94%E9%A2%98%E5%8D%A1_460_processed.png?r=0.9747479051887545 HTTP/1.1" 200 OK
INFO:     127.0.0.1:42054 - "GET /answer_sheets/60/1778142162_python%E7%AD%94%E9%A2%98%E5%8D%A1_461_processed.png?r=0.3513672557776655 HTTP/1.1" 200 OK
INFO:     127.0.0.1:42028 - "GET /answer_sheets/60/1778142162_python%E7%AD%94%E9%A2%98%E5%8D%A1_470_processed.png?r=0.764224684225905 HTTP/1.1" 200 OK
INFO:     127.0.0.1:42022 - "GET /answer_sheets/60/1778142162_python%E7%AD%94%E9%A2%98%E5%8D%A1_471_processed.png?r=0.004667442057786242 HTTP/1.1" 200 OK
INFO:     127.0.0.1:42080 - "GET /answer_sheets/60/1778142162_python%E7%AD%94%E9%A2%98%E5%8D%A1_480_processed.png?r=0.28514564522405406 HTTP/1.1" 200 OK
INFO:     127.0.0.1:42044 - "GET /answer_sheets/60/1778142163_python%E7%AD%94%E9%A2%98%E5%8D%A1_481_processed.png?r=0.6899780822807324 HTTP/1.1" 200 OK
INFO:     127.0.0.1:42068 - "GET /answer_sheets/60/1778142163_python%E7%AD%94%E9%A2%98%E5%8D%A1_490_processed.png?r=0.6373917146025645 HTTP/1.1" 200 OK
INFO:     127.0.0.1:42054 - "GET /answer_sheets/60/1778142163_python%E7%AD%94%E9%A2%98%E5%8D%A1_491_processed.png?r=0.4979631244621672 HTTP/1.1" 200 OK
INFO:     127.0.0.1:42028 - "GET /answer_sheets/60/1778142163_python%E7%AD%94%E9%A2%98%E5%8D%A1_500_processed.png?r=0.37627988868449647 HTTP/1.1" 200 OK
INFO:     127.0.0.1:42022 - "GET /answer_sheets/60/1778142164_python%E7%AD%94%E9%A2%98%E5%8D%A1_501_processed.png?r=0.08646002887565496 HTTP/1.1" 200 OK
INFO:     127.0.0.1:42080 - "GET /answer_sheets/60/1778142164_python%E7%AD%94%E9%A2%98%E5%8D%A1_510_processed.png?r=0.2386738698483657 HTTP/1.1" 200 OK
INFO:     127.0.0.1:42068 - "GET /answer_sheets/60/1778142164_python%E7%AD%94%E9%A2%98%E5%8D%A1_511_processed.png?r=0.3654390896227717 HTTP/1.1" 200 OK
INFO:     127.0.0.1:42044 - "GET /answer_sheets/60/1778142164_python%E7%AD%94%E9%A2%98%E5%8D%A1_520_processed.png?r=0.904634143642193 HTTP/1.1" 200 OK
INFO:     127.0.0.1:42054 - "GET /answer_sheets/60/1778142165_python%E7%AD%94%E9%A2%98%E5%8D%A1_521_processed.png?r=0.5580444244241172 HTTP/1.1" 200 OK
INFO:     127.0.0.1:42028 - "GET /answer_sheets/60/1778142165_python%E7%AD%94%E9%A2%98%E5%8D%A1_530_processed.png?r=0.7323311326678318 HTTP/1.1" 200 OK
INFO:     127.0.0.1:42022 - "GET /answer_sheets/60/1778142166_python%E7%AD%94%E9%A2%98%E5%8D%A1_531_processed.png?r=0.14385903246525011 HTTP/1.1" 200 OK
INFO:     127.0.0.1:42080 - "GET /answer_sheets/60/1778142166_python%E7%AD%94%E9%A2%98%E5%8D%A1_540_processed.png?r=0.32123968348118026 HTTP/1.1" 200 OK
INFO:     127.0.0.1:42054 - "GET /answer_sheets/60/1778142166_python%E7%AD%94%E9%A2%98%E5%8D%A1_541_processed.png?r=0.1482294680416698 HTTP/1.1" 200 OK
INFO:     127.0.0.1:42028 - "GET /answer_sheets/60/1778142166_python%E7%AD%94%E9%A2%98%E5%8D%A1_550_processed.png?r=0.4269327420233032 HTTP/1.1" 200 OK
INFO:     127.0.0.1:42068 - "GET /answer_sheets/60/1778142167_python%E7%AD%94%E9%A2%98%E5%8D%A1_551_processed.png?r=0.9232827010465889 HTTP/1.1" 200 OK
INFO:     127.0.0.1:42022 - "GET /answer_sheets/60/1778142167_python%E7%AD%94%E9%A2%98%E5%8D%A1_560_processed.png?r=0.6495799011130189 HTTP/1.1" 200 OK
INFO:     127.0.0.1:42044 - "GET /answer_sheets/60/1778142167_python%E7%AD%94%E9%A2%98%E5%8D%A1_561_processed.png?r=0.6171263886149199 HTTP/1.1" 200 OK
INFO:     127.0.0.1:42028 - "GET /answer_sheets/60/1778142167_python%E7%AD%94%E9%A2%98%E5%8D%A1_570_processed.png?r=0.5301605090072387 HTTP/1.1" 200 OK
INFO:     127.0.0.1:42080 - "GET /answer_sheets/60/1778142168_python%E7%AD%94%E9%A2%98%E5%8D%A1_571_processed.png?r=0.5089987071368038 HTTP/1.1" 200 OK
INFO:     127.0.0.1:42054 - "GET /answer_sheets/60/1778142168_python%E7%AD%94%E9%A2%98%E5%8D%A1_580_processed.png?r=0.058843144931120084 HTTP/1.1" 200 OK
INFO:     127.0.0.1:42068 - "GET /answer_sheets/60/1778142169_python%E7%AD%94%E9%A2%98%E5%8D%A1_581_processed.png?r=0.8030256923789295 HTTP/1.1" 200 OK
INFO:     127.0.0.1:42022 - "GET /answer_sheets/60/1778142169_python%E7%AD%94%E9%A2%98%E5%8D%A1_590_processed.png?r=0.591005038572755 HTTP/1.1" 200 OK
INFO:     127.0.0.1:42044 - "GET /answer_sheets/60/1778142170_python%E7%AD%94%E9%A2%98%E5%8D%A1_591_processed.png?r=0.3884402912658109 HTTP/1.1" 200 OK
INFO:     127.0.0.1:49048 - "GET /answer_sheets/60/1778142124_python%E7%AD%94%E9%A2%98%E5%8D%A1_00_processed.png?r=0.4405666163003682 HTTP/1.1" 200 OK
INFO:     127.0.0.1:49060 - "GET /answer_sheets/60/1778142125_python%E7%AD%94%E9%A2%98%E5%8D%A1_01_processed.png?r=0.2153171255617462 HTTP/1.1" 200 OK
INFO:     127.0.0.1:49074 - "GET /answer_sheets/60/1778142125_python%E7%AD%94%E9%A2%98%E5%8D%A1_20_processed.png?r=0.625511494444043 HTTP/1.1" 200 OK
INFO:     127.0.0.1:49076 - "GET /answer_sheets/60/1778142126_python%E7%AD%94%E9%A2%98%E5%8D%A1_21_processed.png?r=0.489430268950108 HTTP/1.1" 200 OK
INFO:     127.0.0.1:49084 - "GET /answer_sheets/60/1778142126_python%E7%AD%94%E9%A2%98%E5%8D%A1_30_processed.png?r=0.25083597146456815 HTTP/1.1" 200 OK
INFO:     127.0.0.1:49100 - "GET /answer_sheets/60/1778142127_python%E7%AD%94%E9%A2%98%E5%8D%A1_31_processed.png?r=0.021331080085290166 HTTP/1.1" 200 OK
INFO:     127.0.0.1:49100 - "GET /answer_sheets/60/1778142125_python%E7%AD%94%E9%A2%98%E5%8D%A1_10_processed.png?r=0.1587181360358486 HTTP/1.1" 200 OK
INFO:     127.0.0.1:49076 - "GET /answer_sheets/60/1778142125_python%E7%AD%94%E9%A2%98%E5%8D%A1_11_processed.png?r=0.06803558126004705 HTTP/1.1" 200 OK
INFO:     127.0.0.1:49060 - "GET /answer_sheets/60/1778142127_python%E7%AD%94%E9%A2%98%E5%8D%A1_40_processed.png?r=0.5016441676766932 HTTP/1.1" 200 OK
INFO:     127.0.0.1:49048 - "GET /answer_sheets/60/1778142127_python%E7%AD%94%E9%A2%98%E5%8D%A1_41_processed.png?r=0.6121469527769684 HTTP/1.1" 200 OK
INFO:     127.0.0.1:49074 - "GET /answer_sheets/60/1778142128_python%E7%AD%94%E9%A2%98%E5%8D%A1_50_processed.png?r=0.476848409406917 HTTP/1.1" 200 OK
INFO:     127.0.0.1:49084 - "GET /answer_sheets/60/1778142128_python%E7%AD%94%E9%A2%98%E5%8D%A1_51_processed.png?r=0.11572036128717966 HTTP/1.1" 200 OK
INFO:     127.0.0.1:49060 - "GET /answer_sheets/60/1778142128_python%E7%AD%94%E9%A2%98%E5%8D%A1_60_processed.png?r=0.01998416866831798 HTTP/1.1" 200 OK
INFO:     127.0.0.1:49076 - "GET /answer_sheets/60/1778142128_python%E7%AD%94%E9%A2%98%E5%8D%A1_61_processed.png?r=0.06084107231174107 HTTP/1.1" 200 OK
INFO:     127.0.0.1:49084 - "GET /answer_sheets/60/1778142129_python%E7%AD%94%E9%A2%98%E5%8D%A1_70_processed.png?r=0.8870471885312806 HTTP/1.1" 200 OK
INFO:     127.0.0.1:49100 - "GET /answer_sheets/60/1778142129_python%E7%AD%94%E9%A2%98%E5%8D%A1_71_processed.png?r=0.688580498690452 HTTP/1.1" 200 OK
INFO:     127.0.0.1:49048 - "GET /answer_sheets/60/1778142129_python%E7%AD%94%E9%A2%98%E5%8D%A1_80_processed.png?r=0.9299685811288221 HTTP/1.1" 200 OK
INFO:     127.0.0.1:49074 - "GET /answer_sheets/60/1778142129_python%E7%AD%94%E9%A2%98%E5%8D%A1_81_processed.png?r=0.5837715452624601 HTTP/1.1" 200 OK
INFO:     127.0.0.1:49060 - "GET /answer_sheets/60/1778142130_python%E7%AD%94%E9%A2%98%E5%8D%A1_90_processed.png?r=0.7805671256140226 HTTP/1.1" 200 OK
INFO:     127.0.0.1:49076 - "GET /answer_sheets/60/1778142130_python%E7%AD%94%E9%A2%98%E5%8D%A1_91_processed.png?r=0.13114046267840962 HTTP/1.1" 200 OK
INFO:     127.0.0.1:49084 - "GET /answer_sheets/60/1778142131_python%E7%AD%94%E9%A2%98%E5%8D%A1_100_processed.png?r=0.23569475145194363 HTTP/1.1" 200 OK
INFO:     127.0.0.1:49100 - "GET /answer_sheets/60/1778142131_python%E7%AD%94%E9%A2%98%E5%8D%A1_101_processed.png?r=0.6767931666657084 HTTP/1.1" 200 OK
INFO:     127.0.0.1:49048 - "GET /answer_sheets/60/1778142131_python%E7%AD%94%E9%A2%98%E5%8D%A1_110_processed.png?r=0.24575578327777925 HTTP/1.1" 200 OK
INFO:     127.0.0.1:49074 - "GET /answer_sheets/60/1778142131_python%E7%AD%94%E9%A2%98%E5%8D%A1_111_processed.png?r=0.5962189412553892 HTTP/1.1" 200 OK
INFO:     127.0.0.1:49076 - "GET /answer_sheets/60/1778142132_python%E7%AD%94%E9%A2%98%E5%8D%A1_120_processed.png?r=0.665817163289539 HTTP/1.1" 200 OK
INFO:     127.0.0.1:49060 - "GET /answer_sheets/60/1778142132_python%E7%AD%94%E9%A2%98%E5%8D%A1_121_processed.png?r=0.381284751599813 HTTP/1.1" 200 OK
INFO:     127.0.0.1:49100 - "GET /answer_sheets/60/1778142132_python%E7%AD%94%E9%A2%98%E5%8D%A1_130_processed.png?r=0.18604129950169102 HTTP/1.1" 200 OK
INFO:     127.0.0.1:49074 - "GET /answer_sheets/60/1778142133_python%E7%AD%94%E9%A2%98%E5%8D%A1_131_processed.png?r=0.8568148696421746 HTTP/1.1" 200 OK
INFO:     127.0.0.1:49084 - "GET /answer_sheets/60/1778142133_python%E7%AD%94%E9%A2%98%E5%8D%A1_140_processed.png?r=0.1576926171127302 HTTP/1.1" 200 OK
INFO:     127.0.0.1:49048 - "GET /answer_sheets/60/1778142133_python%E7%AD%94%E9%A2%98%E5%8D%A1_141_processed.png?r=0.3238595919060512 HTTP/1.1" 200 OK
INFO:     127.0.0.1:49076 - "GET /answer_sheets/60/1778142134_python%E7%AD%94%E9%A2%98%E5%8D%A1_150_processed.png?r=0.9372490292397865 HTTP/1.1" 200 OK
INFO:     127.0.0.1:49060 - "GET /answer_sheets/60/1778142134_python%E7%AD%94%E9%A2%98%E5%8D%A1_151_processed.png?r=0.3424072440811432 HTTP/1.1" 200 OK
INFO:     127.0.0.1:49074 - "GET /answer_sheets/60/1778142134_python%E7%AD%94%E9%A2%98%E5%8D%A1_160_processed.png?r=0.7124266412701 HTTP/1.1" 200 OK
INFO:     127.0.0.1:49048 - "GET /answer_sheets/60/1778142135_python%E7%AD%94%E9%A2%98%E5%8D%A1_170_processed.png?r=0.19655209771055826 HTTP/1.1" 200 OK
INFO:     127.0.0.1:49100 - "GET /answer_sheets/60/1778142134_python%E7%AD%94%E9%A2%98%E5%8D%A1_161_processed.png?r=0.40824604487197647 HTTP/1.1" 200 OK
INFO:     127.0.0.1:49084 - "GET /answer_sheets/60/1778142135_python%E7%AD%94%E9%A2%98%E5%8D%A1_171_processed.png?r=0.8344012588849508 HTTP/1.1" 200 OK
INFO:     127.0.0.1:49076 - "GET /answer_sheets/60/1778142135_python%E7%AD%94%E9%A2%98%E5%8D%A1_180_processed.png?r=0.5242984150789523 HTTP/1.1" 200 OK
INFO:     127.0.0.1:49060 - "GET /answer_sheets/60/1778142135_python%E7%AD%94%E9%A2%98%E5%8D%A1_181_processed.png?r=0.4567733126130603 HTTP/1.1" 200 OK
INFO:     127.0.0.1:49074 - "GET /answer_sheets/60/1778142136_python%E7%AD%94%E9%A2%98%E5%8D%A1_190_processed.png?r=0.8275127414979875 HTTP/1.1" 200 OK
INFO:     127.0.0.1:49100 - "GET /answer_sheets/60/1778142136_python%E7%AD%94%E9%A2%98%E5%8D%A1_191_processed.png?r=0.6527897006521833 HTTP/1.1" 200 OK
INFO:     127.0.0.1:49084 - "GET /answer_sheets/60/1778142136_python%E7%AD%94%E9%A2%98%E5%8D%A1_200_processed.png?r=0.9570630107907587 HTTP/1.1" 200 OK
INFO:     127.0.0.1:49048 - "GET /answer_sheets/60/1778142136_python%E7%AD%94%E9%A2%98%E5%8D%A1_201_processed.png?r=0.6341710814812603 HTTP/1.1" 200 OK
INFO:     127.0.0.1:49076 - "GET /answer_sheets/60/1778142137_python%E7%AD%94%E9%A2%98%E5%8D%A1_210_processed.png?r=0.7136465354470178 HTTP/1.1" 200 OK
INFO:     127.0.0.1:49060 - "GET /answer_sheets/60/1778142137_python%E7%AD%94%E9%A2%98%E5%8D%A1_211_processed.png?r=0.8033717573013502 HTTP/1.1" 200 OK
INFO:     127.0.0.1:49100 - "GET /answer_sheets/60/1778142138_python%E7%AD%94%E9%A2%98%E5%8D%A1_220_processed.png?r=0.6637012553109921 HTTP/1.1" 200 OK
INFO:     127.0.0.1:49074 - "GET /answer_sheets/60/1778142138_python%E7%AD%94%E9%A2%98%E5%8D%A1_221_processed.png?r=0.2289921183196474 HTTP/1.1" 200 OK
INFO:     127.0.0.1:49048 - "GET /answer_sheets/60/1778142139_python%E7%AD%94%E9%A2%98%E5%8D%A1_230_processed.png?r=0.9111777733554105 HTTP/1.1" 200 OK
INFO:     127.0.0.1:49084 - "GET /answer_sheets/60/1778142139_python%E7%AD%94%E9%A2%98%E5%8D%A1_231_processed.png?r=0.9737849793371678 HTTP/1.1" 200 OK
INFO:     127.0.0.1:49076 - "GET /answer_sheets/60/1778142141_python%E7%AD%94%E9%A2%98%E5%8D%A1_240_processed.png?r=0.5945640244491528 HTTP/1.1" 200 OK
INFO:     127.0.0.1:49060 - "GET /answer_sheets/60/1778142141_python%E7%AD%94%E9%A2%98%E5%8D%A1_250_processed.png?r=0.5790041654754627 HTTP/1.1" 200 OK
INFO:     127.0.0.1:49100 - "GET /answer_sheets/60/1778142141_python%E7%AD%94%E9%A2%98%E5%8D%A1_241_processed.png?r=0.22675735732544366 HTTP/1.1" 200 OK
INFO:     127.0.0.1:49074 - "GET /answer_sheets/60/1778142142_python%E7%AD%94%E9%A2%98%E5%8D%A1_251_processed.png?r=0.6735359794694467 HTTP/1.1" 200 OK
INFO:     127.0.0.1:49048 - "GET /answer_sheets/60/1778142142_python%E7%AD%94%E9%A2%98%E5%8D%A1_260_processed.png?r=0.23592899175725446 HTTP/1.1" 200 OK
INFO:     127.0.0.1:49084 - "GET /answer_sheets/60/1778142143_python%E7%AD%94%E9%A2%98%E5%8D%A1_261_processed.png?r=0.3794905721706674 HTTP/1.1" 200 OK
INFO:     127.0.0.1:49076 - "GET /answer_sheets/60/1778142143_python%E7%AD%94%E9%A2%98%E5%8D%A1_270_processed.png?r=0.18866147684327017 HTTP/1.1" 200 OK
INFO:     127.0.0.1:49100 - "GET /answer_sheets/60/1778142144_python%E7%AD%94%E9%A2%98%E5%8D%A1_271_processed.png?r=0.6924610891739351 HTTP/1.1" 200 OK
INFO:     127.0.0.1:49074 - "GET /answer_sheets/60/1778142148_python%E7%AD%94%E9%A2%98%E5%8D%A1_280_processed.png?r=0.3268255688418247 HTTP/1.1" 200 OK
INFO:     127.0.0.1:49060 - "GET /answer_sheets/60/1778142149_python%E7%AD%94%E9%A2%98%E5%8D%A1_281_processed.png?r=0.43288526854759957 HTTP/1.1" 200 OK
INFO:     127.0.0.1:49084 - "GET /answer_sheets/60/1778142149_python%E7%AD%94%E9%A2%98%E5%8D%A1_290_processed.png?r=0.4934259190756448 HTTP/1.1" 200 OK
INFO:     127.0.0.1:49048 - "GET /answer_sheets/60/1778142149_python%E7%AD%94%E9%A2%98%E5%8D%A1_291_processed.png?r=0.7831001603161477 HTTP/1.1" 200 OK
INFO:     127.0.0.1:49100 - "GET /answer_sheets/60/1778142150_python%E7%AD%94%E9%A2%98%E5%8D%A1_300_processed.png?r=0.5975573878664385 HTTP/1.1" 200 OK
INFO:     127.0.0.1:49076 - "GET /answer_sheets/60/1778142150_python%E7%AD%94%E9%A2%98%E5%8D%A1_301_processed.png?r=0.23404019537393395 HTTP/1.1" 200 OK
INFO:     127.0.0.1:49084 - "GET /answer_sheets/60/1778142150_python%E7%AD%94%E9%A2%98%E5%8D%A1_310_processed.png?r=0.4502769930241455 HTTP/1.1" 200 OK
INFO:     127.0.0.1:49048 - "GET /answer_sheets/60/1778142150_python%E7%AD%94%E9%A2%98%E5%8D%A1_311_processed.png?r=0.7407190228044278 HTTP/1.1" 200 OK
INFO:     127.0.0.1:49074 - "GET /answer_sheets/60/1778142151_python%E7%AD%94%E9%A2%98%E5%8D%A1_320_processed.png?r=0.9725481656517105 HTTP/1.1" 200 OK
INFO:     127.0.0.1:49076 - "GET /answer_sheets/60/1778142151_python%E7%AD%94%E9%A2%98%E5%8D%A1_321_processed.png?r=0.7231884621221586 HTTP/1.1" 200 OK
INFO:     127.0.0.1:49060 - "GET /answer_sheets/60/1778142151_python%E7%AD%94%E9%A2%98%E5%8D%A1_330_processed.png?r=0.4498910526754599 HTTP/1.1" 200 OK
INFO:     127.0.0.1:49100 - "GET /answer_sheets/60/1778142151_python%E7%AD%94%E9%A2%98%E5%8D%A1_331_processed.png?r=0.0693033078633557 HTTP/1.1" 200 OK
INFO:     127.0.0.1:49084 - "GET /answer_sheets/60/1778142151_python%E7%AD%94%E9%A2%98%E5%8D%A1_340_processed.png?r=0.8023040251029149 HTTP/1.1" 200 OK
INFO:     127.0.0.1:49048 - "GET /answer_sheets/60/1778142152_python%E7%AD%94%E9%A2%98%E5%8D%A1_341_processed.png?r=0.5368960469861387 HTTP/1.1" 200 OK
INFO:     127.0.0.1:49074 - "GET /answer_sheets/60/1778142152_python%E7%AD%94%E9%A2%98%E5%8D%A1_350_processed.png?r=0.5498622395569135 HTTP/1.1" 200 OK
INFO:     127.0.0.1:49076 - "GET /answer_sheets/60/1778142152_python%E7%AD%94%E9%A2%98%E5%8D%A1_351_processed.png?r=0.7528687992712315 HTTP/1.1" 200 OK
INFO:     127.0.0.1:49060 - "GET /answer_sheets/60/1778142153_python%E7%AD%94%E9%A2%98%E5%8D%A1_360_processed.png?r=0.910316919627516 HTTP/1.1" 200 OK
INFO:     127.0.0.1:49100 - "GET /answer_sheets/60/1778142154_python%E7%AD%94%E9%A2%98%E5%8D%A1_361_processed.png?r=0.7547946683701086 HTTP/1.1" 200 OK
INFO:     127.0.0.1:49076 - "GET /answer_sheets/60/1778142154_python%E7%AD%94%E9%A2%98%E5%8D%A1_370_processed.png?r=0.09527102125157028 HTTP/1.1" 200 OK
INFO:     127.0.0.1:49048 - "GET /answer_sheets/60/1778142155_python%E7%AD%94%E9%A2%98%E5%8D%A1_371_processed.png?r=0.8501254904544954 HTTP/1.1" 200 OK
INFO:     127.0.0.1:49084 - "GET /answer_sheets/60/1778142155_python%E7%AD%94%E9%A2%98%E5%8D%A1_380_processed.png?r=0.749638437609012 HTTP/1.1" 200 OK
INFO:     127.0.0.1:49074 - "GET /answer_sheets/60/1778142156_python%E7%AD%94%E9%A2%98%E5%8D%A1_381_processed.png?r=0.40671390244114836 HTTP/1.1" 200 OK
INFO:     127.0.0.1:49060 - "GET /answer_sheets/60/1778142156_python%E7%AD%94%E9%A2%98%E5%8D%A1_390_processed.png?r=0.14419633303663149 HTTP/1.1" 200 OK
INFO:     127.0.0.1:49100 - "GET /answer_sheets/60/1778142156_python%E7%AD%94%E9%A2%98%E5%8D%A1_391_processed.png?r=0.37421862922697546 HTTP/1.1" 200 OK
INFO:     127.0.0.1:49076 - "GET /answer_sheets/60/1778142157_python%E7%AD%94%E9%A2%98%E5%8D%A1_400_processed.png?r=0.9188461079752196 HTTP/1.1" 200 OK
INFO:     127.0.0.1:49084 - "GET /answer_sheets/60/1778142157_python%E7%AD%94%E9%A2%98%E5%8D%A1_401_processed.png?r=0.1412429365955543 HTTP/1.1" 200 OK
INFO:     127.0.0.1:49048 - "GET /answer_sheets/60/1778142158_python%E7%AD%94%E9%A2%98%E5%8D%A1_411_processed.png?r=0.20002648185725902 HTTP/1.1" 200 OK
INFO:     127.0.0.1:49074 - "GET /answer_sheets/60/1778142157_python%E7%AD%94%E9%A2%98%E5%8D%A1_410_processed.png?r=0.09511952121625178 HTTP/1.1" 200 OK
INFO:     127.0.0.1:49100 - "GET /answer_sheets/60/1778142158_python%E7%AD%94%E9%A2%98%E5%8D%A1_420_processed.png?r=0.09408235607233573 HTTP/1.1" 200 OK
INFO:     127.0.0.1:49060 - "GET /answer_sheets/60/1778142158_python%E7%AD%94%E9%A2%98%E5%8D%A1_421_processed.png?r=0.6533883709934354 HTTP/1.1" 200 OK
INFO:     127.0.0.1:49076 - "GET /answer_sheets/60/1778142159_python%E7%AD%94%E9%A2%98%E5%8D%A1_430_processed.png?r=0.023160514060143522 HTTP/1.1" 200 OK
INFO:     127.0.0.1:49048 - "GET /answer_sheets/60/1778142159_python%E7%AD%94%E9%A2%98%E5%8D%A1_440_processed.png?r=0.593389254319753 HTTP/1.1" 200 OK
INFO:     127.0.0.1:49084 - "GET /answer_sheets/60/1778142159_python%E7%AD%94%E9%A2%98%E5%8D%A1_431_processed.png?r=0.7866405738897735 HTTP/1.1" 200 OK
INFO:     127.0.0.1:49074 - "GET /answer_sheets/60/1778142160_python%E7%AD%94%E9%A2%98%E5%8D%A1_441_processed.png?r=0.26285058015321194 HTTP/1.1" 200 OK
INFO:     127.0.0.1:49060 - "GET /answer_sheets/60/1778142160_python%E7%AD%94%E9%A2%98%E5%8D%A1_450_processed.png?r=0.16407102456781353 HTTP/1.1" 200 OK
INFO:     127.0.0.1:49100 - "GET /answer_sheets/60/1778142160_python%E7%AD%94%E9%A2%98%E5%8D%A1_451_processed.png?r=0.1323480889327674 HTTP/1.1" 200 OK
INFO:     127.0.0.1:49084 - "GET /answer_sheets/60/1778142161_python%E7%AD%94%E9%A2%98%E5%8D%A1_460_processed.png?r=0.45824175947350043 HTTP/1.1" 200 OK
INFO:     127.0.0.1:49100 - "GET /answer_sheets/60/1778142162_python%E7%AD%94%E9%A2%98%E5%8D%A1_461_processed.png?r=0.12054292226454688 HTTP/1.1" 200 OK
INFO:     127.0.0.1:49060 - "GET /answer_sheets/60/1778142162_python%E7%AD%94%E9%A2%98%E5%8D%A1_470_processed.png?r=0.14566797123146558 HTTP/1.1" 200 OK
INFO:     127.0.0.1:49074 - "GET /answer_sheets/60/1778142162_python%E7%AD%94%E9%A2%98%E5%8D%A1_471_processed.png?r=0.638582898790776 HTTP/1.1" 200 OK
INFO:     127.0.0.1:49076 - "GET /answer_sheets/60/1778142162_python%E7%AD%94%E9%A2%98%E5%8D%A1_480_processed.png?r=0.24958112752777772 HTTP/1.1" 200 OK
INFO:     127.0.0.1:49048 - "GET /answer_sheets/60/1778142163_python%E7%AD%94%E9%A2%98%E5%8D%A1_481_processed.png?r=0.5811469589014361 HTTP/1.1" 200 OK
INFO:     127.0.0.1:49084 - "GET /answer_sheets/60/1778142163_python%E7%AD%94%E9%A2%98%E5%8D%A1_490_processed.png?r=0.6454725633739394 HTTP/1.1" 200 OK
INFO:     127.0.0.1:49100 - "GET /answer_sheets/60/1778142163_python%E7%AD%94%E9%A2%98%E5%8D%A1_491_processed.png?r=0.16732015001276923 HTTP/1.1" 200 OK
INFO:     127.0.0.1:49074 - "GET /answer_sheets/60/1778142163_python%E7%AD%94%E9%A2%98%E5%8D%A1_500_processed.png?r=0.8674008061826451 HTTP/1.1" 200 OK
INFO:     127.0.0.1:49060 - "GET /answer_sheets/60/1778142164_python%E7%AD%94%E9%A2%98%E5%8D%A1_501_processed.png?r=0.30907337943225577 HTTP/1.1" 200 OK
INFO:     127.0.0.1:49076 - "GET /answer_sheets/60/1778142164_python%E7%AD%94%E9%A2%98%E5%8D%A1_510_processed.png?r=0.29690409035578413 HTTP/1.1" 200 OK
INFO:     127.0.0.1:49048 - "GET /answer_sheets/60/1778142164_python%E7%AD%94%E9%A2%98%E5%8D%A1_511_processed.png?r=0.2098416346821289 HTTP/1.1" 200 OK
INFO:     127.0.0.1:49084 - "GET /answer_sheets/60/1778142164_python%E7%AD%94%E9%A2%98%E5%8D%A1_520_processed.png?r=0.25560859187367024 HTTP/1.1" 200 OK
INFO:     127.0.0.1:49100 - "GET /answer_sheets/60/1778142165_python%E7%AD%94%E9%A2%98%E5%8D%A1_521_processed.png?r=0.379607042549687 HTTP/1.1" 200 OK
INFO:     127.0.0.1:49074 - "GET /answer_sheets/60/1778142165_python%E7%AD%94%E9%A2%98%E5%8D%A1_530_processed.png?r=0.25987340386152347 HTTP/1.1" 200 OK
INFO:     127.0.0.1:49060 - "GET /answer_sheets/60/1778142166_python%E7%AD%94%E9%A2%98%E5%8D%A1_531_processed.png?r=0.34687024574015257 HTTP/1.1" 200 OK
INFO:     127.0.0.1:49100 - "GET /answer_sheets/60/1778142166_python%E7%AD%94%E9%A2%98%E5%8D%A1_540_processed.png?r=0.5350738078211549 HTTP/1.1" 200 OK
INFO:     127.0.0.1:49076 - "GET /answer_sheets/60/1778142166_python%E7%AD%94%E9%A2%98%E5%8D%A1_541_processed.png?r=0.3110906921889419 HTTP/1.1" 200 OK
INFO:     127.0.0.1:49048 - "GET /answer_sheets/60/1778142166_python%E7%AD%94%E9%A2%98%E5%8D%A1_550_processed.png?r=0.6639206247951774 HTTP/1.1" 200 OK
INFO:     127.0.0.1:49084 - "GET /answer_sheets/60/1778142167_python%E7%AD%94%E9%A2%98%E5%8D%A1_551_processed.png?r=0.9427746948398137 HTTP/1.1" 200 OK
INFO:     127.0.0.1:49074 - "GET /answer_sheets/60/1778142167_python%E7%AD%94%E9%A2%98%E5%8D%A1_560_processed.png?r=0.8290625025345125 HTTP/1.1" 200 OK
INFO:     127.0.0.1:49060 - "GET /answer_sheets/60/1778142167_python%E7%AD%94%E9%A2%98%E5%8D%A1_561_processed.png?r=0.26379005650988474 HTTP/1.1" 200 OK
INFO:     127.0.0.1:49100 - "GET /answer_sheets/60/1778142167_python%E7%AD%94%E9%A2%98%E5%8D%A1_570_processed.png?r=0.024190363025228145 HTTP/1.1" 200 OK
INFO:     127.0.0.1:49076 - "GET /answer_sheets/60/1778142168_python%E7%AD%94%E9%A2%98%E5%8D%A1_571_processed.png?r=0.33149414598966587 HTTP/1.1" 200 OK
INFO:     127.0.0.1:49048 - "GET /answer_sheets/60/1778142168_python%E7%AD%94%E9%A2%98%E5%8D%A1_580_processed.png?r=0.1747013190651293 HTTP/1.1" 200 OK
INFO:     127.0.0.1:49084 - "GET /answer_sheets/60/1778142169_python%E7%AD%94%E9%A2%98%E5%8D%A1_581_processed.png?r=0.8760656157528299 HTTP/1.1" 200 OK
INFO:     127.0.0.1:49074 - "GET /answer_sheets/60/1778142169_python%E7%AD%94%E9%A2%98%E5%8D%A1_590_processed.png?r=0.6564984379585782 HTTP/1.1" 200 OK
INFO:     127.0.0.1:49060 - "GET /answer_sheets/60/1778142170_python%E7%AD%94%E9%A2%98%E5%8D%A1_591_processed.png?r=0.34989889604636804 HTTP/1.1" 200 OK
INFO:     127.0.0.1:49100 - "GET /answer_sheets/60/1778142124_python%E7%AD%94%E9%A2%98%E5%8D%A1_00_processed.png?r=0.39715566633202815 HTTP/1.1" 200 OK
2026-05-12 15:14:42,965 INFO sqlalchemy.engine.Engine BEGIN (implicit)
INFO:sqlalchemy.engine.Engine:BEGIN (implicit)
2026-05-12 15:14:42,967 INFO sqlalchemy.engine.Engine SELECT exam_id FROM exams WHERE exam_id = %(exam_id)s
INFO:sqlalchemy.engine.Engine:SELECT exam_id FROM exams WHERE exam_id = %(exam_id)s
2026-05-12 15:14:42,967 INFO sqlalchemy.engine.Engine [cached since 3566s ago] {'exam_id': 60}
INFO:sqlalchemy.engine.Engine:[cached since 3566s ago] {'exam_id': 60}
2026-05-12 15:14:42,974 INFO sqlalchemy.engine.Engine 
                SELECT s.student_id, s.name, s.student_number, s.class as class_name, s.contact_info, s.created_at, s.updated_at, es.sort_order
                FROM students s
                INNER JOIN exam_students es ON s.student_id = es.student_id
                WHERE es.exam_id = %(exam_id)s
                ORDER BY es.sort_order ASC, s.student_number ASC
                
INFO:sqlalchemy.engine.Engine:
                SELECT s.student_id, s.name, s.student_number, s.class as class_name, s.contact_info, s.created_at, s.updated_at, es.sort_order
                FROM students s
                INNER JOIN exam_students es ON s.student_id = es.student_id
                WHERE es.exam_id = %(exam_id)s
                ORDER BY es.sort_order ASC, s.student_number ASC
                
2026-05-12 15:14:42,974 INFO sqlalchemy.engine.Engine [cached since 3566s ago] {'exam_id': 60}
INFO:sqlalchemy.engine.Engine:[cached since 3566s ago] {'exam_id': 60}
2026-05-12 15:14:42,980 INFO sqlalchemy.engine.Engine ROLLBACK
INFO:sqlalchemy.engine.Engine:ROLLBACK
INFO:     127.0.0.1:44022 - "GET /api/exams/60/students HTTP/1.1" 200 OK
2026-05-12 15:14:43,318 INFO sqlalchemy.engine.Engine BEGIN (implicit)
INFO:sqlalchemy.engine.Engine:BEGIN (implicit)
2026-05-12 15:14:43,319 INFO sqlalchemy.engine.Engine SELECT exam_id FROM exams WHERE exam_id = %(exam_id)s
INFO:sqlalchemy.engine.Engine:SELECT exam_id FROM exams WHERE exam_id = %(exam_id)s
2026-05-12 15:14:43,319 INFO sqlalchemy.engine.Engine [cached since 3566s ago] {'exam_id': 60}
INFO:sqlalchemy.engine.Engine:[cached since 3566s ago] {'exam_id': 60}
2026-05-12 15:14:43,320 INFO sqlalchemy.engine.Engine 
                SELECT s.student_id, s.name, s.student_number, s.class as class_name, s.contact_info, s.created_at, s.updated_at, es.sort_order
                FROM students s
                INNER JOIN exam_students es ON s.student_id = es.student_id
                WHERE es.exam_id = %(exam_id)s
                ORDER BY es.sort_order ASC, s.student_number ASC
                
INFO:sqlalchemy.engine.Engine:
                SELECT s.student_id, s.name, s.student_number, s.class as class_name, s.contact_info, s.created_at, s.updated_at, es.sort_order
                FROM students s
                INNER JOIN exam_students es ON s.student_id = es.student_id
                WHERE es.exam_id = %(exam_id)s
                ORDER BY es.sort_order ASC, s.student_number ASC
                
2026-05-12 15:14:43,321 INFO sqlalchemy.engine.Engine [cached since 3566s ago] {'exam_id': 60}
INFO:sqlalchemy.engine.Engine:[cached since 3566s ago] {'exam_id': 60}
2026-05-12 15:14:43,324 INFO sqlalchemy.engine.Engine ROLLBACK
INFO:sqlalchemy.engine.Engine:ROLLBACK
INFO:     127.0.0.1:44024 - "GET /api/exams/60/students HTTP/1.1" 200 OK
2026-05-12 15:14:43,633 INFO sqlalchemy.engine.Engine BEGIN (implicit)
INFO:sqlalchemy.engine.Engine:BEGIN (implicit)
2026-05-12 15:14:43,633 INFO sqlalchemy.engine.Engine SELECT exam_id FROM exams WHERE exam_id = %(exam_id)s
INFO:sqlalchemy.engine.Engine:SELECT exam_id FROM exams WHERE exam_id = %(exam_id)s
2026-05-12 15:14:43,633 INFO sqlalchemy.engine.Engine [cached since 3567s ago] {'exam_id': 60}
INFO:sqlalchemy.engine.Engine:[cached since 3567s ago] {'exam_id': 60}
2026-05-12 15:14:43,636 INFO sqlalchemy.engine.Engine 
                SELECT 
                    a.id, a.filename, a.file_path, a.processed_file_path,
                    a.uploaded_at, a.page_order,
                    s.student_id, s.name as student_name, s.student_number, s.class as student_class
                FROM answer_sheets a
                JOIN students s ON a.student_id = s.student_id
                WHERE a.exam_id = %(exam_id)s
                ORDER BY s.student_id, a.page_order
                
INFO:sqlalchemy.engine.Engine:
                SELECT 
                    a.id, a.filename, a.file_path, a.processed_file_path,
                    a.uploaded_at, a.page_order,
                    s.student_id, s.name as student_name, s.student_number, s.class as student_class
                FROM answer_sheets a
                JOIN students s ON a.student_id = s.student_id
                WHERE a.exam_id = %(exam_id)s
                ORDER BY s.student_id, a.page_order
                
2026-05-12 15:14:43,636 INFO sqlalchemy.engine.Engine [cached since 3566s ago] {'exam_id': 60}
INFO:sqlalchemy.engine.Engine:[cached since 3566s ago] {'exam_id': 60}
2026-05-12 15:14:43,646 INFO sqlalchemy.engine.Engine ROLLBACK
INFO:sqlalchemy.engine.Engine:ROLLBACK
INFO:     127.0.0.1:44024 - "GET /api/exams/60/images HTTP/1.1" 200 OK
INFO:     127.0.0.1:44052 - "GET /answer_sheets/60/1778142124_python%E7%AD%94%E9%A2%98%E5%8D%A1_00_processed.png?r=0.15515693457724788 HTTP/1.1" 200 OK
INFO:     127.0.0.1:44064 - "GET /answer_sheets/60/1778142125_python%E7%AD%94%E9%A2%98%E5%8D%A1_01_processed.png?r=0.6407220205694857 HTTP/1.1" 200 OK
INFO:     127.0.0.1:44076 - "GET /answer_sheets/60/1778142125_python%E7%AD%94%E9%A2%98%E5%8D%A1_20_processed.png?r=0.1180618507963882 HTTP/1.1" 200 OK
INFO:     127.0.0.1:44088 - "GET /answer_sheets/60/1778142126_python%E7%AD%94%E9%A2%98%E5%8D%A1_21_processed.png?r=0.34069739420599454 HTTP/1.1" 200 OK
INFO:     127.0.0.1:44098 - "GET /answer_sheets/60/1778142126_python%E7%AD%94%E9%A2%98%E5%8D%A1_30_processed.png?r=0.8012248928741103 HTTP/1.1" 200 OK
INFO:     127.0.0.1:44110 - "GET /answer_sheets/60/1778142127_python%E7%AD%94%E9%A2%98%E5%8D%A1_31_processed.png?r=0.6920079285069614 HTTP/1.1" 200 OK
INFO:     127.0.0.1:44098 - "GET /answer_sheets/60/1778142125_python%E7%AD%94%E9%A2%98%E5%8D%A1_10_processed.png?r=0.3702555174211959 HTTP/1.1" 200 OK
INFO:     127.0.0.1:44088 - "GET /answer_sheets/60/1778142125_python%E7%AD%94%E9%A2%98%E5%8D%A1_11_processed.png?r=0.5690945219197552 HTTP/1.1" 200 OK
INFO:     127.0.0.1:44076 - "GET /answer_sheets/60/1778142127_python%E7%AD%94%E9%A2%98%E5%8D%A1_40_processed.png?r=0.5779853915148531 HTTP/1.1" 200 OK
INFO:     127.0.0.1:44110 - "GET /answer_sheets/60/1778142127_python%E7%AD%94%E9%A2%98%E5%8D%A1_41_processed.png?r=0.4594773595934405 HTTP/1.1" 200 OK
INFO:     127.0.0.1:44052 - "GET /answer_sheets/60/1778142128_python%E7%AD%94%E9%A2%98%E5%8D%A1_51_processed.png?r=0.6991694678204954 HTTP/1.1" 200 OK
INFO:     127.0.0.1:44064 - "GET /answer_sheets/60/1778142128_python%E7%AD%94%E9%A2%98%E5%8D%A1_50_processed.png?r=0.24927003593395336 HTTP/1.1" 200 OK
INFO:     127.0.0.1:44076 - "GET /answer_sheets/60/1778142128_python%E7%AD%94%E9%A2%98%E5%8D%A1_60_processed.png?r=0.7825561728581601 HTTP/1.1" 200 OK
INFO:     127.0.0.1:44098 - "GET /answer_sheets/60/1778142128_python%E7%AD%94%E9%A2%98%E5%8D%A1_61_processed.png?r=0.02573951060988844 HTTP/1.1" 200 OK
INFO:     127.0.0.1:44052 - "GET /answer_sheets/60/1778142129_python%E7%AD%94%E9%A2%98%E5%8D%A1_81_processed.png?r=0.7761174331922247 HTTP/1.1" 200 OK
INFO:     127.0.0.1:44064 - "GET /answer_sheets/60/1778142129_python%E7%AD%94%E9%A2%98%E5%8D%A1_70_processed.png?r=0.3532510790751189 HTTP/1.1" 200 OK
INFO:     127.0.0.1:44110 - "GET /answer_sheets/60/1778142129_python%E7%AD%94%E9%A2%98%E5%8D%A1_71_processed.png?r=0.7079285100795052 HTTP/1.1" 200 OK
INFO:     127.0.0.1:44088 - "GET /answer_sheets/60/1778142129_python%E7%AD%94%E9%A2%98%E5%8D%A1_80_processed.png?r=0.46532146083194603 HTTP/1.1" 200 OK
INFO:     127.0.0.1:44076 - "GET /answer_sheets/60/1778142130_python%E7%AD%94%E9%A2%98%E5%8D%A1_90_processed.png?r=0.9024946198438215 HTTP/1.1" 200 OK
INFO:     127.0.0.1:44064 - "GET /answer_sheets/60/1778142131_python%E7%AD%94%E9%A2%98%E5%8D%A1_110_processed.png?r=0.32575227827198194 HTTP/1.1" 200 OK
INFO:     127.0.0.1:44088 - "GET /answer_sheets/60/1778142130_python%E7%AD%94%E9%A2%98%E5%8D%A1_91_processed.png?r=0.9657073128629559 HTTP/1.1" 200 OK
INFO:     127.0.0.1:44052 - "GET /answer_sheets/60/1778142131_python%E7%AD%94%E9%A2%98%E5%8D%A1_101_processed.png?r=0.7715539664449624 HTTP/1.1" 200 OK
INFO:     127.0.0.1:44110 - "GET /answer_sheets/60/1778142131_python%E7%AD%94%E9%A2%98%E5%8D%A1_100_processed.png?r=0.08305739280417412 HTTP/1.1" 200 OK
INFO:     127.0.0.1:44098 - "GET /answer_sheets/60/1778142131_python%E7%AD%94%E9%A2%98%E5%8D%A1_111_processed.png?r=0.08723499245512523 HTTP/1.1" 200 OK
INFO:     127.0.0.1:44076 - "GET /answer_sheets/60/1778142132_python%E7%AD%94%E9%A2%98%E5%8D%A1_120_processed.png?r=0.14433032368437382 HTTP/1.1" 200 OK
INFO:     127.0.0.1:44088 - "GET /answer_sheets/60/1778142132_python%E7%AD%94%E9%A2%98%E5%8D%A1_121_processed.png?r=0.7549998679497095 HTTP/1.1" 200 OK
INFO:     127.0.0.1:44052 - "GET /answer_sheets/60/1778142134_python%E7%AD%94%E9%A2%98%E5%8D%A1_150_processed.png?r=0.5873953465044015 HTTP/1.1" 200 OK
INFO:     127.0.0.1:44064 - "GET /answer_sheets/60/1778142133_python%E7%AD%94%E9%A2%98%E5%8D%A1_140_processed.png?r=0.24115831754240624 HTTP/1.1" 200 OK
INFO:     127.0.0.1:44088 - "GET /answer_sheets/60/1778142132_python%E7%AD%94%E9%A2%98%E5%8D%A1_130_processed.png?r=0.38942172897059846 HTTP/1.1" 200 OK
INFO:     127.0.0.1:44110 - "GET /answer_sheets/60/1778142133_python%E7%AD%94%E9%A2%98%E5%8D%A1_141_processed.png?r=0.15067303865348236 HTTP/1.1" 200 OK
INFO:     127.0.0.1:44076 - "GET /answer_sheets/60/1778142133_python%E7%AD%94%E9%A2%98%E5%8D%A1_131_processed.png?r=0.03488130424202174 HTTP/1.1" 200 OK
INFO:     127.0.0.1:44098 - "GET /answer_sheets/60/1778142134_python%E7%AD%94%E9%A2%98%E5%8D%A1_151_processed.png?r=0.9479510248050721 HTTP/1.1" 200 OK
INFO:     127.0.0.1:44088 - "GET /answer_sheets/60/1778142134_python%E7%AD%94%E9%A2%98%E5%8D%A1_161_processed.png?r=0.4934145656928869 HTTP/1.1" 200 OK
INFO:     127.0.0.1:44076 - "GET /answer_sheets/60/1778142135_python%E7%AD%94%E9%A2%98%E5%8D%A1_181_processed.png?r=0.6234286271254232 HTTP/1.1" 200 OK
INFO:     127.0.0.1:44110 - "GET /answer_sheets/60/1778142135_python%E7%AD%94%E9%A2%98%E5%8D%A1_171_processed.png?r=0.8903719071760767 HTTP/1.1" 200 OK
INFO:     127.0.0.1:44098 - "GET /answer_sheets/60/1778142135_python%E7%AD%94%E9%A2%98%E5%8D%A1_180_processed.png?r=0.8983899760003307 HTTP/1.1" 200 OK
INFO:     127.0.0.1:44052 - "GET /answer_sheets/60/1778142135_python%E7%AD%94%E9%A2%98%E5%8D%A1_170_processed.png?r=0.5974645376474769 HTTP/1.1" 200 OK
INFO:     127.0.0.1:44064 - "GET /answer_sheets/60/1778142134_python%E7%AD%94%E9%A2%98%E5%8D%A1_160_processed.png?r=0.0644923689317537 HTTP/1.1" 200 OK
INFO:     127.0.0.1:44076 - "GET /answer_sheets/60/1778142136_python%E7%AD%94%E9%A2%98%E5%8D%A1_191_processed.png?r=0.7685985109773803 HTTP/1.1" 200 OK
INFO:     127.0.0.1:44098 - "GET /answer_sheets/60/1778142136_python%E7%AD%94%E9%A2%98%E5%8D%A1_190_processed.png?r=0.016366655683045406 HTTP/1.1" 200 OK
INFO:     127.0.0.1:44064 - "GET /answer_sheets/60/1778142136_python%E7%AD%94%E9%A2%98%E5%8D%A1_200_processed.png?r=0.6398729841518321 HTTP/1.1" 200 OK
INFO:     127.0.0.1:44110 - "GET /answer_sheets/60/1778142136_python%E7%AD%94%E9%A2%98%E5%8D%A1_201_processed.png?r=0.1365172583156561 HTTP/1.1" 200 OK
INFO:     127.0.0.1:44088 - "GET /answer_sheets/60/1778142137_python%E7%AD%94%E9%A2%98%E5%8D%A1_211_processed.png?r=0.8353215016802178 HTTP/1.1" 200 OK
INFO:     127.0.0.1:44052 - "GET /answer_sheets/60/1778142137_python%E7%AD%94%E9%A2%98%E5%8D%A1_210_processed.png?r=0.5745950881060444 HTTP/1.1" 200 OK
INFO:     127.0.0.1:44064 - "GET /answer_sheets/60/1778142138_python%E7%AD%94%E9%A2%98%E5%8D%A1_221_processed.png?r=0.9034185638258511 HTTP/1.1" 200 OK
INFO:     127.0.0.1:44088 - "GET /answer_sheets/60/1778142139_python%E7%AD%94%E9%A2%98%E5%8D%A1_231_processed.png?r=0.34259724909024136 HTTP/1.1" 200 OK
INFO:     127.0.0.1:44052 - "GET /answer_sheets/60/1778142139_python%E7%AD%94%E9%A2%98%E5%8D%A1_230_processed.png?r=0.10054218616154287 HTTP/1.1" 200 OK
INFO:     127.0.0.1:44110 - "GET /answer_sheets/60/1778142138_python%E7%AD%94%E9%A2%98%E5%8D%A1_220_processed.png?r=0.8134867616422803 HTTP/1.1" 200 OK
INFO:     127.0.0.1:44076 - "GET /answer_sheets/60/1778142141_python%E7%AD%94%E9%A2%98%E5%8D%A1_241_processed.png?r=0.6375853155779437 HTTP/1.1" 200 OK
INFO:     127.0.0.1:44098 - "GET /answer_sheets/60/1778142141_python%E7%AD%94%E9%A2%98%E5%8D%A1_240_processed.png?r=0.7557064874546892 HTTP/1.1" 200 OK
INFO:     127.0.0.1:44088 - "GET /answer_sheets/60/1778142141_python%E7%AD%94%E9%A2%98%E5%8D%A1_250_processed.png?r=0.471592563656163 HTTP/1.1" 200 OK
INFO:     127.0.0.1:44076 - "GET /answer_sheets/60/1778142142_python%E7%AD%94%E9%A2%98%E5%8D%A1_251_processed.png?r=0.3184281084740064 HTTP/1.1" 200 OK
INFO:     127.0.0.1:44110 - "GET /answer_sheets/60/1778142142_python%E7%AD%94%E9%A2%98%E5%8D%A1_260_processed.png?r=0.29843806260899197 HTTP/1.1" 200 OK
INFO:     127.0.0.1:44064 - "GET /answer_sheets/60/1778142143_python%E7%AD%94%E9%A2%98%E5%8D%A1_261_processed.png?r=0.9144003469131464 HTTP/1.1" 200 OK
INFO:     127.0.0.1:44098 - "GET /answer_sheets/60/1778142143_python%E7%AD%94%E9%A2%98%E5%8D%A1_270_processed.png?r=0.913023984008624 HTTP/1.1" 200 OK
INFO:     127.0.0.1:44052 - "GET /answer_sheets/60/1778142144_python%E7%AD%94%E9%A2%98%E5%8D%A1_271_processed.png?r=0.13168682248110375 HTTP/1.1" 200 OK
INFO:     127.0.0.1:44064 - "GET /answer_sheets/60/1778142148_python%E7%AD%94%E9%A2%98%E5%8D%A1_280_processed.png?r=0.8726437797244523 HTTP/1.1" 200 OK
INFO:     127.0.0.1:44052 - "GET /answer_sheets/60/1778142149_python%E7%AD%94%E9%A2%98%E5%8D%A1_281_processed.png?r=0.3345720059388171 HTTP/1.1" 200 OK
INFO:     127.0.0.1:44088 - "GET /answer_sheets/60/1778142149_python%E7%AD%94%E9%A2%98%E5%8D%A1_290_processed.png?r=0.7245436036218349 HTTP/1.1" 200 OK
INFO:     127.0.0.1:44076 - "GET /answer_sheets/60/1778142149_python%E7%AD%94%E9%A2%98%E5%8D%A1_291_processed.png?r=0.5657909163213836 HTTP/1.1" 200 OK
INFO:     127.0.0.1:44110 - "GET /answer_sheets/60/1778142150_python%E7%AD%94%E9%A2%98%E5%8D%A1_300_processed.png?r=0.8723771533553523 HTTP/1.1" 200 OK
INFO:     127.0.0.1:44098 - "GET /answer_sheets/60/1778142150_python%E7%AD%94%E9%A2%98%E5%8D%A1_301_processed.png?r=0.15644200544896691 HTTP/1.1" 200 OK
INFO:     127.0.0.1:44088 - "GET /answer_sheets/60/1778142150_python%E7%AD%94%E9%A2%98%E5%8D%A1_310_processed.png?r=0.51562473397532 HTTP/1.1" 200 OK
INFO:     127.0.0.1:44098 - "GET /answer_sheets/60/1778142150_python%E7%AD%94%E9%A2%98%E5%8D%A1_311_processed.png?r=0.2546264095080444 HTTP/1.1" 200 OK
INFO:     127.0.0.1:44064 - "GET /answer_sheets/60/1778142151_python%E7%AD%94%E9%A2%98%E5%8D%A1_321_processed.png?r=0.4821001275339334 HTTP/1.1" 200 OK
INFO:     127.0.0.1:44052 - "GET /answer_sheets/60/1778142151_python%E7%AD%94%E9%A2%98%E5%8D%A1_320_processed.png?r=0.7852462475010512 HTTP/1.1" 200 OK
INFO:     127.0.0.1:44076 - "GET /answer_sheets/60/1778142151_python%E7%AD%94%E9%A2%98%E5%8D%A1_330_processed.png?r=0.07763655461322705 HTTP/1.1" 200 OK
INFO:     127.0.0.1:44110 - "GET /answer_sheets/60/1778142151_python%E7%AD%94%E9%A2%98%E5%8D%A1_331_processed.png?r=0.1605371906709394 HTTP/1.1" 200 OK
INFO:     127.0.0.1:44098 - "GET /answer_sheets/60/1778142151_python%E7%AD%94%E9%A2%98%E5%8D%A1_340_processed.png?r=0.595445817725937 HTTP/1.1" 200 OK
INFO:     127.0.0.1:44088 - "GET /answer_sheets/60/1778142152_python%E7%AD%94%E9%A2%98%E5%8D%A1_341_processed.png?r=0.039138126388700956 HTTP/1.1" 200 OK
INFO:     127.0.0.1:44076 - "GET /answer_sheets/60/1778142152_python%E7%AD%94%E9%A2%98%E5%8D%A1_350_processed.png?r=0.5457427547658508 HTTP/1.1" 200 OK
INFO:     127.0.0.1:44052 - "GET /answer_sheets/60/1778142152_python%E7%AD%94%E9%A2%98%E5%8D%A1_351_processed.png?r=0.8963369821544739 HTTP/1.1" 200 OK
INFO:     127.0.0.1:44064 - "GET /answer_sheets/60/1778142153_python%E7%AD%94%E9%A2%98%E5%8D%A1_360_processed.png?r=0.8966346289259709 HTTP/1.1" 200 OK
INFO:     127.0.0.1:44110 - "GET /answer_sheets/60/1778142154_python%E7%AD%94%E9%A2%98%E5%8D%A1_361_processed.png?r=0.14873548131337055 HTTP/1.1" 200 OK
INFO:     127.0.0.1:44052 - "GET /answer_sheets/60/1778142154_python%E7%AD%94%E9%A2%98%E5%8D%A1_370_processed.png?r=0.8365646259050191 HTTP/1.1" 200 OK
INFO:     127.0.0.1:44098 - "GET /answer_sheets/60/1778142155_python%E7%AD%94%E9%A2%98%E5%8D%A1_371_processed.png?r=0.2717281088883906 HTTP/1.1" 200 OK
INFO:     127.0.0.1:44088 - "GET /answer_sheets/60/1778142155_python%E7%AD%94%E9%A2%98%E5%8D%A1_380_processed.png?r=0.9727125293803675 HTTP/1.1" 200 OK
INFO:     127.0.0.1:44076 - "GET /answer_sheets/60/1778142156_python%E7%AD%94%E9%A2%98%E5%8D%A1_381_processed.png?r=0.13665741870942527 HTTP/1.1" 200 OK
INFO:     127.0.0.1:44110 - "GET /answer_sheets/60/1778142156_python%E7%AD%94%E9%A2%98%E5%8D%A1_390_processed.png?r=0.29176248854416187 HTTP/1.1" 200 OK
INFO:     127.0.0.1:44064 - "GET /answer_sheets/60/1778142156_python%E7%AD%94%E9%A2%98%E5%8D%A1_391_processed.png?r=0.3945160216136304 HTTP/1.1" 200 OK
INFO:     127.0.0.1:44052 - "GET /answer_sheets/60/1778142157_python%E7%AD%94%E9%A2%98%E5%8D%A1_400_processed.png?r=0.5394101516380043 HTTP/1.1" 200 OK
INFO:     127.0.0.1:44076 - "GET /answer_sheets/60/1778142157_python%E7%AD%94%E9%A2%98%E5%8D%A1_401_processed.png?r=0.6102636571369793 HTTP/1.1" 200 OK
INFO:     127.0.0.1:44064 - "GET /answer_sheets/60/1778142158_python%E7%AD%94%E9%A2%98%E5%8D%A1_411_processed.png?r=0.3701977967103921 HTTP/1.1" 200 OK
INFO:     127.0.0.1:44098 - "GET /answer_sheets/60/1778142157_python%E7%AD%94%E9%A2%98%E5%8D%A1_410_processed.png?r=0.14858744462679652 HTTP/1.1" 200 OK
INFO:     127.0.0.1:44110 - "GET /answer_sheets/60/1778142158_python%E7%AD%94%E9%A2%98%E5%8D%A1_420_processed.png?r=0.1181063523933299 HTTP/1.1" 200 OK
INFO:     127.0.0.1:44088 - "GET /answer_sheets/60/1778142158_python%E7%AD%94%E9%A2%98%E5%8D%A1_421_processed.png?r=0.34728081218879814 HTTP/1.1" 200 OK
INFO:     127.0.0.1:44052 - "GET /answer_sheets/60/1778142159_python%E7%AD%94%E9%A2%98%E5%8D%A1_430_processed.png?r=0.2658389696717568 HTTP/1.1" 200 OK
INFO:     127.0.0.1:44076 - "GET /answer_sheets/60/1778142159_python%E7%AD%94%E9%A2%98%E5%8D%A1_431_processed.png?r=0.815285043121662 HTTP/1.1" 200 OK
INFO:     127.0.0.1:44064 - "GET /answer_sheets/60/1778142159_python%E7%AD%94%E9%A2%98%E5%8D%A1_440_processed.png?r=0.6588092911969684 HTTP/1.1" 200 OK
INFO:     127.0.0.1:44098 - "GET /answer_sheets/60/1778142160_python%E7%AD%94%E9%A2%98%E5%8D%A1_441_processed.png?r=0.24267295454177562 HTTP/1.1" 200 OK
INFO:     127.0.0.1:44088 - "GET /answer_sheets/60/1778142160_python%E7%AD%94%E9%A2%98%E5%8D%A1_450_processed.png?r=0.3613463309430305 HTTP/1.1" 200 OK
INFO:     127.0.0.1:44110 - "GET /answer_sheets/60/1778142160_python%E7%AD%94%E9%A2%98%E5%8D%A1_451_processed.png?r=0.07333946814595349 HTTP/1.1" 200 OK
INFO:     127.0.0.1:44110 - "GET /answer_sheets/60/1778142161_python%E7%AD%94%E9%A2%98%E5%8D%A1_460_processed.png?r=0.7347946216573557 HTTP/1.1" 200 OK
INFO:     127.0.0.1:44052 - "GET /answer_sheets/60/1778142162_python%E7%AD%94%E9%A2%98%E5%8D%A1_461_processed.png?r=0.8470918315031709 HTTP/1.1" 200 OK
INFO:     127.0.0.1:44076 - "GET /answer_sheets/60/1778142162_python%E7%AD%94%E9%A2%98%E5%8D%A1_470_processed.png?r=0.4056509076987138 HTTP/1.1" 200 OK
INFO:     127.0.0.1:44064 - "GET /answer_sheets/60/1778142162_python%E7%AD%94%E9%A2%98%E5%8D%A1_471_processed.png?r=0.15329198178378778 HTTP/1.1" 200 OK
INFO:     127.0.0.1:44098 - "GET /answer_sheets/60/1778142162_python%E7%AD%94%E9%A2%98%E5%8D%A1_480_processed.png?r=0.08119512216253444 HTTP/1.1" 200 OK
INFO:     127.0.0.1:44088 - "GET /answer_sheets/60/1778142163_python%E7%AD%94%E9%A2%98%E5%8D%A1_481_processed.png?r=0.007460193770047807 HTTP/1.1" 200 OK
INFO:     127.0.0.1:44110 - "GET /answer_sheets/60/1778142163_python%E7%AD%94%E9%A2%98%E5%8D%A1_490_processed.png?r=0.655195507495293 HTTP/1.1" 200 OK
INFO:     127.0.0.1:44052 - "GET /answer_sheets/60/1778142163_python%E7%AD%94%E9%A2%98%E5%8D%A1_491_processed.png?r=0.7615497246642927 HTTP/1.1" 200 OK
INFO:     127.0.0.1:44064 - "GET /answer_sheets/60/1778142163_python%E7%AD%94%E9%A2%98%E5%8D%A1_500_processed.png?r=0.2246771332999966 HTTP/1.1" 200 OK
INFO:     127.0.0.1:44076 - "GET /answer_sheets/60/1778142164_python%E7%AD%94%E9%A2%98%E5%8D%A1_501_processed.png?r=0.5628626753904449 HTTP/1.1" 200 OK
INFO:     127.0.0.1:44098 - "GET /answer_sheets/60/1778142164_python%E7%AD%94%E9%A2%98%E5%8D%A1_510_processed.png?r=0.5269198638541808 HTTP/1.1" 200 OK
INFO:     127.0.0.1:44088 - "GET /answer_sheets/60/1778142164_python%E7%AD%94%E9%A2%98%E5%8D%A1_511_processed.png?r=0.3171384798543747 HTTP/1.1" 200 OK
INFO:     127.0.0.1:44110 - "GET /answer_sheets/60/1778142164_python%E7%AD%94%E9%A2%98%E5%8D%A1_520_processed.png?r=0.6425025287041759 HTTP/1.1" 200 OK
INFO:     127.0.0.1:44052 - "GET /answer_sheets/60/1778142165_python%E7%AD%94%E9%A2%98%E5%8D%A1_521_processed.png?r=0.43056883053775663 HTTP/1.1" 200 OK
INFO:     127.0.0.1:44064 - "GET /answer_sheets/60/1778142165_python%E7%AD%94%E9%A2%98%E5%8D%A1_530_processed.png?r=0.5450597227414364 HTTP/1.1" 200 OK
INFO:     127.0.0.1:44076 - "GET /answer_sheets/60/1778142166_python%E7%AD%94%E9%A2%98%E5%8D%A1_531_processed.png?r=0.19420791587665598 HTTP/1.1" 200 OK
INFO:     127.0.0.1:44088 - "GET /answer_sheets/60/1778142166_python%E7%AD%94%E9%A2%98%E5%8D%A1_540_processed.png?r=0.8398156989425966 HTTP/1.1" 200 OK
INFO:     127.0.0.1:44098 - "GET /answer_sheets/60/1778142166_python%E7%AD%94%E9%A2%98%E5%8D%A1_541_processed.png?r=0.7575787135075543 HTTP/1.1" 200 OK
INFO:     127.0.0.1:44052 - "GET /answer_sheets/60/1778142166_python%E7%AD%94%E9%A2%98%E5%8D%A1_550_processed.png?r=0.32050885113369976 HTTP/1.1" 200 OK
INFO:     127.0.0.1:44110 - "GET /answer_sheets/60/1778142167_python%E7%AD%94%E9%A2%98%E5%8D%A1_551_processed.png?r=0.21232099725828202 HTTP/1.1" 200 OK
INFO:     127.0.0.1:44064 - "GET /answer_sheets/60/1778142167_python%E7%AD%94%E9%A2%98%E5%8D%A1_561_processed.png?r=0.4390378060615101 HTTP/1.1" 200 OK
INFO:     127.0.0.1:44076 - "GET /answer_sheets/60/1778142167_python%E7%AD%94%E9%A2%98%E5%8D%A1_560_processed.png?r=0.5679120631663191 HTTP/1.1" 200 OK
INFO:     127.0.0.1:44098 - "GET /answer_sheets/60/1778142167_python%E7%AD%94%E9%A2%98%E5%8D%A1_570_processed.png?r=0.8138385942374019 HTTP/1.1" 200 OK
INFO:     127.0.0.1:44088 - "GET /answer_sheets/60/1778142168_python%E7%AD%94%E9%A2%98%E5%8D%A1_571_processed.png?r=0.3922661675450424 HTTP/1.1" 200 OK
INFO:     127.0.0.1:44052 - "GET /answer_sheets/60/1778142168_python%E7%AD%94%E9%A2%98%E5%8D%A1_580_processed.png?r=0.8363550612849424 HTTP/1.1" 200 OK
INFO:     127.0.0.1:44110 - "GET /answer_sheets/60/1778142169_python%E7%AD%94%E9%A2%98%E5%8D%A1_581_processed.png?r=0.8338981288448408 HTTP/1.1" 200 OK
INFO:     127.0.0.1:44064 - "GET /answer_sheets/60/1778142169_python%E7%AD%94%E9%A2%98%E5%8D%A1_590_processed.png?r=0.6995541095621034 HTTP/1.1" 200 OK
INFO:     127.0.0.1:44076 - "GET /answer_sheets/60/1778142170_python%E7%AD%94%E9%A2%98%E5%8D%A1_591_processed.png?r=0.6742722610910666 HTTP/1.1" 200 OK
INFO:     127.0.0.1:44088 - "GET /answer_sheets/60/1778142124_python%E7%AD%94%E9%A2%98%E5%8D%A1_00_processed.png?r=0.7783894326285434 HTTP/1.1" 200 OK
INFO:     127.0.0.1:44098 - "GET /answer_sheets/60/1778142125_python%E7%AD%94%E9%A2%98%E5%8D%A1_01_processed.png?r=0.5443792412175603 HTTP/1.1" 200 OK
INFO:     127.0.0.1:44052 - "GET /answer_sheets/60/1778142125_python%E7%AD%94%E9%A2%98%E5%8D%A1_20_processed.png?r=0.22808117456907528 HTTP/1.1" 200 OK
INFO:     127.0.0.1:44110 - "GET /answer_sheets/60/1778142126_python%E7%AD%94%E9%A2%98%E5%8D%A1_21_processed.png?r=0.5985525710636861 HTTP/1.1" 200 OK
INFO:     127.0.0.1:44064 - "GET /answer_sheets/60/1778142126_python%E7%AD%94%E9%A2%98%E5%8D%A1_30_processed.png?r=0.6916779067127574 HTTP/1.1" 200 OK
INFO:     127.0.0.1:44098 - "GET /answer_sheets/60/1778142127_python%E7%AD%94%E9%A2%98%E5%8D%A1_31_processed.png?r=0.6484561673012397 HTTP/1.1" 200 OK
INFO:     127.0.0.1:44088 - "GET /answer_sheets/60/1778142125_python%E7%AD%94%E9%A2%98%E5%8D%A1_10_processed.png?r=0.7203671655341745 HTTP/1.1" 200 OK
INFO:     127.0.0.1:44076 - "GET /answer_sheets/60/1778142125_python%E7%AD%94%E9%A2%98%E5%8D%A1_11_processed.png?r=0.799525226362852 HTTP/1.1" 200 OK
INFO:     127.0.0.1:44052 - "GET /answer_sheets/60/1778142127_python%E7%AD%94%E9%A2%98%E5%8D%A1_40_processed.png?r=0.4009204275819406 HTTP/1.1" 200 OK
INFO:     127.0.0.1:44110 - "GET /answer_sheets/60/1778142127_python%E7%AD%94%E9%A2%98%E5%8D%A1_41_processed.png?r=0.3845585549659002 HTTP/1.1" 200 OK
INFO:     127.0.0.1:44052 - "GET /answer_sheets/60/1778142128_python%E7%AD%94%E9%A2%98%E5%8D%A1_50_processed.png?r=0.695575333072143 HTTP/1.1" 200 OK
INFO:     127.0.0.1:44064 - "GET /answer_sheets/60/1778142128_python%E7%AD%94%E9%A2%98%E5%8D%A1_51_processed.png?r=0.2912765335893579 HTTP/1.1" 200 OK
INFO:     127.0.0.1:44098 - "GET /answer_sheets/60/1778142128_python%E7%AD%94%E9%A2%98%E5%8D%A1_60_processed.png?r=0.14874821414520567 HTTP/1.1" 200 OK
INFO:     127.0.0.1:44076 - "GET /answer_sheets/60/1778142128_python%E7%AD%94%E9%A2%98%E5%8D%A1_61_processed.png?r=0.40323812335472076 HTTP/1.1" 200 OK
INFO:     127.0.0.1:44088 - "GET /answer_sheets/60/1778142129_python%E7%AD%94%E9%A2%98%E5%8D%A1_70_processed.png?r=0.3173153325121191 HTTP/1.1" 200 OK
INFO:     127.0.0.1:44110 - "GET /answer_sheets/60/1778142129_python%E7%AD%94%E9%A2%98%E5%8D%A1_71_processed.png?r=0.24334228239023958 HTTP/1.1" 200 OK
INFO:     127.0.0.1:44064 - "GET /answer_sheets/60/1778142129_python%E7%AD%94%E9%A2%98%E5%8D%A1_80_processed.png?r=0.7480972602867059 HTTP/1.1" 200 OK
INFO:     127.0.0.1:44052 - "GET /answer_sheets/60/1778142129_python%E7%AD%94%E9%A2%98%E5%8D%A1_81_processed.png?r=0.3659472598400778 HTTP/1.1" 200 OK
INFO:     127.0.0.1:44098 - "GET /answer_sheets/60/1778142130_python%E7%AD%94%E9%A2%98%E5%8D%A1_90_processed.png?r=0.4050404087147432 HTTP/1.1" 200 OK
INFO:     127.0.0.1:44076 - "GET /answer_sheets/60/1778142130_python%E7%AD%94%E9%A2%98%E5%8D%A1_91_processed.png?r=0.2153758420042774 HTTP/1.1" 200 OK
INFO:     127.0.0.1:44088 - "GET /answer_sheets/60/1778142131_python%E7%AD%94%E9%A2%98%E5%8D%A1_100_processed.png?r=0.47531020346913067 HTTP/1.1" 200 OK
INFO:     127.0.0.1:44076 - "GET /answer_sheets/60/1778142131_python%E7%AD%94%E9%A2%98%E5%8D%A1_101_processed.png?r=0.4378306846063236 HTTP/1.1" 200 OK
INFO:     127.0.0.1:44110 - "GET /answer_sheets/60/1778142131_python%E7%AD%94%E9%A2%98%E5%8D%A1_110_processed.png?r=0.181995231513569 HTTP/1.1" 200 OK
INFO:     127.0.0.1:44064 - "GET /answer_sheets/60/1778142131_python%E7%AD%94%E9%A2%98%E5%8D%A1_111_processed.png?r=0.8169717856746518 HTTP/1.1" 200 OK
INFO:     127.0.0.1:44052 - "GET /answer_sheets/60/1778142132_python%E7%AD%94%E9%A2%98%E5%8D%A1_120_processed.png?r=0.37516423988677106 HTTP/1.1" 200 OK
INFO:     127.0.0.1:44098 - "GET /answer_sheets/60/1778142132_python%E7%AD%94%E9%A2%98%E5%8D%A1_121_processed.png?r=0.4462157322945455 HTTP/1.1" 200 OK
INFO:     127.0.0.1:44088 - "GET /answer_sheets/60/1778142132_python%E7%AD%94%E9%A2%98%E5%8D%A1_130_processed.png?r=0.48318203236150026 HTTP/1.1" 200 OK
INFO:     127.0.0.1:44076 - "GET /answer_sheets/60/1778142133_python%E7%AD%94%E9%A2%98%E5%8D%A1_131_processed.png?r=0.3872010251125152 HTTP/1.1" 200 OK
INFO:     127.0.0.1:44110 - "GET /answer_sheets/60/1778142133_python%E7%AD%94%E9%A2%98%E5%8D%A1_140_processed.png?r=0.31832533245306993 HTTP/1.1" 200 OK
INFO:     127.0.0.1:44064 - "GET /answer_sheets/60/1778142133_python%E7%AD%94%E9%A2%98%E5%8D%A1_141_processed.png?r=0.46608607893126763 HTTP/1.1" 200 OK
INFO:     127.0.0.1:44052 - "GET /answer_sheets/60/1778142134_python%E7%AD%94%E9%A2%98%E5%8D%A1_150_processed.png?r=0.027481084764861774 HTTP/1.1" 200 OK
INFO:     127.0.0.1:44098 - "GET /answer_sheets/60/1778142134_python%E7%AD%94%E9%A2%98%E5%8D%A1_151_processed.png?r=0.8453640375765165 HTTP/1.1" 200 OK
INFO:     127.0.0.1:44088 - "GET /answer_sheets/60/1778142134_python%E7%AD%94%E9%A2%98%E5%8D%A1_160_processed.png?r=0.49579578716727557 HTTP/1.1" 200 OK
INFO:     127.0.0.1:44076 - "GET /answer_sheets/60/1778142134_python%E7%AD%94%E9%A2%98%E5%8D%A1_161_processed.png?r=0.5702382375725402 HTTP/1.1" 200 OK
INFO:     127.0.0.1:44064 - "GET /answer_sheets/60/1778142135_python%E7%AD%94%E9%A2%98%E5%8D%A1_170_processed.png?r=0.05444312520672012 HTTP/1.1" 200 OK
INFO:     127.0.0.1:44110 - "GET /answer_sheets/60/1778142135_python%E7%AD%94%E9%A2%98%E5%8D%A1_171_processed.png?r=0.5847018855964877 HTTP/1.1" 200 OK
INFO:     127.0.0.1:44098 - "GET /answer_sheets/60/1778142135_python%E7%AD%94%E9%A2%98%E5%8D%A1_180_processed.png?r=0.7266018475573305 HTTP/1.1" 200 OK
INFO:     127.0.0.1:44052 - "GET /answer_sheets/60/1778142135_python%E7%AD%94%E9%A2%98%E5%8D%A1_181_processed.png?r=0.510518508777596 HTTP/1.1" 200 OK
INFO:     127.0.0.1:44088 - "GET /answer_sheets/60/1778142136_python%E7%AD%94%E9%A2%98%E5%8D%A1_190_processed.png?r=0.07764049778348214 HTTP/1.1" 200 OK
INFO:     127.0.0.1:44076 - "GET /answer_sheets/60/1778142136_python%E7%AD%94%E9%A2%98%E5%8D%A1_191_processed.png?r=0.4909223222674868 HTTP/1.1" 200 OK
INFO:     127.0.0.1:44110 - "GET /answer_sheets/60/1778142136_python%E7%AD%94%E9%A2%98%E5%8D%A1_201_processed.png?r=0.9296147471270971 HTTP/1.1" 200 OK
INFO:     127.0.0.1:44064 - "GET /answer_sheets/60/1778142136_python%E7%AD%94%E9%A2%98%E5%8D%A1_200_processed.png?r=0.8751754231254579 HTTP/1.1" 200 OK
INFO:     127.0.0.1:44098 - "GET /answer_sheets/60/1778142137_python%E7%AD%94%E9%A2%98%E5%8D%A1_210_processed.png?r=0.10142387260344166 HTTP/1.1" 200 OK
INFO:     127.0.0.1:44052 - "GET /answer_sheets/60/1778142137_python%E7%AD%94%E9%A2%98%E5%8D%A1_211_processed.png?r=0.09114731317409863 HTTP/1.1" 200 OK
INFO:     127.0.0.1:44088 - "GET /answer_sheets/60/1778142138_python%E7%AD%94%E9%A2%98%E5%8D%A1_220_processed.png?r=0.929256566165816 HTTP/1.1" 200 OK
INFO:     127.0.0.1:44076 - "GET /answer_sheets/60/1778142138_python%E7%AD%94%E9%A2%98%E5%8D%A1_221_processed.png?r=0.6326853431063184 HTTP/1.1" 200 OK
INFO:     127.0.0.1:44064 - "GET /answer_sheets/60/1778142139_python%E7%AD%94%E9%A2%98%E5%8D%A1_230_processed.png?r=0.8560950573779933 HTTP/1.1" 200 OK
INFO:     127.0.0.1:44110 - "GET /answer_sheets/60/1778142139_python%E7%AD%94%E9%A2%98%E5%8D%A1_231_processed.png?r=0.8854438851139133 HTTP/1.1" 200 OK
INFO:     127.0.0.1:44052 - "GET /answer_sheets/60/1778142141_python%E7%AD%94%E9%A2%98%E5%8D%A1_240_processed.png?r=0.11205055156452248 HTTP/1.1" 200 OK
INFO:     127.0.0.1:44098 - "GET /answer_sheets/60/1778142141_python%E7%AD%94%E9%A2%98%E5%8D%A1_241_processed.png?r=0.3814568341429342 HTTP/1.1" 200 OK
INFO:     127.0.0.1:44076 - "GET /answer_sheets/60/1778142141_python%E7%AD%94%E9%A2%98%E5%8D%A1_250_processed.png?r=0.671859818989067 HTTP/1.1" 200 OK
INFO:     127.0.0.1:44088 - "GET /answer_sheets/60/1778142142_python%E7%AD%94%E9%A2%98%E5%8D%A1_251_processed.png?r=0.980103812849627 HTTP/1.1" 200 OK
INFO:     127.0.0.1:44110 - "GET /answer_sheets/60/1778142142_python%E7%AD%94%E9%A2%98%E5%8D%A1_260_processed.png?r=0.3856282058123882 HTTP/1.1" 200 OK
INFO:     127.0.0.1:44064 - "GET /answer_sheets/60/1778142143_python%E7%AD%94%E9%A2%98%E5%8D%A1_261_processed.png?r=0.6400488335677893 HTTP/1.1" 200 OK
INFO:     127.0.0.1:44098 - "GET /answer_sheets/60/1778142143_python%E7%AD%94%E9%A2%98%E5%8D%A1_270_processed.png?r=0.7988855278196791 HTTP/1.1" 200 OK
INFO:     127.0.0.1:44052 - "GET /answer_sheets/60/1778142144_python%E7%AD%94%E9%A2%98%E5%8D%A1_271_processed.png?r=0.7483366621135327 HTTP/1.1" 200 OK
INFO:     127.0.0.1:44088 - "GET /answer_sheets/60/1778142148_python%E7%AD%94%E9%A2%98%E5%8D%A1_280_processed.png?r=0.8834854444087789 HTTP/1.1" 200 OK
INFO:     127.0.0.1:44076 - "GET /answer_sheets/60/1778142149_python%E7%AD%94%E9%A2%98%E5%8D%A1_281_processed.png?r=0.5823813446516753 HTTP/1.1" 200 OK
INFO:     127.0.0.1:44110 - "GET /answer_sheets/60/1778142149_python%E7%AD%94%E9%A2%98%E5%8D%A1_290_processed.png?r=0.37174358114218553 HTTP/1.1" 200 OK
INFO:     127.0.0.1:44052 - "GET /answer_sheets/60/1778142149_python%E7%AD%94%E9%A2%98%E5%8D%A1_291_processed.png?r=0.40093223823296276 HTTP/1.1" 200 OK
INFO:     127.0.0.1:44064 - "GET /answer_sheets/60/1778142150_python%E7%AD%94%E9%A2%98%E5%8D%A1_300_processed.png?r=0.9587294766836929 HTTP/1.1" 200 OK
INFO:     127.0.0.1:44098 - "GET /answer_sheets/60/1778142150_python%E7%AD%94%E9%A2%98%E5%8D%A1_301_processed.png?r=0.0032771090422289983 HTTP/1.1" 200 OK
INFO:     127.0.0.1:44076 - "GET /answer_sheets/60/1778142150_python%E7%AD%94%E9%A2%98%E5%8D%A1_310_processed.png?r=0.6208746938620778 HTTP/1.1" 200 OK
INFO:     127.0.0.1:44088 - "GET /answer_sheets/60/1778142150_python%E7%AD%94%E9%A2%98%E5%8D%A1_311_processed.png?r=0.10528093803986771 HTTP/1.1" 200 OK
INFO:     127.0.0.1:44110 - "GET /answer_sheets/60/1778142151_python%E7%AD%94%E9%A2%98%E5%8D%A1_320_processed.png?r=0.4563665498533993 HTTP/1.1" 200 OK
INFO:     127.0.0.1:44052 - "GET /answer_sheets/60/1778142151_python%E7%AD%94%E9%A2%98%E5%8D%A1_321_processed.png?r=0.1248405399151723 HTTP/1.1" 200 OK
INFO:     127.0.0.1:44064 - "GET /answer_sheets/60/1778142151_python%E7%AD%94%E9%A2%98%E5%8D%A1_330_processed.png?r=0.4975796845984932 HTTP/1.1" 200 OK
INFO:     127.0.0.1:44098 - "GET /answer_sheets/60/1778142151_python%E7%AD%94%E9%A2%98%E5%8D%A1_331_processed.png?r=0.10823884803091355 HTTP/1.1" 200 OK
INFO:     127.0.0.1:44088 - "GET /answer_sheets/60/1778142151_python%E7%AD%94%E9%A2%98%E5%8D%A1_340_processed.png?r=0.19341440263800957 HTTP/1.1" 200 OK
INFO:     127.0.0.1:44076 - "GET /answer_sheets/60/1778142152_python%E7%AD%94%E9%A2%98%E5%8D%A1_341_processed.png?r=0.9135555121767888 HTTP/1.1" 200 OK
INFO:     127.0.0.1:44110 - "GET /answer_sheets/60/1778142152_python%E7%AD%94%E9%A2%98%E5%8D%A1_350_processed.png?r=0.08133061021537435 HTTP/1.1" 200 OK
INFO:     127.0.0.1:44052 - "GET /answer_sheets/60/1778142152_python%E7%AD%94%E9%A2%98%E5%8D%A1_351_processed.png?r=0.2553771917791623 HTTP/1.1" 200 OK
INFO:     127.0.0.1:44064 - "GET /answer_sheets/60/1778142153_python%E7%AD%94%E9%A2%98%E5%8D%A1_360_processed.png?r=0.4529134879616773 HTTP/1.1" 200 OK
INFO:     127.0.0.1:44098 - "GET /answer_sheets/60/1778142154_python%E7%AD%94%E9%A2%98%E5%8D%A1_361_processed.png?r=0.8213146178460166 HTTP/1.1" 200 OK
INFO:     127.0.0.1:44052 - "GET /answer_sheets/60/1778142154_python%E7%AD%94%E9%A2%98%E5%8D%A1_370_processed.png?r=0.5693248152084233 HTTP/1.1" 200 OK
INFO:     127.0.0.1:44076 - "GET /answer_sheets/60/1778142155_python%E7%AD%94%E9%A2%98%E5%8D%A1_371_processed.png?r=0.5573971182090719 HTTP/1.1" 200 OK
INFO:     127.0.0.1:44088 - "GET /answer_sheets/60/1778142155_python%E7%AD%94%E9%A2%98%E5%8D%A1_380_processed.png?r=0.9056652723400213 HTTP/1.1" 200 OK
INFO:     127.0.0.1:44110 - "GET /answer_sheets/60/1778142156_python%E7%AD%94%E9%A2%98%E5%8D%A1_381_processed.png?r=0.007989201149663505 HTTP/1.1" 200 OK
INFO:     127.0.0.1:44098 - "GET /answer_sheets/60/1778142156_python%E7%AD%94%E9%A2%98%E5%8D%A1_390_processed.png?r=0.7563012041734483 HTTP/1.1" 200 OK
INFO:     127.0.0.1:44064 - "GET /answer_sheets/60/1778142156_python%E7%AD%94%E9%A2%98%E5%8D%A1_391_processed.png?r=0.56605525915755 HTTP/1.1" 200 OK
INFO:     127.0.0.1:44052 - "GET /answer_sheets/60/1778142157_python%E7%AD%94%E9%A2%98%E5%8D%A1_400_processed.png?r=0.9884562127996592 HTTP/1.1" 200 OK
INFO:     127.0.0.1:44110 - "GET /answer_sheets/60/1778142157_python%E7%AD%94%E9%A2%98%E5%8D%A1_410_processed.png?r=0.4139730820043226 HTTP/1.1" 200 OK
INFO:     127.0.0.1:44076 - "GET /answer_sheets/60/1778142157_python%E7%AD%94%E9%A2%98%E5%8D%A1_401_processed.png?r=0.5569566346056403 HTTP/1.1" 200 OK
INFO:     127.0.0.1:44088 - "GET /answer_sheets/60/1778142158_python%E7%AD%94%E9%A2%98%E5%8D%A1_411_processed.png?r=0.2888517907989899 HTTP/1.1" 200 OK
INFO:     127.0.0.1:44098 - "GET /answer_sheets/60/1778142158_python%E7%AD%94%E9%A2%98%E5%8D%A1_420_processed.png?r=0.6626876501911351 HTTP/1.1" 200 OK
INFO:     127.0.0.1:44064 - "GET /answer_sheets/60/1778142158_python%E7%AD%94%E9%A2%98%E5%8D%A1_421_processed.png?r=0.6328360529696709 HTTP/1.1" 200 OK
INFO:     127.0.0.1:44052 - "GET /answer_sheets/60/1778142159_python%E7%AD%94%E9%A2%98%E5%8D%A1_430_processed.png?r=0.9320675173078211 HTTP/1.1" 200 OK
INFO:     127.0.0.1:44088 - "GET /answer_sheets/60/1778142159_python%E7%AD%94%E9%A2%98%E5%8D%A1_431_processed.png?r=0.34943855780369815 HTTP/1.1" 200 OK
INFO:     127.0.0.1:44076 - "GET /answer_sheets/60/1778142159_python%E7%AD%94%E9%A2%98%E5%8D%A1_440_processed.png?r=0.5314481480527149 HTTP/1.1" 200 OK
INFO:     127.0.0.1:44110 - "GET /answer_sheets/60/1778142160_python%E7%AD%94%E9%A2%98%E5%8D%A1_441_processed.png?r=0.38014468430069215 HTTP/1.1" 200 OK
INFO:     127.0.0.1:44098 - "GET /answer_sheets/60/1778142160_python%E7%AD%94%E9%A2%98%E5%8D%A1_450_processed.png?r=0.8565967054920808 HTTP/1.1" 200 OK
INFO:     127.0.0.1:44064 - "GET /answer_sheets/60/1778142160_python%E7%AD%94%E9%A2%98%E5%8D%A1_451_processed.png?r=0.6241151251215298 HTTP/1.1" 200 OK
INFO:     127.0.0.1:44076 - "GET /answer_sheets/60/1778142161_python%E7%AD%94%E9%A2%98%E5%8D%A1_460_processed.png?r=0.18943295812923744 HTTP/1.1" 200 OK
INFO:     127.0.0.1:44110 - "GET /answer_sheets/60/1778142162_python%E7%AD%94%E9%A2%98%E5%8D%A1_461_processed.png?r=0.8269438422317734 HTTP/1.1" 200 OK
INFO:     127.0.0.1:44052 - "GET /answer_sheets/60/1778142162_python%E7%AD%94%E9%A2%98%E5%8D%A1_470_processed.png?r=0.4411277519091129 HTTP/1.1" 200 OK
INFO:     127.0.0.1:44088 - "GET /answer_sheets/60/1778142162_python%E7%AD%94%E9%A2%98%E5%8D%A1_471_processed.png?r=0.8398315619048997 HTTP/1.1" 200 OK
INFO:     127.0.0.1:44064 - "GET /answer_sheets/60/1778142162_python%E7%AD%94%E9%A2%98%E5%8D%A1_480_processed.png?r=0.9280745426746501 HTTP/1.1" 200 OK
INFO:     127.0.0.1:44098 - "GET /answer_sheets/60/1778142163_python%E7%AD%94%E9%A2%98%E5%8D%A1_481_processed.png?r=0.39665637221353256 HTTP/1.1" 200 OK
INFO:     127.0.0.1:44110 - "GET /answer_sheets/60/1778142163_python%E7%AD%94%E9%A2%98%E5%8D%A1_490_processed.png?r=0.2773525645236732 HTTP/1.1" 200 OK
INFO:     127.0.0.1:44088 - "GET /answer_sheets/60/1778142163_python%E7%AD%94%E9%A2%98%E5%8D%A1_500_processed.png?r=0.967774209039034 HTTP/1.1" 200 OK
INFO:     127.0.0.1:44076 - "GET /answer_sheets/60/1778142163_python%E7%AD%94%E9%A2%98%E5%8D%A1_491_processed.png?r=0.6557423824444553 HTTP/1.1" 200 OK
INFO:     127.0.0.1:44052 - "GET /answer_sheets/60/1778142164_python%E7%AD%94%E9%A2%98%E5%8D%A1_501_processed.png?r=0.4325723204030235 HTTP/1.1" 200 OK
INFO:     127.0.0.1:44064 - "GET /answer_sheets/60/1778142164_python%E7%AD%94%E9%A2%98%E5%8D%A1_510_processed.png?r=0.5145325757273492 HTTP/1.1" 200 OK
INFO:     127.0.0.1:44098 - "GET /answer_sheets/60/1778142164_python%E7%AD%94%E9%A2%98%E5%8D%A1_511_processed.png?r=0.7124506675907336 HTTP/1.1" 200 OK
INFO:     127.0.0.1:44110 - "GET /answer_sheets/60/1778142164_python%E7%AD%94%E9%A2%98%E5%8D%A1_520_processed.png?r=0.7785516784696284 HTTP/1.1" 200 OK
INFO:     127.0.0.1:44052 - "GET /answer_sheets/60/1778142165_python%E7%AD%94%E9%A2%98%E5%8D%A1_521_processed.png?r=0.7968293681319116 HTTP/1.1" 200 OK
INFO:     127.0.0.1:44088 - "GET /answer_sheets/60/1778142166_python%E7%AD%94%E9%A2%98%E5%8D%A1_531_processed.png?r=0.7781155624437611 HTTP/1.1" 200 OK
INFO:     127.0.0.1:44076 - "GET /answer_sheets/60/1778142165_python%E7%AD%94%E9%A2%98%E5%8D%A1_530_processed.png?r=0.02187323525840912 HTTP/1.1" 200 OK
INFO:     127.0.0.1:44064 - "GET /answer_sheets/60/1778142166_python%E7%AD%94%E9%A2%98%E5%8D%A1_540_processed.png?r=0.2778570027568644 HTTP/1.1" 200 OK
INFO:     127.0.0.1:44052 - "GET /answer_sheets/60/1778142166_python%E7%AD%94%E9%A2%98%E5%8D%A1_541_processed.png?r=0.7841136785188898 HTTP/1.1" 200 OK
INFO:     127.0.0.1:44098 - "GET /answer_sheets/60/1778142166_python%E7%AD%94%E9%A2%98%E5%8D%A1_550_processed.png?r=0.7182596136009644 HTTP/1.1" 200 OK
INFO:     127.0.0.1:44110 - "GET /answer_sheets/60/1778142167_python%E7%AD%94%E9%A2%98%E5%8D%A1_551_processed.png?r=0.02245200827806182 HTTP/1.1" 200 OK
INFO:     127.0.0.1:44076 - "GET /answer_sheets/60/1778142167_python%E7%AD%94%E9%A2%98%E5%8D%A1_561_processed.png?r=0.4831290830900795 HTTP/1.1" 200 OK
INFO:     127.0.0.1:44088 - "GET /answer_sheets/60/1778142167_python%E7%AD%94%E9%A2%98%E5%8D%A1_560_processed.png?r=0.999092497682454 HTTP/1.1" 200 OK
INFO:     127.0.0.1:44064 - "GET /answer_sheets/60/1778142167_python%E7%AD%94%E9%A2%98%E5%8D%A1_570_processed.png?r=0.10154895580208811 HTTP/1.1" 200 OK
INFO:     127.0.0.1:44052 - "GET /answer_sheets/60/1778142168_python%E7%AD%94%E9%A2%98%E5%8D%A1_571_processed.png?r=0.39893876397368155 HTTP/1.1" 200 OK
INFO:     127.0.0.1:44098 - "GET /answer_sheets/60/1778142168_python%E7%AD%94%E9%A2%98%E5%8D%A1_580_processed.png?r=0.306476232325132 HTTP/1.1" 200 OK
INFO:     127.0.0.1:44076 - "GET /answer_sheets/60/1778142169_python%E7%AD%94%E9%A2%98%E5%8D%A1_581_processed.png?r=0.9966694285697185 HTTP/1.1" 200 OK
INFO:     127.0.0.1:44110 - "GET /answer_sheets/60/1778142169_python%E7%AD%94%E9%A2%98%E5%8D%A1_590_processed.png?r=0.7369365636392834 HTTP/1.1" 200 OK
INFO:     127.0.0.1:44088 - "GET /answer_sheets/60/1778142170_python%E7%AD%94%E9%A2%98%E5%8D%A1_591_processed.png?r=0.863858448160588 HTTP/1.1" 200 OK
INFO:     127.0.0.1:44052 - "GET /answer_sheets/60/1778142124_python%E7%AD%94%E9%A2%98%E5%8D%A1_00_processed.png?r=0.66156845951179 HTTP/1.1" 200 OK
INFO:     127.0.0.1:56452 - "GET /answer_sheets/60/1778142124_python%E7%AD%94%E9%A2%98%E5%8D%A1_00_processed.png?r=0.5629806871421468 HTTP/1.1" 200 OK
INFO:     127.0.0.1:56452 - "GET /answer_sheets/60/1778142124_python%E7%AD%94%E9%A2%98%E5%8D%A1_00_processed.png?r=0.3065920740961703 HTTP/1.1" 200 OK
INFO:     127.0.0.1:56460 - "GET /answer_sheets/60/1778142124_python%E7%AD%94%E9%A2%98%E5%8D%A1_00_processed.png?r=0.8311646052280125 HTTP/1.1" 200 OK
INFO:     127.0.0.1:56460 - "GET /answer_sheets/60/1778142124_python%E7%AD%94%E9%A2%98%E5%8D%A1_00_processed.png?r=0.48028757173964076 HTTP/1.1" 200 OK
INFO:     127.0.0.1:48960 - "GET /answer_sheets/60/1778142124_python%E7%AD%94%E9%A2%98%E5%8D%A1_00_processed.png?r=0.7847110206310943 HTTP/1.1" 200 OK
INFO:     127.0.0.1:48972 - "GET /answer_sheets/60/1778142124_python%E7%AD%94%E9%A2%98%E5%8D%A1_00_processed.png?r=0.1164614774125674 HTTP/1.1" 200 OK
INFO:     127.0.0.1:48972 - "GET /answer_sheets/60/1778142125_python%E7%AD%94%E9%A2%98%E5%8D%A1_01_processed.png?r=0.13154163060142576 HTTP/1.1" 200 OK
INFO:     127.0.0.1:48972 - "GET /answer_sheets/60/1778142125_python%E7%AD%94%E9%A2%98%E5%8D%A1_20_processed.png?r=0.18791665683793335 HTTP/1.1" 200 OK
INFO:     127.0.0.1:48972 - "GET /answer_sheets/60/1778142126_python%E7%AD%94%E9%A2%98%E5%8D%A1_21_processed.png?r=0.392045249424934 HTTP/1.1" 200 OK
INFO:     127.0.0.1:48972 - "GET /answer_sheets/60/1778142126_python%E7%AD%94%E9%A2%98%E5%8D%A1_30_processed.png?r=0.815812898611953 HTTP/1.1" 200 OK
INFO:     127.0.0.1:48972 - "GET /answer_sheets/60/1778142127_python%E7%AD%94%E9%A2%98%E5%8D%A1_31_processed.png?r=0.7759434311447301 HTTP/1.1" 200 OK
INFO:     127.0.0.1:51090 - "GET /answer_sheets/60/1778142125_python%E7%AD%94%E9%A2%98%E5%8D%A1_11_processed.png?r=0.002549026511431074 HTTP/1.1" 200 OK
INFO:     127.0.0.1:51084 - "GET /answer_sheets/60/1778142125_python%E7%AD%94%E9%A2%98%E5%8D%A1_10_processed.png?r=0.4376935333681429 HTTP/1.1" 200 OK
INFO:     127.0.0.1:51106 - "GET /answer_sheets/60/1778142127_python%E7%AD%94%E9%A2%98%E5%8D%A1_40_processed.png?r=0.41733755463056676 HTTP/1.1" 200 OK
INFO:     127.0.0.1:51122 - "GET /answer_sheets/60/1778142127_python%E7%AD%94%E9%A2%98%E5%8D%A1_41_processed.png?r=0.8445946340936441 HTTP/1.1" 200 OK
INFO:     127.0.0.1:51132 - "GET /answer_sheets/60/1778142128_python%E7%AD%94%E9%A2%98%E5%8D%A1_50_processed.png?r=0.5030085870708495 HTTP/1.1" 200 OK
INFO:     127.0.0.1:48972 - "GET /answer_sheets/60/1778142128_python%E7%AD%94%E9%A2%98%E5%8D%A1_51_processed.png?r=0.8685774607963761 HTTP/1.1" 200 OK
INFO:     127.0.0.1:51106 - "GET /answer_sheets/60/1778142128_python%E7%AD%94%E9%A2%98%E5%8D%A1_60_processed.png?r=0.517349730905922 HTTP/1.1" 200 OK
INFO:     127.0.0.1:51106 - "GET /answer_sheets/60/1778142128_python%E7%AD%94%E9%A2%98%E5%8D%A1_61_processed.png?r=0.854579779058113 HTTP/1.1" 200 OK
INFO:     127.0.0.1:51084 - "GET /answer_sheets/60/1778142129_python%E7%AD%94%E9%A2%98%E5%8D%A1_71_processed.png?r=0.8335075672918186 HTTP/1.1" 200 OK
INFO:     127.0.0.1:51132 - "GET /answer_sheets/60/1778142129_python%E7%AD%94%E9%A2%98%E5%8D%A1_70_processed.png?r=0.9429438837985724 HTTP/1.1" 200 OK
INFO:     127.0.0.1:51090 - "GET /answer_sheets/60/1778142129_python%E7%AD%94%E9%A2%98%E5%8D%A1_81_processed.png?r=0.6175763954679043 HTTP/1.1" 200 OK
INFO:     127.0.0.1:48972 - "GET /answer_sheets/60/1778142130_python%E7%AD%94%E9%A2%98%E5%8D%A1_90_processed.png?r=0.17253741219482832 HTTP/1.1" 200 OK
INFO:     127.0.0.1:51122 - "GET /answer_sheets/60/1778142129_python%E7%AD%94%E9%A2%98%E5%8D%A1_80_processed.png?r=0.22807389048619664 HTTP/1.1" 200 OK
INFO:     127.0.0.1:51106 - "GET /answer_sheets/60/1778142130_python%E7%AD%94%E9%A2%98%E5%8D%A1_91_processed.png?r=0.5854595936115756 HTTP/1.1" 200 OK
INFO:     127.0.0.1:51122 - "GET /answer_sheets/60/1778142131_python%E7%AD%94%E9%A2%98%E5%8D%A1_100_processed.png?r=0.6785362679502074 HTTP/1.1" 200 OK
INFO:     127.0.0.1:51084 - "GET /answer_sheets/60/1778142131_python%E7%AD%94%E9%A2%98%E5%8D%A1_101_processed.png?r=0.053460816903404984 HTTP/1.1" 200 OK
INFO:     127.0.0.1:51132 - "GET /answer_sheets/60/1778142131_python%E7%AD%94%E9%A2%98%E5%8D%A1_110_processed.png?r=0.3209393960044147 HTTP/1.1" 200 OK
INFO:     127.0.0.1:51090 - "GET /answer_sheets/60/1778142131_python%E7%AD%94%E9%A2%98%E5%8D%A1_111_processed.png?r=0.44663045208293106 HTTP/1.1" 200 OK
INFO:     127.0.0.1:48972 - "GET /answer_sheets/60/1778142132_python%E7%AD%94%E9%A2%98%E5%8D%A1_120_processed.png?r=0.025758626996633893 HTTP/1.1" 200 OK
INFO:     127.0.0.1:51106 - "GET /answer_sheets/60/1778142132_python%E7%AD%94%E9%A2%98%E5%8D%A1_121_processed.png?r=0.7915347474036236 HTTP/1.1" 200 OK
INFO:     127.0.0.1:51090 - "GET /answer_sheets/60/1778142132_python%E7%AD%94%E9%A2%98%E5%8D%A1_130_processed.png?r=0.07128254267948775 HTTP/1.1" 200 OK
INFO:     127.0.0.1:51084 - "GET /answer_sheets/60/1778142133_python%E7%AD%94%E9%A2%98%E5%8D%A1_131_processed.png?r=0.5724949662428391 HTTP/1.1" 200 OK
INFO:     127.0.0.1:51122 - "GET /answer_sheets/60/1778142133_python%E7%AD%94%E9%A2%98%E5%8D%A1_140_processed.png?r=0.06484646383877668 HTTP/1.1" 200 OK
INFO:     127.0.0.1:51132 - "GET /answer_sheets/60/1778142133_python%E7%AD%94%E9%A2%98%E5%8D%A1_141_processed.png?r=0.492753267684658 HTTP/1.1" 200 OK
INFO:     127.0.0.1:48972 - "GET /answer_sheets/60/1778142134_python%E7%AD%94%E9%A2%98%E5%8D%A1_150_processed.png?r=0.9411643172299972 HTTP/1.1" 200 OK
INFO:     127.0.0.1:51106 - "GET /answer_sheets/60/1778142134_python%E7%AD%94%E9%A2%98%E5%8D%A1_151_processed.png?r=0.8901410927255539 HTTP/1.1" 200 OK
INFO:     127.0.0.1:51084 - "GET /answer_sheets/60/1778142134_python%E7%AD%94%E9%A2%98%E5%8D%A1_160_processed.png?r=0.7230825956561457 HTTP/1.1" 200 OK
INFO:     127.0.0.1:51090 - "GET /answer_sheets/60/1778142134_python%E7%AD%94%E9%A2%98%E5%8D%A1_161_processed.png?r=0.5330960502510503 HTTP/1.1" 200 OK
INFO:     127.0.0.1:51132 - "GET /answer_sheets/60/1778142135_python%E7%AD%94%E9%A2%98%E5%8D%A1_170_processed.png?r=0.4020254720850237 HTTP/1.1" 200 OK
INFO:     127.0.0.1:51122 - "GET /answer_sheets/60/1778142135_python%E7%AD%94%E9%A2%98%E5%8D%A1_171_processed.png?r=0.9590749568529225 HTTP/1.1" 200 OK
INFO:     127.0.0.1:51106 - "GET /answer_sheets/60/1778142135_python%E7%AD%94%E9%A2%98%E5%8D%A1_180_processed.png?r=0.7037895654483795 HTTP/1.1" 200 OK
INFO:     127.0.0.1:48972 - "GET /answer_sheets/60/1778142135_python%E7%AD%94%E9%A2%98%E5%8D%A1_181_processed.png?r=0.7797101022767395 HTTP/1.1" 200 OK
INFO:     127.0.0.1:51090 - "GET /answer_sheets/60/1778142136_python%E7%AD%94%E9%A2%98%E5%8D%A1_190_processed.png?r=0.7274770337609112 HTTP/1.1" 200 OK
INFO:     127.0.0.1:51084 - "GET /answer_sheets/60/1778142136_python%E7%AD%94%E9%A2%98%E5%8D%A1_191_processed.png?r=0.03114978519333178 HTTP/1.1" 200 OK
INFO:     127.0.0.1:51122 - "GET /answer_sheets/60/1778142136_python%E7%AD%94%E9%A2%98%E5%8D%A1_200_processed.png?r=0.8689332376977013 HTTP/1.1" 200 OK
INFO:     127.0.0.1:51132 - "GET /answer_sheets/60/1778142136_python%E7%AD%94%E9%A2%98%E5%8D%A1_201_processed.png?r=0.6338489294012395 HTTP/1.1" 200 OK
INFO:     127.0.0.1:51106 - "GET /answer_sheets/60/1778142137_python%E7%AD%94%E9%A2%98%E5%8D%A1_210_processed.png?r=0.9229252373578241 HTTP/1.1" 200 OK
INFO:     127.0.0.1:48972 - "GET /answer_sheets/60/1778142137_python%E7%AD%94%E9%A2%98%E5%8D%A1_211_processed.png?r=0.6802223121594423 HTTP/1.1" 200 OK
INFO:     127.0.0.1:48972 - "GET /answer_sheets/60/1778142139_python%E7%AD%94%E9%A2%98%E5%8D%A1_230_processed.png?r=0.8105436923218156 HTTP/1.1" 200 OK
INFO:     127.0.0.1:51132 - "GET /answer_sheets/60/1778142138_python%E7%AD%94%E9%A2%98%E5%8D%A1_221_processed.png?r=0.31165390024705464 HTTP/1.1" 200 OK
INFO:     127.0.0.1:51084 - "GET /answer_sheets/60/1778142141_python%E7%AD%94%E9%A2%98%E5%8D%A1_240_processed.png?r=0.36457894551368764 HTTP/1.1" 200 OK
INFO:     127.0.0.1:51106 - "GET /answer_sheets/60/1778142138_python%E7%AD%94%E9%A2%98%E5%8D%A1_220_processed.png?r=0.8263071787420451 HTTP/1.1" 200 OK
INFO:     127.0.0.1:51090 - "GET /answer_sheets/60/1778142141_python%E7%AD%94%E9%A2%98%E5%8D%A1_241_processed.png?r=0.919497321843978 HTTP/1.1" 200 OK
INFO:     127.0.0.1:51122 - "GET /answer_sheets/60/1778142139_python%E7%AD%94%E9%A2%98%E5%8D%A1_231_processed.png?r=0.034841832145350526 HTTP/1.1" 200 OK
INFO:     127.0.0.1:51122 - "GET /answer_sheets/60/1778142141_python%E7%AD%94%E9%A2%98%E5%8D%A1_250_processed.png?r=0.22233094574008205 HTTP/1.1" 200 OK
INFO:     127.0.0.1:51132 - "GET /answer_sheets/60/1778142142_python%E7%AD%94%E9%A2%98%E5%8D%A1_251_processed.png?r=0.3739913748409891 HTTP/1.1" 200 OK
INFO:     127.0.0.1:51106 - "GET /answer_sheets/60/1778142143_python%E7%AD%94%E9%A2%98%E5%8D%A1_261_processed.png?r=0.17481177449748497 HTTP/1.1" 200 OK
INFO:     127.0.0.1:51090 - "GET /answer_sheets/60/1778142142_python%E7%AD%94%E9%A2%98%E5%8D%A1_260_processed.png?r=0.9738269050261411 HTTP/1.1" 200 OK
INFO:     127.0.0.1:48972 - "GET /answer_sheets/60/1778142143_python%E7%AD%94%E9%A2%98%E5%8D%A1_270_processed.png?r=0.5934282972181224 HTTP/1.1" 200 OK
INFO:     127.0.0.1:51084 - "GET /answer_sheets/60/1778142144_python%E7%AD%94%E9%A2%98%E5%8D%A1_271_processed.png?r=0.8648185346792324 HTTP/1.1" 200 OK
INFO:     127.0.0.1:51122 - "GET /answer_sheets/60/1778142149_python%E7%AD%94%E9%A2%98%E5%8D%A1_281_processed.png?r=0.3201772427646288 HTTP/1.1" 200 OK
INFO:     127.0.0.1:51084 - "GET /answer_sheets/60/1778142149_python%E7%AD%94%E9%A2%98%E5%8D%A1_290_processed.png?r=0.4586533063348197 HTTP/1.1" 200 OK
INFO:     127.0.0.1:51106 - "GET /answer_sheets/60/1778142148_python%E7%AD%94%E9%A2%98%E5%8D%A1_280_processed.png?r=0.6915328703731419 HTTP/1.1" 200 OK
INFO:     127.0.0.1:48972 - "GET /answer_sheets/60/1778142149_python%E7%AD%94%E9%A2%98%E5%8D%A1_291_processed.png?r=0.5303820317279972 HTTP/1.1" 200 OK
INFO:     127.0.0.1:51132 - "GET /answer_sheets/60/1778142150_python%E7%AD%94%E9%A2%98%E5%8D%A1_301_processed.png?r=0.12549784696198718 HTTP/1.1" 200 OK
INFO:     127.0.0.1:51090 - "GET /answer_sheets/60/1778142150_python%E7%AD%94%E9%A2%98%E5%8D%A1_300_processed.png?r=0.4087223751615955 HTTP/1.1" 200 OK
INFO:     127.0.0.1:51132 - "GET /answer_sheets/60/1778142150_python%E7%AD%94%E9%A2%98%E5%8D%A1_310_processed.png?r=0.42395869407836695 HTTP/1.1" 200 OK
INFO:     127.0.0.1:51084 - "GET /answer_sheets/60/1778142126_python%E7%AD%94%E9%A2%98%E5%8D%A1_30_processed.png?r=0.987235732160652 HTTP/1.1" 200 OK
INFO:     127.0.0.1:51122 - "GET /answer_sheets/60/1778142127_python%E7%AD%94%E9%A2%98%E5%8D%A1_31_processed.png?r=0.24713010538512425 HTTP/1.1" 200 OK
INFO:     127.0.0.1:51132 - "GET /answer_sheets/60/1778142124_python%E7%AD%94%E9%A2%98%E5%8D%A1_00_processed.png?r=0.6454620108276234 HTTP/1.1" 200 OK
INFO:     127.0.0.1:51106 - "GET /answer_sheets/60/1778142126_python%E7%AD%94%E9%A2%98%E5%8D%A1_21_processed.png?r=0.15901828026839981 HTTP/1.1" 200 OK
INFO:     127.0.0.1:51090 - "GET /answer_sheets/60/1778142125_python%E7%AD%94%E9%A2%98%E5%8D%A1_01_processed.png?r=0.5866978632333941 HTTP/1.1" 200 OK
INFO:     127.0.0.1:48972 - "GET /answer_sheets/60/1778142125_python%E7%AD%94%E9%A2%98%E5%8D%A1_20_processed.png?r=0.7285598640267391 HTTP/1.1" 200 OK
INFO:     127.0.0.1:51122 - "GET /answer_sheets/60/1778142125_python%E7%AD%94%E9%A2%98%E5%8D%A1_10_processed.png?r=0.4458282365654055 HTTP/1.1" 200 OK
INFO:     127.0.0.1:51090 - "GET /answer_sheets/60/1778142125_python%E7%AD%94%E9%A2%98%E5%8D%A1_11_processed.png?r=0.45009383204466125 HTTP/1.1" 200 OK
INFO:     127.0.0.1:51106 - "GET /answer_sheets/60/1778142127_python%E7%AD%94%E9%A2%98%E5%8D%A1_40_processed.png?r=0.18737180955930866 HTTP/1.1" 200 OK
INFO:     127.0.0.1:51084 - "GET /answer_sheets/60/1778142127_python%E7%AD%94%E9%A2%98%E5%8D%A1_41_processed.png?r=0.8349649640766322 HTTP/1.1" 200 OK
INFO:     127.0.0.1:51132 - "GET /answer_sheets/60/1778142128_python%E7%AD%94%E9%A2%98%E5%8D%A1_50_processed.png?r=0.9558391939338599 HTTP/1.1" 200 OK
INFO:     127.0.0.1:48972 - "GET /answer_sheets/60/1778142128_python%E7%AD%94%E9%A2%98%E5%8D%A1_51_processed.png?r=0.9072294343748964 HTTP/1.1" 200 OK
INFO:     127.0.0.1:51106 - "GET /answer_sheets/60/1778142128_python%E7%AD%94%E9%A2%98%E5%8D%A1_60_processed.png?r=0.9871956144150942 HTTP/1.1" 200 OK
INFO:     127.0.0.1:51090 - "GET /answer_sheets/60/1778142128_python%E7%AD%94%E9%A2%98%E5%8D%A1_61_processed.png?r=0.9897971251555535 HTTP/1.1" 200 OK
INFO:     127.0.0.1:51084 - "GET /answer_sheets/60/1778142129_python%E7%AD%94%E9%A2%98%E5%8D%A1_70_processed.png?r=0.17566535427281538 HTTP/1.1" 200 OK
INFO:     127.0.0.1:48972 - "GET /answer_sheets/60/1778142129_python%E7%AD%94%E9%A2%98%E5%8D%A1_71_processed.png?r=0.8439335643618023 HTTP/1.1" 200 OK
INFO:     127.0.0.1:51122 - "GET /answer_sheets/60/1778142129_python%E7%AD%94%E9%A2%98%E5%8D%A1_80_processed.png?r=0.27542026546577936 HTTP/1.1" 200 OK
INFO:     127.0.0.1:51132 - "GET /answer_sheets/60/1778142129_python%E7%AD%94%E9%A2%98%E5%8D%A1_81_processed.png?r=0.35899675895356287 HTTP/1.1" 200 OK
INFO:     127.0.0.1:51106 - "GET /answer_sheets/60/1778142130_python%E7%AD%94%E9%A2%98%E5%8D%A1_90_processed.png?r=0.6934561338803019 HTTP/1.1" 200 OK
INFO:     127.0.0.1:51090 - "GET /answer_sheets/60/1778142130_python%E7%AD%94%E9%A2%98%E5%8D%A1_91_processed.png?r=0.8668535317761026 HTTP/1.1" 200 OK
INFO:     127.0.0.1:48972 - "GET /answer_sheets/60/1778142131_python%E7%AD%94%E9%A2%98%E5%8D%A1_100_processed.png?r=0.2681479564737205 HTTP/1.1" 200 OK
INFO:     127.0.0.1:51084 - "GET /answer_sheets/60/1778142131_python%E7%AD%94%E9%A2%98%E5%8D%A1_101_processed.png?r=0.2823158634504598 HTTP/1.1" 200 OK
INFO:     127.0.0.1:51122 - "GET /answer_sheets/60/1778142131_python%E7%AD%94%E9%A2%98%E5%8D%A1_110_processed.png?r=0.7408290747725401 HTTP/1.1" 200 OK
INFO:     127.0.0.1:51132 - "GET /answer_sheets/60/1778142131_python%E7%AD%94%E9%A2%98%E5%8D%A1_111_processed.png?r=0.31033595363498057 HTTP/1.1" 200 OK
INFO:     127.0.0.1:51090 - "GET /answer_sheets/60/1778142132_python%E7%AD%94%E9%A2%98%E5%8D%A1_120_processed.png?r=0.3144790834155159 HTTP/1.1" 200 OK
INFO:     127.0.0.1:51106 - "GET /answer_sheets/60/1778142132_python%E7%AD%94%E9%A2%98%E5%8D%A1_121_processed.png?r=0.9141468820344006 HTTP/1.1" 200 OK
INFO:     127.0.0.1:51132 - "GET /answer_sheets/60/1778142132_python%E7%AD%94%E9%A2%98%E5%8D%A1_130_processed.png?r=0.8281377840261963 HTTP/1.1" 200 OK
INFO:     127.0.0.1:51106 - "GET /answer_sheets/60/1778142133_python%E7%AD%94%E9%A2%98%E5%8D%A1_141_processed.png?r=0.010415956672991222 HTTP/1.1" 200 OK
INFO:     127.0.0.1:51132 - "GET /answer_sheets/60/1778142133_python%E7%AD%94%E9%A2%98%E5%8D%A1_131_processed.png?r=0.8299743670584717 HTTP/1.1" 200 OK
INFO:     127.0.0.1:48972 - "GET /answer_sheets/60/1778142134_python%E7%AD%94%E9%A2%98%E5%8D%A1_160_processed.png?r=0.8222539910984629 HTTP/1.1" 200 OK
INFO:     127.0.0.1:51090 - "GET /answer_sheets/60/1778142133_python%E7%AD%94%E9%A2%98%E5%8D%A1_140_processed.png?r=0.44832911424718425 HTTP/1.1" 200 OK
INFO:     127.0.0.1:51122 - "GET /answer_sheets/60/1778142134_python%E7%AD%94%E9%A2%98%E5%8D%A1_150_processed.png?r=0.8276084381922075 HTTP/1.1" 200 OK
INFO:     127.0.0.1:51084 - "GET /answer_sheets/60/1778142134_python%E7%AD%94%E9%A2%98%E5%8D%A1_151_processed.png?r=0.18057964879876698 HTTP/1.1" 200 OK
INFO:     127.0.0.1:51132 - "GET /answer_sheets/60/1778142134_python%E7%AD%94%E9%A2%98%E5%8D%A1_161_processed.png?r=0.8969636259800554 HTTP/1.1" 200 OK
INFO:     127.0.0.1:51084 - "GET /answer_sheets/60/1778142135_python%E7%AD%94%E9%A2%98%E5%8D%A1_170_processed.png?r=0.7486374138253614 HTTP/1.1" 200 OK
INFO:     127.0.0.1:51122 - "GET /answer_sheets/60/1778142135_python%E7%AD%94%E9%A2%98%E5%8D%A1_180_processed.png?r=0.07161756622499493 HTTP/1.1" 200 OK
INFO:     127.0.0.1:48972 - "GET /answer_sheets/60/1778142135_python%E7%AD%94%E9%A2%98%E5%8D%A1_171_processed.png?r=0.507228296094875 HTTP/1.1" 200 OK
INFO:     127.0.0.1:51106 - "GET /answer_sheets/60/1778142135_python%E7%AD%94%E9%A2%98%E5%8D%A1_181_processed.png?r=0.5993541288975913 HTTP/1.1" 200 OK
INFO:     127.0.0.1:51090 - "GET /answer_sheets/60/1778142136_python%E7%AD%94%E9%A2%98%E5%8D%A1_190_processed.png?r=0.4422416532937764 HTTP/1.1" 200 OK
INFO:     127.0.0.1:51132 - "GET /answer_sheets/60/1778142136_python%E7%AD%94%E9%A2%98%E5%8D%A1_191_processed.png?r=0.5328538483435837 HTTP/1.1" 200 OK
INFO:     127.0.0.1:51106 - "GET /answer_sheets/60/1778142136_python%E7%AD%94%E9%A2%98%E5%8D%A1_200_processed.png?r=0.44241569473523723 HTTP/1.1" 200 OK
INFO:     127.0.0.1:48972 - "GET /answer_sheets/60/1778142136_python%E7%AD%94%E9%A2%98%E5%8D%A1_201_processed.png?r=0.2356556553907777 HTTP/1.1" 200 OK
INFO:     127.0.0.1:51122 - "GET /answer_sheets/60/1778142137_python%E7%AD%94%E9%A2%98%E5%8D%A1_210_processed.png?r=0.5348308986705133 HTTP/1.1" 200 OK
INFO:     127.0.0.1:51090 - "GET /answer_sheets/60/1778142137_python%E7%AD%94%E9%A2%98%E5%8D%A1_211_processed.png?r=0.08345976062464211 HTTP/1.1" 200 OK
INFO:     127.0.0.1:51084 - "GET /answer_sheets/60/1778142138_python%E7%AD%94%E9%A2%98%E5%8D%A1_220_processed.png?r=0.5966339201808029 HTTP/1.1" 200 OK
INFO:     127.0.0.1:51132 - "GET /answer_sheets/60/1778142138_python%E7%AD%94%E9%A2%98%E5%8D%A1_221_processed.png?r=0.04146761133236576 HTTP/1.1" 200 OK
INFO:     127.0.0.1:51106 - "GET /answer_sheets/60/1778142139_python%E7%AD%94%E9%A2%98%E5%8D%A1_230_processed.png?r=0.17421690492270392 HTTP/1.1" 200 OK
INFO:     127.0.0.1:51090 - "GET /answer_sheets/60/1778142141_python%E7%AD%94%E9%A2%98%E5%8D%A1_240_processed.png?r=0.31890384006204886 HTTP/1.1" 200 OK
INFO:     127.0.0.1:48972 - "GET /answer_sheets/60/1778142139_python%E7%AD%94%E9%A2%98%E5%8D%A1_231_processed.png?r=0.25951255878911417 HTTP/1.1" 200 OK
INFO:     127.0.0.1:51084 - "GET /answer_sheets/60/1778142141_python%E7%AD%94%E9%A2%98%E5%8D%A1_241_processed.png?r=0.7467538940126591 HTTP/1.1" 200 OK
INFO:     127.0.0.1:51122 - "GET /answer_sheets/60/1778142141_python%E7%AD%94%E9%A2%98%E5%8D%A1_250_processed.png?r=0.6202374458076306 HTTP/1.1" 200 OK
INFO:     127.0.0.1:48972 - "GET /answer_sheets/60/1778142142_python%E7%AD%94%E9%A2%98%E5%8D%A1_251_processed.png?r=0.3169269917508435 HTTP/1.1" 200 OK
INFO:     127.0.0.1:51132 - "GET /answer_sheets/60/1778142142_python%E7%AD%94%E9%A2%98%E5%8D%A1_260_processed.png?r=0.40748414665934696 HTTP/1.1" 200 OK
INFO:     127.0.0.1:51106 - "GET /answer_sheets/60/1778142143_python%E7%AD%94%E9%A2%98%E5%8D%A1_261_processed.png?r=0.020258002913419726 HTTP/1.1" 200 OK
INFO:     127.0.0.1:51090 - "GET /answer_sheets/60/1778142143_python%E7%AD%94%E9%A2%98%E5%8D%A1_270_processed.png?r=0.5152393761531417 HTTP/1.1" 200 OK
INFO:     127.0.0.1:51084 - "GET /answer_sheets/60/1778142144_python%E7%AD%94%E9%A2%98%E5%8D%A1_271_processed.png?r=0.559041746147235 HTTP/1.1" 200 OK
INFO:     127.0.0.1:51122 - "GET /answer_sheets/60/1778142148_python%E7%AD%94%E9%A2%98%E5%8D%A1_280_processed.png?r=0.8865183779194505 HTTP/1.1" 200 OK
INFO:     127.0.0.1:48972 - "GET /answer_sheets/60/1778142149_python%E7%AD%94%E9%A2%98%E5%8D%A1_281_processed.png?r=0.8231260176452962 HTTP/1.1" 200 OK
INFO:     127.0.0.1:51084 - "GET /answer_sheets/60/1778142149_python%E7%AD%94%E9%A2%98%E5%8D%A1_290_processed.png?r=0.6288681874139797 HTTP/1.1" 200 OK
INFO:     127.0.0.1:51132 - "GET /answer_sheets/60/1778142149_python%E7%AD%94%E9%A2%98%E5%8D%A1_291_processed.png?r=0.9589726732697229 HTTP/1.1" 200 OK
INFO:     127.0.0.1:51106 - "GET /answer_sheets/60/1778142150_python%E7%AD%94%E9%A2%98%E5%8D%A1_300_processed.png?r=0.03996006645449823 HTTP/1.1" 200 OK
INFO:     127.0.0.1:51090 - "GET /answer_sheets/60/1778142150_python%E7%AD%94%E9%A2%98%E5%8D%A1_301_processed.png?r=0.3954393041788211 HTTP/1.1" 200 OK
INFO:     127.0.0.1:51122 - "GET /answer_sheets/60/1778142150_python%E7%AD%94%E9%A2%98%E5%8D%A1_310_processed.png?r=0.030807530307556008 HTTP/1.1" 200 OK
INFO:     127.0.0.1:48972 - "GET /answer_sheets/60/1778142150_python%E7%AD%94%E9%A2%98%E5%8D%A1_311_processed.png?r=0.10004300947847111 HTTP/1.1" 200 OK
INFO:     127.0.0.1:51084 - "GET /answer_sheets/60/1778142151_python%E7%AD%94%E9%A2%98%E5%8D%A1_320_processed.png?r=0.24803587292665052 HTTP/1.1" 200 OK
INFO:     127.0.0.1:51132 - "GET /answer_sheets/60/1778142151_python%E7%AD%94%E9%A2%98%E5%8D%A1_321_processed.png?r=0.40796330685594184 HTTP/1.1" 200 OK
INFO:     127.0.0.1:51106 - "GET /answer_sheets/60/1778142151_python%E7%AD%94%E9%A2%98%E5%8D%A1_330_processed.png?r=0.6081381352901457 HTTP/1.1" 200 OK
INFO:     127.0.0.1:51090 - "GET /answer_sheets/60/1778142151_python%E7%AD%94%E9%A2%98%E5%8D%A1_331_processed.png?r=0.25425576507478553 HTTP/1.1" 200 OK
INFO:     127.0.0.1:51122 - "GET /answer_sheets/60/1778142151_python%E7%AD%94%E9%A2%98%E5%8D%A1_340_processed.png?r=0.0800955970614512 HTTP/1.1" 200 OK
INFO:     127.0.0.1:48972 - "GET /answer_sheets/60/1778142152_python%E7%AD%94%E9%A2%98%E5%8D%A1_341_processed.png?r=0.005545458750951027 HTTP/1.1" 200 OK
INFO:     127.0.0.1:51084 - "GET /answer_sheets/60/1778142152_python%E7%AD%94%E9%A2%98%E5%8D%A1_350_processed.png?r=0.9250117539718413 HTTP/1.1" 200 OK
INFO:     127.0.0.1:51132 - "GET /answer_sheets/60/1778142152_python%E7%AD%94%E9%A2%98%E5%8D%A1_351_processed.png?r=0.9186090229918399 HTTP/1.1" 200 OK
INFO:     127.0.0.1:51106 - "GET /answer_sheets/60/1778142153_python%E7%AD%94%E9%A2%98%E5%8D%A1_360_processed.png?r=0.6193809957696861 HTTP/1.1" 200 OK
INFO:     127.0.0.1:51084 - "GET /answer_sheets/60/1778142154_python%E7%AD%94%E9%A2%98%E5%8D%A1_361_processed.png?r=0.41729297829749956 HTTP/1.1" 200 OK
INFO:     127.0.0.1:51132 - "GET /answer_sheets/60/1778142155_python%E7%AD%94%E9%A2%98%E5%8D%A1_380_processed.png?r=0.6866140150758274 HTTP/1.1" 200 OK
INFO:     127.0.0.1:51122 - "GET /answer_sheets/60/1778142154_python%E7%AD%94%E9%A2%98%E5%8D%A1_370_processed.png?r=0.8344727802831692 HTTP/1.1" 200 OK
INFO:     127.0.0.1:48972 - "GET /answer_sheets/60/1778142155_python%E7%AD%94%E9%A2%98%E5%8D%A1_371_processed.png?r=0.09267765799231786 HTTP/1.1" 200 OK
INFO:     127.0.0.1:51090 - "GET /answer_sheets/60/1778142156_python%E7%AD%94%E9%A2%98%E5%8D%A1_381_processed.png?r=0.24449816040757488 HTTP/1.1" 200 OK
INFO:     Shutting down
INFO:     Waiting for application shutdown.
INFO:     Application shutdown complete.
INFO:     Finished server process [25711]
